sender,subject,date,inferred research area,closest area from profile.md,classification,short reason,useful to me
Academia Mentions premium@academia-mail.com,Paniz Hosseini cited your paper,2026-08-10T03:52:46+00:00,Generic AI/ML/computing,Misrepresenting/too broad — generic or off-profile label,Possible namesake,"The alert relies on H. Lee/name matching or an off-profile field and does not identify a verified paper, author list, venue, or DOI.",No
Academia Mentions premium@academia-mail.com,Paniz Hosseini cited your paper,2026-08-08T02:41:44+00:00,Generic AI/ML/computing,Misrepresenting/too broad — generic or off-profile label,Possible namesake,"The alert relies on H. Lee/name matching or an off-profile field and does not identify a verified paper, author list, venue, or DOI.",No
Academia Mentions premium@academia-mail.com,Are you the “Hunmin Lee” mentioned in Computer Science papers?,2026-08-07T02:07:18+00:00,Generic AI/ML/computing,Misrepresenting/too broad — generic or off-profile label,Weak keyword matching,"The alert uses only the name plus a broad topic such as computer science, engineering, AI, or gesture recognition, with no verified paper identity.",No
Routledge Books routledgebooks@email.routledge.com,This Month's Bestsellers are waiting for you! 📖,2026-08-05T10:03:54-06:00,General education or professional development,Misrepresenting/too broad — generic or off-profile label,Generic academic promotion,Recurring book-sale/bestseller campaign with no verified connection to the current research profile.,No
Academia Mentions premium@academia-mail.com,"Your paper ""Real-time Interface Control with Motion..."" was cited",2026-08-05T00:50:34+00:00,Capacitive/electric-field sensing and hand-motion interfaces,Historical — Capacitive/electric-field sensing,Secondary or historical match,"Exact-title or topic alert matches genuine older capacitive/hand-motion work or a secondary application, but not the present core identity.",Yes
Academia Mentions premium@academia-mail.com,"Your paper ""Real-time Interface Control with Motion..."" was cited",2026-08-02T23:36:44+00:00,Capacitive/electric-field sensing and hand-motion interfaces,Historical — Capacitive/electric-field sensing,Secondary or historical match,"Exact-title or topic alert matches genuine older capacitive/hand-motion work or a secondary application, but not the present core identity.",No
Academia Mentions premium@academia-mail.com,Are you the “Hunmin Lee” mentioned in Engineering papers?,2026-08-01T22:59:01+00:00,Generic AI/ML/computing,Misrepresenting/too broad — generic or off-profile label,Weak keyword matching,"The alert uses only the name plus a broad topic such as computer science, engineering, AI, or gesture recognition, with no verified paper identity.",No
Academia Mentions premium@academia-mail.com,Are you the “Hunmin Lee” mentioned in Capacitive Sensing papers?,2026-07-30T21:33:11+00:00,Capacitive/electric-field sensing and hand-motion interfaces,Historical — Capacitive/electric-field sensing,Secondary or historical match,"Exact-title or topic alert matches genuine older capacitive/hand-motion work or a secondary application, but not the present core identity.",No
Academia Mentions premium@academia-mail.com,Are you the “Hunmin Lee” mentioned in Gesture papers?,2026-07-27T19:37:31+00:00,Gesture recognition (unspecified modality),Core — Generalizable EMG/biosignal decoding,Weak keyword matching,"The alert uses only the name plus a broad topic such as computer science, engineering, AI, or gesture recognition, with no verified paper identity.",No
Routledge Books routledgebooks@email.routledge.com,LAST CALL: The Mid-Year Sale is Coming to an End!,2026-07-27T08:04:06-06:00,General education or professional development,Misrepresenting/too broad — generic or off-profile label,Generic academic promotion,Recurring book-sale/bestseller campaign with no verified connection to the current research profile.,No
Academia Mentions premium@academia-mail.com,"Your paper ""Real-time Interface Control with Motion..."" was cited",2026-07-25T04:39:03+00:00,Capacitive/electric-field sensing and hand-motion interfaces,Historical — Capacitive/electric-field sensing,Secondary or historical match,"Exact-title or topic alert matches genuine older capacitive/hand-motion work or a secondary application, but not the present core identity.",No
Academia Mentions premium@academia-mail.com,Are you the “Hunmin Lee” mentioned in Gesture Recognition papers?,2026-07-22T02:37:39+00:00,Gesture recognition (unspecified modality),Core — Generalizable EMG/biosignal decoding,Weak keyword matching,"The alert uses only the name plus a broad topic such as computer science, engineering, AI, or gesture recognition, with no verified paper identity.",No
"""Taylor & Francis"" taylorandfrancis@email.taylorandfrancis.com","""The value of participatory co-design: a case study of upcycling in rural Thailand"" is ready to read",2026-07-21T17:52:29-06:00,General education or professional development,Misrepresenting/too broad — generic or off-profile label,Generic academic promotion,"Publisher recommendation, survey, or sales campaign; topical overlap is not evidence of research identity.",No
Routledge Books routledgebooks@email.routledge.com,Mid-Year Sale: 20% off Paperback and Hardback and 25% off eBooks!,2026-07-21T11:01:22-06:00,Generic academic/research,Misrepresenting/too broad — generic or off-profile label,Generic academic promotion,Recurring book-sale/bestseller campaign with no verified connection to the current research profile.,No
Academia Mentions premium@academia-mail.com,"Your paper ""Real-time Interface Control with Motion..."" was cited",2026-07-20T01:16:45+00:00,Capacitive/electric-field sensing and hand-motion interfaces,Historical — Capacitive/electric-field sensing,Secondary or historical match,"Exact-title or topic alert matches genuine older capacitive/hand-motion work or a secondary application, but not the present core identity.",No
Academia Mentions premium@academia-mail.com,"Your paper ""Robust Convergence in Federated Learning..."" was cited",2026-07-17T23:59:42+00:00,"Federated, personalized, prototype, and adaptive learning","Core — Adaptation, personalization, and federated/prototype learning",Current research match,"Exact-title or exact-method alert matches the current federated/adaptive learning profile; the platform alert is a discovery cue, not citation proof.",Yes
Academia Mentions premium@academia-mail.com,"Your paper ""A BPRCNN Based Hand Motion..."" was cited",2026-07-16T23:19:06+00:00,Capacitive/electric-field sensing and hand-motion interfaces,Historical — Capacitive/electric-field sensing,Secondary or historical match,"Exact-title or topic alert matches genuine older capacitive/hand-motion work or a secondary application, but not the present core identity.",Yes
Routledge Books routledgebooks@email.routledge.com,The Mid-Year Sale continues!,2026-07-13T22:01:49-06:00,General education or professional development,Misrepresenting/too broad — generic or off-profile label,Generic academic promotion,Recurring book-sale/bestseller campaign with no verified connection to the current research profile.,No
Academia Mentions premium@academia-mail.com,"Your paper ""Real-time Interface Control with Motion..."" was cited",2026-07-12T05:24:56+00:00,Capacitive/electric-field sensing and hand-motion interfaces,Historical — Capacitive/electric-field sensing,Secondary or historical match,"Exact-title or topic alert matches genuine older capacitive/hand-motion work or a secondary application, but not the present core identity.",No
Academia Mentions premium@academia-mail.com,"Your paper ""Real-time Interface Control with Motion..."" was cited",2026-07-11T04:45:37+00:00,Capacitive/electric-field sensing and hand-motion interfaces,Historical — Capacitive/electric-field sensing,Secondary or historical match,"Exact-title or topic alert matches genuine older capacitive/hand-motion work or a secondary application, but not the present core identity.",No
Academia Mentions premium@academia-mail.com,"Your paper ""Real-time Interface Control with Motion..."" was cited by Paniz Hosseini",2026-07-08T12:02:43+00:00,Capacitive/electric-field sensing and hand-motion interfaces,Historical — Capacitive/electric-field sensing,Secondary or historical match,"Exact-title or topic alert matches genuine older capacitive/hand-motion work or a secondary application, but not the present core identity.",No
Routledge Books routledgebooks@email.routledge.com,The Biggest Sale of the Season is Here!,2026-07-06T09:02:46-06:00,General education or professional development,Misrepresenting/too broad — generic or off-profile label,Generic academic promotion,Recurring book-sale/bestseller campaign with no verified connection to the current research profile.,No
Academia Mentions premium@academia-mail.com,"Your paper ""Real-time Interface Control with Motion..."" was cited by Paniz Hosseini",2026-07-06T05:24:35+00:00,Capacitive/electric-field sensing and hand-motion interfaces,Historical — Capacitive/electric-field sensing,Secondary or historical match,"Exact-title or topic alert matches genuine older capacitive/hand-motion work or a secondary application, but not the present core identity.",No
Academia Mentions premium@academia-mail.com,"Your paper ""Real-time Interface Control with Motion..."" was cited by Paniz Hosseini",2026-07-05T04:49:48+00:00,Capacitive/electric-field sensing and hand-motion interfaces,Historical — Capacitive/electric-field sensing,Secondary or historical match,"Exact-title or topic alert matches genuine older capacitive/hand-motion work or a secondary application, but not the present core identity.",No
Academia Mentions premium@academia-mail.com,"Your paper ""Real-time Interface Control with Motion..."" was cited by Paniz Hosseini",2026-07-03T03:45:35+00:00,Capacitive/electric-field sensing and hand-motion interfaces,Historical — Capacitive/electric-field sensing,Secondary or historical match,"Exact-title or topic alert matches genuine older capacitive/hand-motion work or a secondary application, but not the present core identity.",No
"""Academia.edu"" premium@academia-mail.com","H. Lee and ""Real-time Interface Control with Motion Gesture Recognition based on Non-contact Capacitive Sensing"" are mentioned in a paper uploaded to Academia",2026-07-01T06:20:19+00:00,Capacitive/electric-field sensing and hand-motion interfaces,Historical — Capacitive/electric-field sensing,Secondary or historical match,"Exact-title or topic alert matches genuine older capacitive/hand-motion work or a secondary application, but not the present core identity.",No
Academia Mentions premium@academia-mail.com,"Your paper ""Real-time Interface Control with Motion..."" was cited by Hunmin Lee",2026-07-01T02:10:43+00:00,Capacitive/electric-field sensing and hand-motion interfaces,Historical — Capacitive/electric-field sensing,Secondary or historical match,"Exact-title or topic alert matches genuine older capacitive/hand-motion work or a secondary application, but not the present core identity.",No
Routledge Books routledgebooks@email.routledge.com,You don't want to miss these bestsellers!,2026-06-30T10:04:21-06:00,General education or professional development,Misrepresenting/too broad — generic or off-profile label,Generic academic promotion,Recurring book-sale/bestseller campaign with no verified connection to the current research profile.,No
Academia Mentions premium@academia-mail.com,Are you the “Hunmin Lee” mentioned in Capacitive Sensing papers?,2026-06-30T01:26:21+00:00,Capacitive/electric-field sensing and hand-motion interfaces,Historical — Capacitive/electric-field sensing,Secondary or historical match,"Exact-title or topic alert matches genuine older capacitive/hand-motion work or a secondary application, but not the present core identity.",No
Academia Mentions premium@academia-mail.com,Are you the “Hunmin Lee” mentioned in Computer Science papers?,2026-06-28T00:14:19+00:00,Generic AI/ML/computing,Misrepresenting/too broad — generic or off-profile label,Weak keyword matching,"The alert uses only the name plus a broad topic such as computer science, engineering, AI, or gesture recognition, with no verified paper identity.",No
"""Academia.edu"" premium@academia-mail.com","The name ""Hunmin Lee"" is mentioned in a Computer Science paper uploaded to Academia",2026-06-27T08:17:55+00:00,Generic AI/ML/computing,Misrepresenting/too broad — generic or off-profile label,Weak keyword matching,"The alert uses only the name plus a broad topic such as computer science, engineering, AI, or gesture recognition, with no verified paper identity.",No
Academia Mentions premium@academia-mail.com,"Your paper ""Real-time Interface Control with Motion..."" was cited",2026-06-25T22:59:33+00:00,Capacitive/electric-field sensing and hand-motion interfaces,Historical — Capacitive/electric-field sensing,Secondary or historical match,"Exact-title or topic alert matches genuine older capacitive/hand-motion work or a secondary application, but not the present core identity.",No
Academia Mentions premium@academia-mail.com,"Your paper ""Real-time Interface Control with Motion..."" was cited",2026-06-24T22:20:10+00:00,Capacitive/electric-field sensing and hand-motion interfaces,Historical — Capacitive/electric-field sensing,Secondary or historical match,"Exact-title or topic alert matches genuine older capacitive/hand-motion work or a secondary application, but not the present core identity.",No
"""Academia.edu"" premium@academia-mail.com","A paper published by a member of the Energy Technologies Area department at Lawrence Berkeley National Laboratory mentions the name ""Hunmin Lee""",2026-06-23T05:00:22+00:00,Generic academic/research,Misrepresenting/too broad — generic or off-profile label,Possible namesake,"The alert relies on H. Lee/name matching or an off-profile field and does not identify a verified paper, author list, venue, or DOI.",No
Academia Mentions premium@academia-mail.com,Are you the “Hunmin Lee” mentioned in Engineering papers?,2026-06-22T21:02:47+00:00,Generic AI/ML/computing,Misrepresenting/too broad — generic or off-profile label,Weak keyword matching,"The alert uses only the name plus a broad topic such as computer science, engineering, AI, or gesture recognition, with no verified paper identity.",No
Routledge Books routledgebooks@email.routledge.com,Save 20% on Teaching & Education 🍎,2026-06-22T10:05:58-06:00,General education or professional development,Misrepresenting/too broad — generic or off-profile label,Generic academic promotion,Recurring book-sale/bestseller campaign with no verified connection to the current research profile.,No
Academia Mentions premium@academia-mail.com,Are you the “Hunmin Lee” mentioned in Gesture Recognition papers?,2026-06-21T20:29:33+00:00,Gesture recognition (unspecified modality),Core — Generalizable EMG/biosignal decoding,Weak keyword matching,"The alert uses only the name plus a broad topic such as computer science, engineering, AI, or gesture recognition, with no verified paper identity.",No
Academia Mentions premium@academia-mail.com,"Your paper ""Real-time Interface Control with Motion..."" was cited",2026-06-19T19:18:40+00:00,Capacitive/electric-field sensing and hand-motion interfaces,Historical — Capacitive/electric-field sensing,Secondary or historical match,"Exact-title or topic alert matches genuine older capacitive/hand-motion work or a secondary application, but not the present core identity.",No
"""Academia.edu"" premium@academia-mail.com","The name ""Hunmin Lee"" is mentioned in an Engineering paper uploaded to Academia",2026-06-19T09:33:02+00:00,Generic AI/ML/computing,Misrepresenting/too broad — generic or off-profile label,Weak keyword matching,"The alert uses only the name plus a broad topic such as computer science, engineering, AI, or gesture recognition, with no verified paper identity.",No
Academia Mentions premium@academia-mail.com,"Your paper ""Robust Convergence in Federated Learning..."" was cited",2026-06-17T16:07:25+00:00,"Federated, personalized, prototype, and adaptive learning","Core — Adaptation, personalization, and federated/prototype learning",Current research match,"Exact-title or exact-method alert matches the current federated/adaptive learning profile; the platform alert is a discovery cue, not citation proof.",No
"""Academia.edu"" premium@academia-mail.com","Hunmin Lee and ""A BPRCNN Based Hand Motion Classifier Using Electric Field Sensors"" are mentioned in a paper uploaded to Academia",2026-06-15T09:12:45+00:00,Capacitive/electric-field sensing and hand-motion interfaces,Historical — Capacitive/electric-field sensing,Secondary or historical match,"Exact-title or topic alert matches genuine older capacitive/hand-motion work or a secondary application, but not the present core identity.",No
Academia Mentions premium@academia-mail.com,Are you the “Hunmin Lee” mentioned in Gesture papers?,2026-06-14T14:09:32+00:00,Gesture recognition (unspecified modality),Core — Generalizable EMG/biosignal decoding,Weak keyword matching,"The alert uses only the name plus a broad topic such as computer science, engineering, AI, or gesture recognition, with no verified paper identity.",No
Academia Mentions premium@academia-mail.com,"Your paper ""Robust Convergence in Federated Learning..."" was cited",2026-06-12T12:59:19+00:00,"Federated, personalized, prototype, and adaptive learning","Core — Adaptation, personalization, and federated/prototype learning",Current research match,"Exact-title or exact-method alert matches the current federated/adaptive learning profile; the platform alert is a discovery cue, not citation proof.",No
Academia Mentions premium@academia-mail.com,"Your paper ""A BPRCNN Based Hand Motion..."" was cited",2026-06-11T12:19:37+00:00,Capacitive/electric-field sensing and hand-motion interfaces,Historical — Capacitive/electric-field sensing,Secondary or historical match,"Exact-title or topic alert matches genuine older capacitive/hand-motion work or a secondary application, but not the present core identity.",No
"""Academia.edu"" premium@academia-mail.com","“Lee, Hunmin”: The name ""Lee, Hunmin"" is mentioned in 4 papers uploaded to Academia, including one in a paper by someone in Indianapolis, United States",2026-06-10T10:14:59+00:00,Generic academic/research,Misrepresenting/too broad — generic or off-profile label,Generic academic promotion,"Platform upsell, readership/profile metric, search-view notice, or other campaign that does not establish research relevance.",No
Academia Mentions premium@academia-mail.com,"Your paper ""Real-time Interface Control with Motion..."" was cited",2026-06-09T10:59:19+00:00,Capacitive/electric-field sensing and hand-motion interfaces,Historical — Capacitive/electric-field sensing,Secondary or historical match,"Exact-title or topic alert matches genuine older capacitive/hand-motion work or a secondary application, but not the present core identity.",No
Routledge Books routledgebooks@email.routledge.com,Power up your bookshelf: 25% Off!,2026-06-08T10:16:09-06:00,General education or professional development,Misrepresenting/too broad — generic or off-profile label,Generic academic promotion,Recurring book-sale/bestseller campaign with no verified connection to the current research profile.,No
Academia Mentions premium@academia-mail.com,"Your paper ""Real-time Interface Control with Motion..."" was cited",2026-06-07T09:52:57+00:00,Capacitive/electric-field sensing and hand-motion interfaces,Historical — Capacitive/electric-field sensing,Secondary or historical match,"Exact-title or topic alert matches genuine older capacitive/hand-motion work or a secondary application, but not the present core identity.",No
"""Academia.edu"" premium@academia-mail.com",People in 2 countries have visited your profile,2026-06-06T10:16:50+00:00,Generic academic/research,Misrepresenting/too broad — generic or off-profile label,Generic academic promotion,"Platform upsell, readership/profile metric, search-view notice, or other campaign that does not establish research relevance.",No
Academia Mentions premium@academia-mail.com,"Your paper ""Real-time Interface Control with Motion..."" was cited",2026-06-06T09:16:32+00:00,Capacitive/electric-field sensing and hand-motion interfaces,Historical — Capacitive/electric-field sensing,Secondary or historical match,"Exact-title or topic alert matches genuine older capacitive/hand-motion work or a secondary application, but not the present core identity.",No
Academia Mentions premium@academia-mail.com,"Your paper ""Real-time Interface Control with Motion..."" was cited",2026-06-04T07:55:58+00:00,Capacitive/electric-field sensing and hand-motion interfaces,Historical — Capacitive/electric-field sensing,Secondary or historical match,"Exact-title or topic alert matches genuine older capacitive/hand-motion work or a secondary application, but not the present core identity.",No
"""Taylor & Francis"" taylorandfrancis@email.taylorandfrancis.com","""Proteus Effect and Health Profiles: Associations Between Physical Inactivity and Avatar Behaviours"" is ready to read",2026-06-02T19:21:34-06:00,Biomedical analytics,Secondary — Graph/interpretable biomedical ML,Generic academic promotion,"Publisher recommendation, survey, or sales campaign; topical overlap is not evidence of research identity.",No
"""Academia.edu"" premium@academia-mail.com","A paper published by a member of the Mechanical Engineering department at University of Tehran mentions the name ""H. Lee""",2026-06-02T08:54:34+00:00,Generic AI/ML/computing,Misrepresenting/too broad — generic or off-profile label,Possible namesake,"The alert relies on H. Lee/name matching or an off-profile field and does not identify a verified paper, author list, venue, or DOI.",No
Academia Mentions premium@academia-mail.com,"Your paper ""Real-time Interface Control with Motion..."" was cited",2026-06-02T06:30:56+00:00,Capacitive/electric-field sensing and hand-motion interfaces,Historical — Capacitive/electric-field sensing,Secondary or historical match,"Exact-title or topic alert matches genuine older capacitive/hand-motion work or a secondary application, but not the present core identity.",No
Academia Mentions premium@academia-mail.com,"Your paper ""Real-time Interface Control with Motion..."" was cited",2026-06-01T05:55:25+00:00,Capacitive/electric-field sensing and hand-motion interfaces,Historical — Capacitive/electric-field sensing,Secondary or historical match,"Exact-title or topic alert matches genuine older capacitive/hand-motion work or a secondary application, but not the present core identity.",No
Academia Mentions premium@academia-mail.com,"Your paper ""Real-time Interface Control with Motion..."" was cited",2026-05-30T04:44:24+00:00,Capacitive/electric-field sensing and hand-motion interfaces,Historical — Capacitive/electric-field sensing,Secondary or historical match,"Exact-title or topic alert matches genuine older capacitive/hand-motion work or a secondary application, but not the present core identity.",No
"""Academia.edu"" premium@academia-mail.com",People in 5 countries have read your papers,2026-05-29T08:08:51+00:00,Generic academic/research,Misrepresenting/too broad — generic or off-profile label,Generic academic promotion,"Platform upsell, readership/profile metric, search-view notice, or other campaign that does not establish research relevance.",No
Academia Mentions premium@academia-mail.com,"Your paper ""Real-time Interface Control with Motion..."" was cited",2026-05-28T03:27:16+00:00,Capacitive/electric-field sensing and hand-motion interfaces,Historical — Capacitive/electric-field sensing,Secondary or historical match,"Exact-title or topic alert matches genuine older capacitive/hand-motion work or a secondary application, but not the present core identity.",No
Academia Mentions premium@academia-mail.com,Are you the “Hunmin Lee” mentioned in Capacitive Sensing papers?,2026-05-27T02:53:47+00:00,Capacitive/electric-field sensing and hand-motion interfaces,Historical — Capacitive/electric-field sensing,Secondary or historical match,"Exact-title or topic alert matches genuine older capacitive/hand-motion work or a secondary application, but not the present core identity.",No
Routledge Books routledgebooks@email.routledge.com,Limited time only: 20% off all books!,2026-05-26T07:04:25-06:00,General education or professional development,Misrepresenting/too broad — generic or off-profile label,Generic academic promotion,Recurring book-sale/bestseller campaign with no verified connection to the current research profile.,No
"""Academia.edu"" premium@academia-mail.com",“H. Lee” is mentioned in this PDF recently read by 5 people,2026-05-25T04:11:30+00:00,Generic academic/research,Misrepresenting/too broad — generic or off-profile label,Possible namesake,"The alert relies on H. Lee/name matching or an off-profile field and does not identify a verified paper, author list, venue, or DOI.",No
Academia Mentions premium@academia-mail.com,Are you the “Hunmin Lee” mentioned in Computer Science papers?,2026-05-25T01:31:16+00:00,Generic AI/ML/computing,Misrepresenting/too broad — generic or off-profile label,Weak keyword matching,"The alert uses only the name plus a broad topic such as computer science, engineering, AI, or gesture recognition, with no verified paper identity.",No
Academia Mentions premium@academia-mail.com,"Your paper ""Real-time Interface Control with Motion..."" was cited",2026-05-23T00:14:12+00:00,Capacitive/electric-field sensing and hand-motion interfaces,Historical — Capacitive/electric-field sensing,Secondary or historical match,"Exact-title or topic alert matches genuine older capacitive/hand-motion work or a secondary application, but not the present core identity.",No
Academia Mentions premium@academia-mail.com,Are you the “Hunmin Lee” mentioned in Gesture papers?,2026-05-21T23:40:12+00:00,Gesture recognition (unspecified modality),Core — Generalizable EMG/biosignal decoding,Weak keyword matching,"The alert uses only the name plus a broad topic such as computer science, engineering, AI, or gesture recognition, with no verified paper identity.",No
"""Academia.edu"" premium@academia-mail.com","H. Lee and ""Real-time Interface Control with Motion Gesture Recognition based on Non-contact Capacitive Sensing"" are mentioned in a paper uploaded to Academia",2026-05-21T06:03:09+00:00,Capacitive/electric-field sensing and hand-motion interfaces,Historical — Capacitive/electric-field sensing,Secondary or historical match,"Exact-title or topic alert matches genuine older capacitive/hand-motion work or a secondary application, but not the present core identity.",No
Academia Mentions premium@academia-mail.com,"Your paper ""Real-time Interface Control with Motion..."" was cited",2026-05-19T22:44:00+00:00,Capacitive/electric-field sensing and hand-motion interfaces,Historical — Capacitive/electric-field sensing,Secondary or historical match,"Exact-title or topic alert matches genuine older capacitive/hand-motion work or a secondary application, but not the present core identity.",No
Routledge Books routledgebooks@email.routledge.com,LAST CALL: 25% Off eBooks!,2026-05-18T08:11:18-06:00,General education or professional development,Misrepresenting/too broad — generic or off-profile label,Generic academic promotion,Recurring book-sale/bestseller campaign with no verified connection to the current research profile.,No
Academia Mentions premium@academia-mail.com,"Your paper ""Real-time Interface Control with Motion..."" was cited",2026-05-17T21:02:47+00:00,Capacitive/electric-field sensing and hand-motion interfaces,Historical — Capacitive/electric-field sensing,Secondary or historical match,"Exact-title or topic alert matches genuine older capacitive/hand-motion work or a secondary application, but not the present core identity.",No
"""Academia.edu"" premium@academia-mail.com",2 people have visited your profile,2026-05-17T08:31:53+00:00,Generic academic/research,Misrepresenting/too broad — generic or off-profile label,Generic academic promotion,"Platform upsell, readership/profile metric, search-view notice, or other campaign that does not establish research relevance.",No
Academia Mentions premium@academia-mail.com,Are you the “Hunmin Lee” mentioned in Engineering papers?,2026-05-16T20:09:18+00:00,Generic AI/ML/computing,Misrepresenting/too broad — generic or off-profile label,Weak keyword matching,"The alert uses only the name plus a broad topic such as computer science, engineering, AI, or gesture recognition, with no verified paper identity.",No
Routledge Books routledgebooks@email.routledge.com,Enjoy this weekend treat!,2026-05-15T10:08:48-06:00,General education or professional development,Misrepresenting/too broad — generic or off-profile label,Generic academic promotion,Recurring book-sale/bestseller campaign with no verified connection to the current research profile.,No
"""Academia.edu"" premium@academia-mail.com",Last reminder: try out Academia Premium for 30 days for just $1,2026-05-15T06:03:41+00:00,Generic academic/research,Misrepresenting/too broad — generic or off-profile label,Generic academic promotion,"Platform upsell, readership/profile metric, search-view notice, or other campaign that does not establish research relevance.",No
Academia Mentions premium@academia-mail.com,"Your paper ""Robust Convergence in Federated Learning..."" was cited",2026-05-15T01:07:23+00:00,"Federated, personalized, prototype, and adaptive learning","Core — Adaptation, personalization, and federated/prototype learning",Current research match,"Exact-title or exact-method alert matches the current federated/adaptive learning profile; the platform alert is a discovery cue, not citation proof.",No
"""Academia.edu"" premium@academia-mail.com","A paper published by a member of the Energy Technologies Area department at Lawrence Berkeley National Laboratory mentions the name ""Hunmin Lee""",2026-05-13T08:35:35+00:00,Generic academic/research,Misrepresenting/too broad — generic or off-profile label,Possible namesake,"The alert relies on H. Lee/name matching or an off-profile field and does not identify a verified paper, author list, venue, or DOI.",No
Academia Mentions premium@academia-mail.com,"Your paper ""Real-time Interface Control with Motion..."" was cited",2026-05-12T17:33:35+00:00,Capacitive/electric-field sensing and hand-motion interfaces,Historical — Capacitive/electric-field sensing,Secondary or historical match,"Exact-title or topic alert matches genuine older capacitive/hand-motion work or a secondary application, but not the present core identity.",No
Routledge Books routledgebooks@email.routledge.com,Unmissable reads: 25% Off eBooks!,2026-05-12T08:14:27-06:00,General education or professional development,Misrepresenting/too broad — generic or off-profile label,Generic academic promotion,Recurring book-sale/bestseller campaign with no verified connection to the current research profile.,No
Academia Mentions premium@academia-mail.com,Are you the “Hunmin Lee” mentioned in Gesture Recognition papers?,2026-05-11T16:53:42+00:00,Gesture recognition (unspecified modality),Core — Generalizable EMG/biosignal decoding,Weak keyword matching,"The alert uses only the name plus a broad topic such as computer science, engineering, AI, or gesture recognition, with no verified paper identity.",No
"""Academia.edu"" premium@academia-mail.com",Don’t forget: you can try Academia Premium for 30 days for just $1,2026-05-11T04:15:17+00:00,Generic academic/research,Misrepresenting/too broad — generic or off-profile label,Generic academic promotion,"Platform upsell, readership/profile metric, search-view notice, or other campaign that does not establish research relevance.",No
Academia Mentions premium@academia-mail.com,"Your paper ""Robust Convergence in Federated Learning..."" was cited",2026-05-09T15:27:51+00:00,"Federated, personalized, prototype, and adaptive learning","Core — Adaptation, personalization, and federated/prototype learning",Current research match,"Exact-title or exact-method alert matches the current federated/adaptive learning profile; the platform alert is a discovery cue, not citation proof.",No
Academia Mentions premium@academia-mail.com,"Your paper ""A BPRCNN Based Hand Motion..."" was cited",2026-05-07T14:03:48+00:00,Capacitive/electric-field sensing and hand-motion interfaces,Historical — Capacitive/electric-field sensing,Secondary or historical match,"Exact-title or topic alert matches genuine older capacitive/hand-motion work or a secondary application, but not the present core identity.",No
"""Academia.edu"" premium@academia-mail.com",Remember: you can try Academia Premium for $1 for 30 days,2026-05-07T04:16:46+00:00,Generic academic/research,Misrepresenting/too broad — generic or off-profile label,Generic academic promotion,"Platform upsell, readership/profile metric, search-view notice, or other campaign that does not establish research relevance.",No
"""Taylor & Francis"" taylorandfrancis@email.taylorandfrancis.com","""Comparative analysis of the linear, non-linear, and quadratic thermal radiation on polar fluid flow"" is ready to read",2026-05-06T16:29:41-06:00,General education or professional development,Misrepresenting/too broad — generic or off-profile label,Generic academic promotion,"Publisher recommendation, survey, or sales campaign; topical overlap is not evidence of research identity.",No
Academia Mentions premium@academia-mail.com,"Your paper ""Real-time Interface Control with Motion..."" was cited",2026-05-06T13:14:57+00:00,Capacitive/electric-field sensing and hand-motion interfaces,Historical — Capacitive/electric-field sensing,Secondary or historical match,"Exact-title or topic alert matches genuine older capacitive/hand-motion work or a secondary application, but not the present core identity.",No
"""Academia.edu"" premium@academia-mail.com","The name ""Hunmin Lee"" is mentioned in a paper published in Electronics",2026-05-05T05:55:59+00:00,Generic academic/research,Misrepresenting/too broad — generic or off-profile label,Weak keyword matching,"The alert uses only the name plus a broad topic such as computer science, engineering, AI, or gesture recognition, with no verified paper identity.",No
Academia Mentions premium@academia-mail.com,"Your paper ""Real-time Interface Control with Motion..."" was cited",2026-05-04T11:41:59+00:00,Capacitive/electric-field sensing and hand-motion interfaces,Historical — Capacitive/electric-field sensing,Secondary or historical match,"Exact-title or topic alert matches genuine older capacitive/hand-motion work or a secondary application, but not the present core identity.",No
"""Academia.edu"" premium@academia-mail.com",Try Academia Premium: 30 day trial for just $1,2026-05-03T10:48:10+00:00,Generic academic/research,Misrepresenting/too broad — generic or off-profile label,Generic academic promotion,"Platform upsell, readership/profile metric, search-view notice, or other campaign that does not establish research relevance.",No
Academia Mentions premium@academia-mail.com,"Your paper ""Real-time Interface Control with Motion..."" was cited",2026-05-02T10:22:58+00:00,Capacitive/electric-field sensing and hand-motion interfaces,Historical — Capacitive/electric-field sensing,Secondary or historical match,"Exact-title or topic alert matches genuine older capacitive/hand-motion work or a secondary application, but not the present core identity.",No
Academia Mentions premium@academia-mail.com,"Your paper ""Real-time Interface Control with Motion..."" was cited",2026-05-01T09:43:59+00:00,Capacitive/electric-field sensing and hand-motion interfaces,Historical — Capacitive/electric-field sensing,Secondary or historical match,"Exact-title or topic alert matches genuine older capacitive/hand-motion work or a secondary application, but not the present core identity.",No
"""Academia.edu"" premium@academia-mail.com",Your Personal Website Is Available,2026-05-01T08:51:08+00:00,Generic academic/research,Misrepresenting/too broad — generic or off-profile label,Generic academic promotion,"Platform upsell, readership/profile metric, search-view notice, or other campaign that does not establish research relevance.",No
Academia Mentions premium@academia-mail.com,"Your paper ""Real-time Interface Control with Motion..."" was cited",2026-04-27T06:47:52+00:00,Capacitive/electric-field sensing and hand-motion interfaces,Historical — Capacitive/electric-field sensing,Secondary or historical match,"Exact-title or topic alert matches genuine older capacitive/hand-motion work or a secondary application, but not the present core identity.",No
"""Academia.edu"" premium@academia-mail.com","A paper published by a member of the Mechanical Engineering department at University of Tehran mentions the name ""H. Lee""",2026-04-27T06:37:18+00:00,Generic AI/ML/computing,Misrepresenting/too broad — generic or off-profile label,Possible namesake,"The alert relies on H. Lee/name matching or an off-profile field and does not identify a verified paper, author list, venue, or DOI.",No
Routledge Books routledgebooks@email.routledge.com,Last Chance to Save! ⏰📚,2026-04-27T01:02:34-06:00,General education or professional development,Misrepresenting/too broad — generic or off-profile label,Generic academic promotion,Recurring book-sale/bestseller campaign with no verified connection to the current research profile.,No
Academia Mentions premium@academia-mail.com,"Your paper ""Real-time Interface Control with Motion..."" was cited",2026-04-26T06:09:48+00:00,Capacitive/electric-field sensing and hand-motion interfaces,Historical — Capacitive/electric-field sensing,Secondary or historical match,"Exact-title or topic alert matches genuine older capacitive/hand-motion work or a secondary application, but not the present core identity.",No
Academia Mentions premium@academia-mail.com,Are you the “Hunmin Lee” mentioned in Computer Science papers?,2026-04-24T04:37:38+00:00,Generic AI/ML/computing,Misrepresenting/too broad — generic or off-profile label,Weak keyword matching,"The alert uses only the name plus a broad topic such as computer science, engineering, AI, or gesture recognition, with no verified paper identity.",No
"""Academia.edu"" premium@academia-mail.com","The name ""Hunmin Lee"" is mentioned by a Physical sciences researcher in a paper uploaded to Academia",2026-04-23T04:37:04+00:00,Chemistry/materials/physical sciences,Misrepresenting/too broad — generic or off-profile label,Possible namesake,"The alert relies on H. Lee/name matching or an off-profile field and does not identify a verified paper, author list, venue, or DOI.",No
Academia Mentions premium@academia-mail.com,"Your paper ""Real-time Interface Control with Motion..."" was cited",2026-04-21T02:17:49+00:00,Capacitive/electric-field sensing and hand-motion interfaces,Historical — Capacitive/electric-field sensing,Secondary or historical match,"Exact-title or topic alert matches genuine older capacitive/hand-motion work or a secondary application, but not the present core identity.",No
Routledge Books routledgebooks@email.routledge.com,April Savers offers you don't want to miss!,2026-04-20T10:06:41-06:00,General education or professional development,Misrepresenting/too broad — generic or off-profile label,Generic academic promotion,Recurring book-sale/bestseller campaign with no verified connection to the current research profile.,No
"""Academia.edu"" premium@academia-mail.com","“Lee, Hunmin”: The name ""Lee, Hunmin"" is mentioned in 4 papers uploaded to Academia, including one in a paper by someone in Indianapolis, United States",2026-04-19T09:45:22+00:00,Generic academic/research,Misrepresenting/too broad — generic or off-profile label,Generic academic promotion,"Platform upsell, readership/profile metric, search-view notice, or other campaign that does not establish research relevance.",No
Academia Mentions premium@academia-mail.com,Are you the “Hunmin Lee” mentioned in Capacitive Sensing papers?,2026-04-19T00:34:31+00:00,Capacitive/electric-field sensing and hand-motion interfaces,Historical — Capacitive/electric-field sensing,Secondary or historical match,"Exact-title or topic alert matches genuine older capacitive/hand-motion work or a secondary application, but not the present core identity.",No
Academia Mentions premium@academia-mail.com,Are you the “Hunmin Lee” mentioned in Engineering papers?,2026-04-16T23:15:44+00:00,Generic AI/ML/computing,Misrepresenting/too broad — generic or off-profile label,Weak keyword matching,"The alert uses only the name plus a broad topic such as computer science, engineering, AI, or gesture recognition, with no verified paper identity.",No
Academia Mentions premium@academia-mail.com,"Your paper ""Real-time Interface Control with Motion..."" was cited",2026-04-15T22:34:49+00:00,Capacitive/electric-field sensing and hand-motion interfaces,Historical — Capacitive/electric-field sensing,Secondary or historical match,"Exact-title or topic alert matches genuine older capacitive/hand-motion work or a secondary application, but not the present core identity.",No
"""Academia.edu"" premium@academia-mail.com",People in 2 countries have visited your profile,2026-04-15T04:04:14+00:00,Generic academic/research,Misrepresenting/too broad — generic or off-profile label,Generic academic promotion,"Platform upsell, readership/profile metric, search-view notice, or other campaign that does not establish research relevance.",No
"""Taylor & Francis"" taylorandfrancis@email.taylorandfrancis.com","""The distinct roles of internal and external communication in perceived risk on offshore vessels"" is ready to read",2026-04-14T13:38:57-06:00,General education or professional development,Misrepresenting/too broad — generic or off-profile label,Generic academic promotion,"Publisher recommendation, survey, or sales campaign; topical overlap is not evidence of research identity.",No
Academia Mentions premium@academia-mail.com,"Your paper ""Real-time Interface Control with Motion..."" was cited",2026-04-13T21:07:20+00:00,Capacitive/electric-field sensing and hand-motion interfaces,Historical — Capacitive/electric-field sensing,Secondary or historical match,"Exact-title or topic alert matches genuine older capacitive/hand-motion work or a secondary application, but not the present core identity.",No
Routledge Books routledgebooks@email.routledge.com,April Savers just got even better! 🎉,2026-04-13T08:17:06-06:00,General education or professional development,Misrepresenting/too broad — generic or off-profile label,Generic academic promotion,Recurring book-sale/bestseller campaign with no verified connection to the current research profile.,No
Academia Mentions premium@academia-mail.com,Are you the “Hunmin Lee” mentioned in Gesture Recognition papers?,2026-04-12T20:23:26+00:00,Gesture recognition (unspecified modality),Core — Generalizable EMG/biosignal decoding,Weak keyword matching,"The alert uses only the name plus a broad topic such as computer science, engineering, AI, or gesture recognition, with no verified paper identity.",No
Academia Mentions premium@academia-mail.com,"Your paper ""Robust Convergence in Federated Learning..."" was cited",2026-04-10T19:02:44+00:00,"Federated, personalized, prototype, and adaptive learning","Core — Adaptation, personalization, and federated/prototype learning",Current research match,"Exact-title or exact-method alert matches the current federated/adaptive learning profile; the platform alert is a discovery cue, not citation proof.",No
"""Academia.edu"" premium@academia-mail.com","The name ""Hunmin Lee"" is mentioned in a paper published in Electronics",2026-04-10T04:29:57+00:00,Generic academic/research,Misrepresenting/too broad — generic or off-profile label,Weak keyword matching,"The alert uses only the name plus a broad topic such as computer science, engineering, AI, or gesture recognition, with no verified paper identity.",No
Academia Mentions premium@academia-mail.com,Are you the “Hunmin Lee” mentioned in Gesture papers?,2026-04-08T17:33:44+00:00,Gesture recognition (unspecified modality),Core — Generalizable EMG/biosignal decoding,Weak keyword matching,"The alert uses only the name plus a broad topic such as computer science, engineering, AI, or gesture recognition, with no verified paper identity.",No
Academia Mentions premium@academia-mail.com,"Your paper ""Real-time Interface Control with Motion..."" was cited",2026-04-07T16:55:14+00:00,Capacitive/electric-field sensing and hand-motion interfaces,Historical — Capacitive/electric-field sensing,Secondary or historical match,"Exact-title or topic alert matches genuine older capacitive/hand-motion work or a secondary application, but not the present core identity.",No
Routledge Books routledgebooks@email.routledge.com,Your April Book Boost Is Here! 🔖💫,2026-04-07T09:07:12-06:00,General education or professional development,Misrepresenting/too broad — generic or off-profile label,Generic academic promotion,Recurring book-sale/bestseller campaign with no verified connection to the current research profile.,No
"""Academia.edu"" premium@academia-mail.com","The name ""Hunmin Lee"" is mentioned by a CHEMICAL SCIENCES researcher in a paper uploaded to Academia",2026-04-06T03:07:35+00:00,Chemistry/materials/physical sciences,Misrepresenting/too broad — generic or off-profile label,Possible namesake,"The alert relies on H. Lee/name matching or an off-profile field and does not identify a verified paper, author list, venue, or DOI.",No
Academia Mentions premium@academia-mail.com,"Your paper ""Robust Convergence in Federated Learning..."" was cited",2026-04-05T15:28:08+00:00,"Federated, personalized, prototype, and adaptive learning","Core — Adaptation, personalization, and federated/prototype learning",Current research match,"Exact-title or exact-method alert matches the current federated/adaptive learning profile; the platform alert is a discovery cue, not citation proof.",No
Academia Mentions premium@academia-mail.com,"Your paper ""A BPRCNN Based Hand Motion..."" was cited",2026-04-03T14:05:27+00:00,Capacitive/electric-field sensing and hand-motion interfaces,Historical — Capacitive/electric-field sensing,Secondary or historical match,"Exact-title or topic alert matches genuine older capacitive/hand-motion work or a secondary application, but not the present core identity.",No
"""Taylor & Francis"" taylorandfrancis@email.taylorandfrancis.com","""S-LUS: A coupled suitability evaluation and land-use simulation framework for Digital Coast"" is ready to read",2026-04-02T16:52:34-06:00,General education or professional development,Misrepresenting/too broad — generic or off-profile label,Generic academic promotion,"Publisher recommendation, survey, or sales campaign; topical overlap is not evidence of research identity.",No
Academia Mentions premium@academia-mail.com,"Your paper ""Real-time Interface Control with Motion..."" was cited",2026-04-02T13:22:31+00:00,Capacitive/electric-field sensing and hand-motion interfaces,Historical — Capacitive/electric-field sensing,Secondary or historical match,"Exact-title or topic alert matches genuine older capacitive/hand-motion work or a secondary application, but not the present core identity.",No
"""Academia.edu"" premium@academia-mail.com","A paper published by a member of the Energy Technologies Area department at Lawrence Berkeley National Laboratory mentions the name ""Hunmin Lee""",2026-04-02T06:52:22+00:00,Generic academic/research,Misrepresenting/too broad — generic or off-profile label,Possible namesake,"The alert relies on H. Lee/name matching or an off-profile field and does not identify a verified paper, author list, venue, or DOI.",No
Academia Mentions premium@academia-mail.com,"Your paper ""Real-time Interface Control with Motion..."" was cited",2026-03-29T10:31:45+00:00,Capacitive/electric-field sensing and hand-motion interfaces,Historical — Capacitive/electric-field sensing,Secondary or historical match,"Exact-title or topic alert matches genuine older capacitive/hand-motion work or a secondary application, but not the present core identity.",No
"""Academia.edu"" premium@academia-mail.com","The name ""Hunmin Lee"" is mentioned in a Materials Science paper uploaded to Academia",2026-03-28T09:54:39+00:00,Chemistry/materials/physical sciences,Misrepresenting/too broad — generic or off-profile label,Possible namesake,"The alert relies on H. Lee/name matching or an off-profile field and does not identify a verified paper, author list, venue, or DOI.",No
Academia Mentions premium@academia-mail.com,"Your paper ""Real-time Interface Control with Motion..."" was cited",2026-03-28T09:53:56+00:00,Capacitive/electric-field sensing and hand-motion interfaces,Historical — Capacitive/electric-field sensing,Secondary or historical match,"Exact-title or topic alert matches genuine older capacitive/hand-motion work or a secondary application, but not the present core identity.",No
Academia Mentions premium@academia-mail.com,"Your paper ""Real-time Interface Control with Motion..."" was cited",2026-03-26T08:31:12+00:00,Capacitive/electric-field sensing and hand-motion interfaces,Historical — Capacitive/electric-field sensing,Secondary or historical match,"Exact-title or topic alert matches genuine older capacitive/hand-motion work or a secondary application, but not the present core identity.",No
"""Academia.edu"" premium@academia-mail.com",“H. Lee” is mentioned in this PDF recently read by 7 people,2026-03-24T09:13:59+00:00,Generic academic/research,Misrepresenting/too broad — generic or off-profile label,Possible namesake,"The alert relies on H. Lee/name matching or an off-profile field and does not identify a verified paper, author list, venue, or DOI.",No
Academia Mentions premium@academia-mail.com,"Your paper ""Real-time Interface Control with Motion..."" was cited",2026-03-24T06:58:35+00:00,Capacitive/electric-field sensing and hand-motion interfaces,Historical — Capacitive/electric-field sensing,Secondary or historical match,"Exact-title or topic alert matches genuine older capacitive/hand-motion work or a secondary application, but not the present core identity.",No
Routledge Books routledgebooks@email.routledge.com,Last Chance: Save 20% on Mental Health & Psychology Books,2026-03-23T08:20:06-06:00,Biomedical analytics,Secondary — Graph/interpretable biomedical ML,Generic academic promotion,Recurring book-sale/bestseller campaign with no verified connection to the current research profile.,No
Academia Mentions premium@academia-mail.com,"Your paper ""Real-time Interface Control with Motion..."" was cited",2026-03-23T06:11:42+00:00,Capacitive/electric-field sensing and hand-motion interfaces,Historical — Capacitive/electric-field sensing,Secondary or historical match,"Exact-title or topic alert matches genuine older capacitive/hand-motion work or a secondary application, but not the present core identity.",No
Academia Mentions premium@academia-mail.com,"Your paper ""Real-time Interface Control with Motion..."" was cited",2026-03-21T04:55:49+00:00,Capacitive/electric-field sensing and hand-motion interfaces,Historical — Capacitive/electric-field sensing,Secondary or historical match,"Exact-title or topic alert matches genuine older capacitive/hand-motion work or a secondary application, but not the present core identity.",No
"""Academia.edu"" premium@academia-mail.com","Hunmin Lee and ""A BPRCNN Based Hand Motion Classifier Using Electric Field Sensors"" are mentioned in a paper uploaded to Academia",2026-03-20T09:46:15+00:00,Capacitive/electric-field sensing and hand-motion interfaces,Historical — Capacitive/electric-field sensing,Secondary or historical match,"Exact-title or topic alert matches genuine older capacitive/hand-motion work or a secondary application, but not the present core identity.",No
Academia Mentions premium@academia-mail.com,Are you the “Hunmin Lee” mentioned in Computer Science papers?,2026-03-18T02:53:19+00:00,Generic AI/ML/computing,Misrepresenting/too broad — generic or off-profile label,Weak keyword matching,"The alert uses only the name plus a broad topic such as computer science, engineering, AI, or gesture recognition, with no verified paper identity.",No
Routledge Books routledgebooks@email.routledge.com,Don't miss out on 20% off Mental Health and Psychology books!,2026-03-16T08:15:39-06:00,Biomedical analytics,Secondary — Graph/interpretable biomedical ML,Generic academic promotion,Recurring book-sale/bestseller campaign with no verified connection to the current research profile.,No
Academia Mentions premium@academia-mail.com,"Your paper ""Real-time Interface Control with Motion..."" was cited",2026-03-16T01:37:50+00:00,Capacitive/electric-field sensing and hand-motion interfaces,Historical — Capacitive/electric-field sensing,Secondary or historical match,"Exact-title or topic alert matches genuine older capacitive/hand-motion work or a secondary application, but not the present core identity.",No
Academia Mentions premium@academia-mail.com,Are you the “Hunmin Lee” mentioned in Gesture papers?,2026-03-14T00:14:18+00:00,Gesture recognition (unspecified modality),Core — Generalizable EMG/biosignal decoding,Weak keyword matching,"The alert uses only the name plus a broad topic such as computer science, engineering, AI, or gesture recognition, with no verified paper identity.",No
"""Academia.edu"" premium@academia-mail.com","Someone saw ""FedLC: Optimizing Federated..."" in an Academia search",2026-03-13T23:43:47+00:00,"Federated, personalized, prototype, and adaptive learning","Core — Adaptation, personalization, and federated/prototype learning",Current research match,"Exact-title or exact-method alert matches the current federated/adaptive learning profile; the platform alert is a discovery cue, not citation proof.",Yes
Academia Mentions premium@academia-mail.com,"Your paper ""Real-time Interface Control with Motion..."" was cited",2026-03-12T23:28:40+00:00,Capacitive/electric-field sensing and hand-motion interfaces,Historical — Capacitive/electric-field sensing,Secondary or historical match,"Exact-title or topic alert matches genuine older capacitive/hand-motion work or a secondary application, but not the present core identity.",No
"""Academia.edu"" premium@academia-mail.com","A paper published by a member of the Mechanical Engineering department at University of Tehran mentions the name ""H. Lee""",2026-03-12T09:28:17+00:00,Generic AI/ML/computing,Misrepresenting/too broad — generic or off-profile label,Possible namesake,"The alert relies on H. Lee/name matching or an off-profile field and does not identify a verified paper, author list, venue, or DOI.",No
Academia Mentions premium@academia-mail.com,"Your paper ""Real-time Interface Control with Motion..."" was cited",2026-03-10T21:59:56+00:00,Capacitive/electric-field sensing and hand-motion interfaces,Historical — Capacitive/electric-field sensing,Secondary or historical match,"Exact-title or topic alert matches genuine older capacitive/hand-motion work or a secondary application, but not the present core identity.",No
Routledge Books routledgebooks@email.routledge.com,Our Mental Health & Psychology Book Sale Begins!,2026-03-10T08:27:09-06:00,Biomedical analytics,Secondary — Graph/interpretable biomedical ML,Generic academic promotion,Recurring book-sale/bestseller campaign with no verified connection to the current research profile.,No
Academia Mentions premium@academia-mail.com,Your paper was cited,2026-03-08T20:48:57+00:00,Generic academic/research,Misrepresenting/too broad — generic or off-profile label,Weak keyword matching,"The alert uses only the name plus a broad topic such as computer science, engineering, AI, or gesture recognition, with no verified paper identity.",No
Academia Mentions premium@academia-mail.com,"Your paper ""Robust Convergence in Federated Learning..."" was cited",2026-03-07T20:05:47+00:00,"Federated, personalized, prototype, and adaptive learning","Core — Adaptation, personalization, and federated/prototype learning",Current research match,"Exact-title or exact-method alert matches the current federated/adaptive learning profile; the platform alert is a discovery cue, not citation proof.",No
Academia Mentions premium@academia-mail.com,"Your paper ""Real-time Interface Control with Motion..."" was cited",2026-03-05T18:47:54+00:00,Capacitive/electric-field sensing and hand-motion interfaces,Historical — Capacitive/electric-field sensing,Secondary or historical match,"Exact-title or topic alert matches genuine older capacitive/hand-motion work or a secondary application, but not the present core identity.",No
"""Academia.edu"" premium@academia-mail.com",2 people have visited your profile,2026-03-04T07:28:04+00:00,Generic academic/research,Misrepresenting/too broad — generic or off-profile label,Generic academic promotion,"Platform upsell, readership/profile metric, search-view notice, or other campaign that does not establish research relevance.",No
Academia Mentions premium@academia-mail.com,Your paper was cited,2026-03-03T17:32:38+00:00,Gesture recognition (unspecified modality),Core — Generalizable EMG/biosignal decoding,Weak keyword matching,"The alert uses only the name plus a broad topic such as computer science, engineering, AI, or gesture recognition, with no verified paper identity.",No
Academia Mentions premium@academia-mail.com,"Your paper ""Robust Convergence in Federated Learning..."" was cited",2026-03-02T16:54:58+00:00,"Federated, personalized, prototype, and adaptive learning","Core — Adaptation, personalization, and federated/prototype learning",Current research match,"Exact-title or exact-method alert matches the current federated/adaptive learning profile; the platform alert is a discovery cue, not citation proof.",No
Routledge Books routledgebooks@email.routledge.com,Discover the Bestsellers of The Month!,2026-03-02T05:04:06-06:00,General education or professional development,Misrepresenting/too broad — generic or off-profile label,Generic academic promotion,Recurring book-sale/bestseller campaign with no verified connection to the current research profile.,No
Academia Mentions premium@academia-mail.com,"Your paper ""A BPRCNN Based Hand Motion..."" was cited",2026-02-28T15:35:23+00:00,Capacitive/electric-field sensing and hand-motion interfaces,Historical — Capacitive/electric-field sensing,Secondary or historical match,"Exact-title or topic alert matches genuine older capacitive/hand-motion work or a secondary application, but not the present core identity.",No
Academia Mentions premium@academia-mail.com,Are you the “H. Lee” cited in Computer Science papers?,2026-02-26T14:22:56+00:00,Generic AI/ML/computing,Misrepresenting/too broad — generic or off-profile label,Possible namesake,"The alert relies on H. Lee/name matching or an off-profile field and does not identify a verified paper, author list, venue, or DOI.",No
Routledge Books routledgebooks@email.routledge.com,20% OFF: You can still save on all Education titles!,2026-02-25T16:01:21-06:00,General education or professional development,Misrepresenting/too broad — generic or off-profile label,Generic academic promotion,Recurring book-sale/bestseller campaign with no verified connection to the current research profile.,No
Academia Mentions premium@academia-mail.com,Are you the “H. Lee” cited in Capacitive Sensing papers?,2026-02-25T13:43:01+00:00,Capacitive/electric-field sensing and hand-motion interfaces,Historical — Capacitive/electric-field sensing,Secondary or historical match,"Exact-title or topic alert matches genuine older capacitive/hand-motion work or a secondary application, but not the present core identity.",No
Academia Mentions premium@academia-mail.com,Are you the “H. Lee” cited in Sensors papers?,2026-02-21T11:19:32+00:00,Generic academic/research,Misrepresenting/too broad — generic or off-profile label,Possible namesake,"The alert relies on H. Lee/name matching or an off-profile field and does not identify a verified paper, author list, venue, or DOI.",No
Academia Mentions premium@academia-mail.com,Are you the “H. Lee” cited in Electrical and Electronic Engineering papers?,2026-02-20T10:43:43+00:00,Generic AI/ML/computing,Misrepresenting/too broad — generic or off-profile label,Possible namesake,"The alert relies on H. Lee/name matching or an off-profile field and does not identify a verified paper, author list, venue, or DOI.",No
"""Academia.edu"" premium@academia-mail.com","H. Lee and ""Real-time Interface Control with Motion Gesture Recognition based on Non-contact Capacitive Sensing"" are mentioned in a paper uploaded to Academia",2026-02-19T08:36:19+00:00,Capacitive/electric-field sensing and hand-motion interfaces,Historical — Capacitive/electric-field sensing,Secondary or historical match,"Exact-title or topic alert matches genuine older capacitive/hand-motion work or a secondary application, but not the present core identity.",No
Academia Mentions premium@academia-mail.com,Are you the “H. Lee” cited in Applied Sciences papers?,2026-02-18T09:34:24+00:00,Generic academic/research,Misrepresenting/too broad — generic or off-profile label,Possible namesake,"The alert relies on H. Lee/name matching or an off-profile field and does not identify a verified paper, author list, venue, or DOI.",No
Routledge Books routledgebooks@email.routledge.com,Now In Paperback – grab your favourite title today,2026-02-17T11:58:23-06:00,Generic academic/research,Misrepresenting/too broad — generic or off-profile label,Generic academic promotion,Recurring book-sale/bestseller campaign with no verified connection to the current research profile.,No
"""Academia.edu"" premium@academia-mail.com","The name ""Hunmin Lee"" is mentioned in an Engineering paper uploaded to Academia",2026-02-15T05:22:11+00:00,Generic AI/ML/computing,Misrepresenting/too broad — generic or off-profile label,Weak keyword matching,"The alert uses only the name plus a broad topic such as computer science, engineering, AI, or gesture recognition, with no verified paper identity.",No
Routledge Books routledgebooks@email.routledge.com,Weekend Treat: Get 25% Off for a limited time!,2026-02-14T11:05:25-06:00,General education or professional development,Misrepresenting/too broad — generic or off-profile label,Generic academic promotion,Recurring book-sale/bestseller campaign with no verified connection to the current research profile.,No
Academia Mentions premium@academia-mail.com,Are you the “Hunmin Lee” mentioned in Capacitive Sensing papers?,2026-02-13T06:24:41+00:00,Capacitive/electric-field sensing and hand-motion interfaces,Historical — Capacitive/electric-field sensing,Secondary or historical match,"Exact-title or topic alert matches genuine older capacitive/hand-motion work or a secondary application, but not the present core identity.",No
"""Academia.edu"" premium@academia-mail.com","The name ""Hunmin Lee"" is mentioned in a paper published in Electronics",2026-02-11T04:23:56+00:00,Generic academic/research,Misrepresenting/too broad — generic or off-profile label,Weak keyword matching,"The alert uses only the name plus a broad topic such as computer science, engineering, AI, or gesture recognition, with no verified paper identity.",No
Academia Mentions premium@academia-mail.com,Are you the “Hunmin Lee” cited in Capacitive Sensing papers?,2026-02-10T04:34:29+00:00,Capacitive/electric-field sensing and hand-motion interfaces,Historical — Capacitive/electric-field sensing,Secondary or historical match,"Exact-title or topic alert matches genuine older capacitive/hand-motion work or a secondary application, but not the present core identity.",No
Routledge Books routledgebooks@email.routledge.com,Save 20% on all Education titles!,2026-02-10T03:02:06-06:00,General education or professional development,Misrepresenting/too broad — generic or off-profile label,Generic academic promotion,Recurring book-sale/bestseller campaign with no verified connection to the current research profile.,No
"""Academia.edu"" premium@academia-mail.com",People in 2 countries have visited your profile,2026-02-06T09:33:40+00:00,Generic academic/research,Misrepresenting/too broad — generic or off-profile label,Generic academic promotion,"Platform upsell, readership/profile metric, search-view notice, or other campaign that does not establish research relevance.",No
Academia Mentions premium@academia-mail.com,Are you the “Hunmin Lee” cited in Engineering papers?,2026-02-06T02:02:35+00:00,Generic AI/ML/computing,Misrepresenting/too broad — generic or off-profile label,Weak keyword matching,"The alert uses only the name plus a broad topic such as computer science, engineering, AI, or gesture recognition, with no verified paper identity.",No
Academia Mentions premium@academia-mail.com,Your paper was cited,2026-02-05T01:23:28+00:00,Gesture recognition (unspecified modality),Core — Generalizable EMG/biosignal decoding,Weak keyword matching,"The alert uses only the name plus a broad topic such as computer science, engineering, AI, or gesture recognition, with no verified paper identity.",No
"""Academia.edu"" premium@academia-mail.com","Hunmin Lee and ""A BPRCNN Based Hand Motion Classifier Using Electric Field Sensors"" are mentioned in a paper uploaded to Academia",2026-02-02T06:31:01+00:00,Capacitive/electric-field sensing and hand-motion interfaces,Historical — Capacitive/electric-field sensing,Secondary or historical match,"Exact-title or topic alert matches genuine older capacitive/hand-motion work or a secondary application, but not the present core identity.",No
Academia Mentions premium@academia-mail.com,Are you the “Hunmin Lee” cited in Computer Science papers?,2026-02-01T22:58:08+00:00,Generic AI/ML/computing,Misrepresenting/too broad — generic or off-profile label,Weak keyword matching,"The alert uses only the name plus a broad topic such as computer science, engineering, AI, or gesture recognition, with no verified paper identity.",No
Academia Mentions premium@academia-mail.com,Your research was mentioned in a new paper,2026-01-30T21:44:11+00:00,Gesture recognition (unspecified modality),Core — Generalizable EMG/biosignal decoding,Weak keyword matching,"The alert uses only the name plus a broad topic such as computer science, engineering, AI, or gesture recognition, with no verified paper identity.",No
"""Academia.edu"" premium@academia-mail.com","“Lee, Hunmin”: The name ""Lee, Hunmin"" is mentioned in 4 papers uploaded to Academia, including one in a paper by someone in Indianapolis, United States",2026-01-28T05:28:58+00:00,Generic academic/research,Misrepresenting/too broad — generic or off-profile label,Generic academic promotion,"Platform upsell, readership/profile metric, search-view notice, or other campaign that does not establish research relevance.",No
Academia Mentions premium@academia-mail.com,"$1, 30 day trial. Are you the “Hunmin Lee” cited in arXiv papers?",2026-01-27T19:28:17+00:00,Generic academic/research,Misrepresenting/too broad — generic or off-profile label,Weak keyword matching,"The alert uses only the name plus a broad topic such as computer science, engineering, AI, or gesture recognition, with no verified paper identity.",No
Routledge Books routledgebooks@email.routledge.com,Discover the Bestsellers of The Month!,2026-01-26T11:04:31-06:00,General education or professional development,Misrepresenting/too broad — generic or off-profile label,Generic academic promotion,Recurring book-sale/bestseller campaign with no verified connection to the current research profile.,No
"""Academia.edu"" premium@academia-mail.com","H. Lee and ""Real-time Interface Control with Motion Gesture Recognition based on Non-contact Capacitive Sensing"" are mentioned in a paper uploaded to Academia",2026-01-24T10:46:36+00:00,Capacitive/electric-field sensing and hand-motion interfaces,Historical — Capacitive/electric-field sensing,Secondary or historical match,"Exact-title or topic alert matches genuine older capacitive/hand-motion work or a secondary application, but not the present core identity.",No
Academia Mentions premium@academia-mail.com,Are you the “H. Lee” cited in Capacitive Sensing papers?,2026-01-23T16:50:56+00:00,Capacitive/electric-field sensing and hand-motion interfaces,Historical — Capacitive/electric-field sensing,Secondary or historical match,"Exact-title or topic alert matches genuine older capacitive/hand-motion work or a secondary application, but not the present core identity.",No
Academia Mentions premium@academia-mail.com,Are you the “H. Lee” cited in Computer Science papers?,2026-01-22T16:05:33+00:00,Generic AI/ML/computing,Misrepresenting/too broad — generic or off-profile label,Possible namesake,"The alert relies on H. Lee/name matching or an off-profile field and does not identify a verified paper, author list, venue, or DOI.",No
"""Taylor & Francis"" taylorandfrancis@email.taylorandfrancis.com","""Does technology assist physical activity engagement in adolescent girls and young women? Repeated cross-sectional analysis"" is ready to read",2026-01-21T13:32:35-06:00,General education or professional development,Misrepresenting/too broad — generic or off-profile label,Generic academic promotion,"Publisher recommendation, survey, or sales campaign; topical overlap is not evidence of research identity.",No
Academia Mentions premium@academia-mail.com,"$1, 30 day trial. Are you the “H. Lee” cited in Electrical and Electronic Engineering papers?",2026-01-20T14:40:12+00:00,Generic AI/ML/computing,Misrepresenting/too broad — generic or off-profile label,Possible namesake,"The alert relies on H. Lee/name matching or an off-profile field and does not identify a verified paper, author list, venue, or DOI.",No
"""Academia.edu"" premium@academia-mail.com","A paper published by a member of the Energy Technologies Area department at Lawrence Berkeley National Laboratory mentions the name ""Hunmin Lee""",2026-01-20T04:54:44+00:00,Generic academic/research,Misrepresenting/too broad — generic or off-profile label,Possible namesake,"The alert relies on H. Lee/name matching or an off-profile field and does not identify a verified paper, author list, venue, or DOI.",No
Routledge Books routledgebooks@email.routledge.com,LAST CHANCE: Save with the New Year Sale!,2026-01-19T09:03:14-06:00,General education or professional development,Misrepresenting/too broad — generic or off-profile label,Generic academic promotion,Recurring book-sale/bestseller campaign with no verified connection to the current research profile.,No
Routledge Books routledgebooks@email.routledge.com,EXTRA 10% OFF: The New Year Sale is still on!,2026-01-12T08:05:27-06:00,General education or professional development,Misrepresenting/too broad — generic or off-profile label,Generic academic promotion,Recurring book-sale/bestseller campaign with no verified connection to the current research profile.,No
"""Academia.edu"" premium@academia-mail.com",Don’t forget: you can try Academia Premium for 30 days for just $1,2026-01-10T05:53:23+00:00,Generic academic/research,Misrepresenting/too broad — generic or off-profile label,Generic academic promotion,"Platform upsell, readership/profile metric, search-view notice, or other campaign that does not establish research relevance.",No
Academia Mentions premium@academia-mail.com,Are you the “Hunmin Lee” mentioned in Computer Science papers?,2026-01-08T06:45:56+00:00,Generic AI/ML/computing,Misrepresenting/too broad — generic or off-profile label,Weak keyword matching,"The alert uses only the name plus a broad topic such as computer science, engineering, AI, or gesture recognition, with no verified paper identity.",No
Academia Mentions premium@academia-mail.com,Are you the “Hunmin Lee” cited in Engineering papers?,2026-01-07T06:07:34+00:00,Generic AI/ML/computing,Misrepresenting/too broad — generic or off-profile label,Weak keyword matching,"The alert uses only the name plus a broad topic such as computer science, engineering, AI, or gesture recognition, with no verified paper identity.",No
"""Academia.edu"" premium@academia-mail.com","H. Lee and ""Real-time Interface Control with Motion Gesture Recognition based on Non-contact Capacitive Sensing"" are mentioned in a paper uploaded to Academia",2026-01-07T05:13:26+00:00,Capacitive/electric-field sensing and hand-motion interfaces,Historical — Capacitive/electric-field sensing,Secondary or historical match,"Exact-title or topic alert matches genuine older capacitive/hand-motion work or a secondary application, but not the present core identity.",No
"""Taylor & Francis"" taylorandfrancis@email.taylorandfrancis.com","""An automatic monitoring method for disturbance caused by deforestation and forest fires"" is ready to read",2026-01-06T17:28:45-06:00,General education or professional development,Misrepresenting/too broad — generic or off-profile label,Generic academic promotion,"Publisher recommendation, survey, or sales campaign; topical overlap is not evidence of research identity.",No
"""Academia.edu"" premium@academia-mail.com",Remember: you can try Academia Premium for $1 for 30 days,2026-01-06T03:33:46+00:00,Generic academic/research,Misrepresenting/too broad — generic or off-profile label,Generic academic promotion,"Platform upsell, readership/profile metric, search-view notice, or other campaign that does not establish research relevance.",No
Academia Mentions premium@academia-mail.com,"$1, 30 day trial. Are you the “Hunmin Lee” mentioned in Gesture Recognition papers?",2026-01-05T04:46:54+00:00,Gesture recognition (unspecified modality),Core — Generalizable EMG/biosignal decoding,Weak keyword matching,"The alert uses only the name plus a broad topic such as computer science, engineering, AI, or gesture recognition, with no verified paper identity.",No
Academia Mentions premium@academia-mail.com,Are you the “Hunmin Lee” cited in Gesture papers?,2026-01-03T03:32:35+00:00,Gesture recognition (unspecified modality),Core — Generalizable EMG/biosignal decoding,Weak keyword matching,"The alert uses only the name plus a broad topic such as computer science, engineering, AI, or gesture recognition, with no verified paper identity.",No
"""Academia.edu"" premium@academia-mail.com",4 people have read your papers,2026-01-02T06:36:22+00:00,Generic academic/research,Misrepresenting/too broad — generic or off-profile label,Generic academic promotion,"Platform upsell, readership/profile metric, search-view notice, or other campaign that does not establish research relevance.",No
Academia Mentions premium@academia-mail.com,Are you the “Hunmin Lee” cited in Capacitive Sensing papers?,2026-01-02T02:49:24+00:00,Capacitive/electric-field sensing and hand-motion interfaces,Historical — Capacitive/electric-field sensing,Secondary or historical match,"Exact-title or topic alert matches genuine older capacitive/hand-motion work or a secondary application, but not the present core identity.",No
"""Academia.edu"" premium@academia-mail.com",Try Academia Premium: 30 day trial for just $1,2026-01-01T10:28:28+00:00,Generic academic/research,Misrepresenting/too broad — generic or off-profile label,Generic academic promotion,"Platform upsell, readership/profile metric, search-view notice, or other campaign that does not establish research relevance.",No
Routledge Books routledgebooks@email.routledge.com,Last Chance: Save with the End of Year sale!,2025-12-29T08:09:57-06:00,General education or professional development,Misrepresenting/too broad — generic or off-profile label,Generic academic promotion,Recurring book-sale/bestseller campaign with no verified connection to the current research profile.,No
Academia Mentions premium@academia-mail.com,"$1, 30 day trial. Are you the “Hunmin Lee” mentioned in Engineering papers?",2025-12-27T23:29:47+00:00,Generic AI/ML/computing,Misrepresenting/too broad — generic or off-profile label,Weak keyword matching,"The alert uses only the name plus a broad topic such as computer science, engineering, AI, or gesture recognition, with no verified paper identity.",No
Academia Mentions premium@academia-mail.com,Are you the “Hunmin Lee” cited in Gesture Recognition papers?,2025-12-25T22:10:49+00:00,Gesture recognition (unspecified modality),Core — Generalizable EMG/biosignal decoding,Weak keyword matching,"The alert uses only the name plus a broad topic such as computer science, engineering, AI, or gesture recognition, with no verified paper identity.",No
"""Academia.edu"" premium@academia-mail.com","A paper published by a member of the Mechanical Engineering department at University of Tehran mentions the name ""H. Lee""",2025-12-25T03:17:57+00:00,Generic AI/ML/computing,Misrepresenting/too broad — generic or off-profile label,Possible namesake,"The alert relies on H. Lee/name matching or an off-profile field and does not identify a verified paper, author list, venue, or DOI.",No
Academia Mentions premium@academia-mail.com,Are you the “Hunmin Lee” cited in arXiv papers?,2025-12-24T11:12:50+00:00,Generic academic/research,Misrepresenting/too broad — generic or off-profile label,Weak keyword matching,"The alert uses only the name plus a broad topic such as computer science, engineering, AI, or gesture recognition, with no verified paper identity.",No
Routledge Books routledgebooks@email.routledge.com,Now In Paperback – grab your favourite title today,2025-12-23T13:48:26-06:00,Generic academic/research,Misrepresenting/too broad — generic or off-profile label,Generic academic promotion,Recurring book-sale/bestseller campaign with no verified connection to the current research profile.,No
Academia Mentions premium@academia-mail.com,Are you the “Hunmin Lee” cited in Artificial Intelligence papers?,2025-12-23T11:12:49+00:00,Generic AI/ML/computing,Misrepresenting/too broad — generic or off-profile label,Weak keyword matching,"The alert uses only the name plus a broad topic such as computer science, engineering, AI, or gesture recognition, with no verified paper identity.",No
Routledge Books routledgebooks@email.routledge.com,The End of Year Sale Continues!,2025-12-22T08:08:51-06:00,General education or professional development,Misrepresenting/too broad — generic or off-profile label,Generic academic promotion,Recurring book-sale/bestseller campaign with no verified connection to the current research profile.,No
Academia Mentions premium@academia-mail.com,Are you the “H. Lee” cited in Computer Science papers?,2025-12-21T20:59:21+00:00,Generic AI/ML/computing,Misrepresenting/too broad — generic or off-profile label,Possible namesake,"The alert relies on H. Lee/name matching or an off-profile field and does not identify a verified paper, author list, venue, or DOI.",No
"""Academia.edu"" premium@academia-mail.com",People in 2 countries have visited your profile,2025-12-20T09:18:48+00:00,Generic academic/research,Misrepresenting/too broad — generic or off-profile label,Generic academic promotion,"Platform upsell, readership/profile metric, search-view notice, or other campaign that does not establish research relevance.",No
Academia Mentions premium@academia-mail.com,Are you the “H. Lee” cited in Applied Sciences papers?,2025-12-17T13:42:20+00:00,Generic academic/research,Misrepresenting/too broad — generic or off-profile label,Possible namesake,"The alert relies on H. Lee/name matching or an off-profile field and does not identify a verified paper, author list, venue, or DOI.",No
"""Taylor & Francis"" taylorandfrancis@email.taylorandfrancis.com","""Optimization algorithm for indivisible products to improve the packaging process in multi-head batch weighers"" is ready to read",2025-12-16T18:02:04-06:00,General education or professional development,Misrepresenting/too broad — generic or off-profile label,Generic academic promotion,"Publisher recommendation, survey, or sales campaign; topical overlap is not evidence of research identity.",No
Routledge Books routledgebooks@email.routledge.com,End of Year Sale: EXTRA 15% Off on eBooks!,2025-12-15T08:07:18-06:00,General education or professional development,Misrepresenting/too broad — generic or off-profile label,Generic academic promotion,Recurring book-sale/bestseller campaign with no verified connection to the current research profile.,No
Academia Mentions premium@academia-mail.com,Are you the “H. Lee” cited in Electrical and Electronic Engineering papers?,2025-12-14T20:04:15+00:00,Generic AI/ML/computing,Misrepresenting/too broad — generic or off-profile label,Possible namesake,"The alert relies on H. Lee/name matching or an off-profile field and does not identify a verified paper, author list, venue, or DOI.",No
Academia Mentions premium@academia-mail.com,Are you the “H. Lee” cited in Analytical Chemistry papers?,2025-12-13T09:41:37+00:00,Chemistry/materials/physical sciences,Misrepresenting/too broad — generic or off-profile label,Possible namesake,"The alert relies on H. Lee/name matching or an off-profile field and does not identify a verified paper, author list, venue, or DOI.",No
Academia Mentions premium@academia-mail.com,"$1, 30 day trial. Are you the “H. Lee” cited in Engineering papers?",2025-12-10T22:11:41+00:00,Generic AI/ML/computing,Misrepresenting/too broad — generic or off-profile label,Possible namesake,"The alert relies on H. Lee/name matching or an off-profile field and does not identify a verified paper, author list, venue, or DOI.",No
Academia Mentions premium@academia-mail.com,Are you the “Hunmin Lee” cited in Computer Science papers?,2025-12-05T06:59:53+00:00,Generic AI/ML/computing,Misrepresenting/too broad — generic or off-profile label,Weak keyword matching,"The alert uses only the name plus a broad topic such as computer science, engineering, AI, or gesture recognition, with no verified paper identity.",No
"""Academia.edu"" premium@academia-mail.com","A paper published by a member of the Energy Technologies Area department at Lawrence Berkeley National Laboratory mentions the name ""Hunmin Lee""",2025-12-04T06:12:03+00:00,Generic academic/research,Misrepresenting/too broad — generic or off-profile label,Possible namesake,"The alert relies on H. Lee/name matching or an off-profile field and does not identify a verified paper, author list, venue, or DOI.",No
Academia Mentions premium@academia-mail.com,Are you the “Hunmin Lee” mentioned in Engineering papers?,2025-12-03T04:56:36+00:00,Generic AI/ML/computing,Misrepresenting/too broad — generic or off-profile label,Weak keyword matching,"The alert uses only the name plus a broad topic such as computer science, engineering, AI, or gesture recognition, with no verified paper identity.",No
"""Taylor & Francis"" taylorandfrancis@email.taylorandfrancis.com","""High-Efficiency Geographically Weighted Regression based on CUDA: an enhanced algorithm with adaptive kernel for investigating spatial non-stationarity in large-scale observations"" is ready to read",2025-12-02T19:53:26-06:00,Graph machine learning,Secondary — Graph/interpretable biomedical ML,Generic academic promotion,"Publisher recommendation, survey, or sales campaign; topical overlap is not evidence of research identity.",No
Academia Mentions premium@academia-mail.com,"$1, 30 day trial. Are you the “Hunmin Lee” mentioned in Gesture papers?",2025-12-02T03:35:57+00:00,Gesture recognition (unspecified modality),Core — Generalizable EMG/biosignal decoding,Weak keyword matching,"The alert uses only the name plus a broad topic such as computer science, engineering, AI, or gesture recognition, with no verified paper identity.",No
Academia Mentions premium@academia-mail.com,Are you the “Hunmin Lee” cited in Gesture papers?,2025-11-26T23:21:33+00:00,Gesture recognition (unspecified modality),Core — Generalizable EMG/biosignal decoding,Weak keyword matching,"The alert uses only the name plus a broad topic such as computer science, engineering, AI, or gesture recognition, with no verified paper identity.",No
"""Academia.edu"" premium@academia-mail.com","Someone saw ""FedLC: Optimizing Federated..."" in an Academia search",2025-11-26T23:09:16+00:00,"Federated, personalized, prototype, and adaptive learning","Core — Adaptation, personalization, and federated/prototype learning",Current research match,"Exact-title or exact-method alert matches the current federated/adaptive learning profile; the platform alert is a discovery cue, not citation proof.",No
"""Academia.edu"" premium@academia-mail.com","“Lee, Hunmin”: The name ""Lee, Hunmin"" is mentioned in 4 papers uploaded to Academia, including one in a paper by someone in Indianapolis, United States",2025-11-25T04:08:13+00:00,Generic academic/research,Misrepresenting/too broad — generic or off-profile label,Generic academic promotion,"Platform upsell, readership/profile metric, search-view notice, or other campaign that does not establish research relevance.",No
Academia Mentions premium@academia-mail.com,"$1, 30 day trial. Are you the “Hunmin Lee” cited in Computer Science papers?",2025-11-24T19:33:04+00:00,Generic AI/ML/computing,Misrepresenting/too broad — generic or off-profile label,Weak keyword matching,"The alert uses only the name plus a broad topic such as computer science, engineering, AI, or gesture recognition, with no verified paper identity.",No
Routledge Books routledgebooks@email.routledge.com,Don't Forget! 25% Off All Books in Our Black Friday Sale!,2025-11-24T11:05:20-06:00,General education or professional development,Misrepresenting/too broad — generic or off-profile label,Generic academic promotion,Recurring book-sale/bestseller campaign with no verified connection to the current research profile.,No
Academia Mentions premium@academia-mail.com,Are you the “Hunmin Lee” mentioned in Gesture Recognition papers?,2025-11-22T18:10:23+00:00,Gesture recognition (unspecified modality),Core — Generalizable EMG/biosignal decoding,Weak keyword matching,"The alert uses only the name plus a broad topic such as computer science, engineering, AI, or gesture recognition, with no verified paper identity.",No
Academia Mentions premium@academia-mail.com,Are you the “Hunmin Lee” cited in Engineering papers?,2025-11-21T17:30:29+00:00,Generic AI/ML/computing,Misrepresenting/too broad — generic or off-profile label,Weak keyword matching,"The alert uses only the name plus a broad topic such as computer science, engineering, AI, or gesture recognition, with no verified paper identity.",No
"""Academia.edu"" premium@academia-mail.com",1 of your readers is interested in arXiv,2025-11-21T08:15:11+00:00,Generic academic/research,Misrepresenting/too broad — generic or off-profile label,Generic academic promotion,"Platform upsell, readership/profile metric, search-view notice, or other campaign that does not establish research relevance.",No
"""DeepLearning.AI"" no-reply@m.mail.coursera.org",Two new DeepLearning.AI programs available on Coursera,2025-11-20T06:59:04+00:00,Generic AI/ML/computing,Misrepresenting/too broad — generic or off-profile label,Generic academic promotion,"Course, competition, or scholarship marketing; potentially skill-related when current, but not evidence of the research profile.",No
Academia Mentions premium@academia-mail.com,Are you the “Hunmin Lee” cited in arXiv papers?,2025-11-19T16:16:00+00:00,Generic academic/research,Misrepresenting/too broad — generic or off-profile label,Weak keyword matching,"The alert uses only the name plus a broad topic such as computer science, engineering, AI, or gesture recognition, with no verified paper identity.",No
Academia Mentions premium@academia-mail.com,Are you the “Hunmin Lee” cited in Artificial Intelligence papers?,2025-11-18T15:35:49+00:00,Generic AI/ML/computing,Misrepresenting/too broad — generic or off-profile label,Weak keyword matching,"The alert uses only the name plus a broad topic such as computer science, engineering, AI, or gesture recognition, with no verified paper identity.",No
Routledge Books routledgebooks@email.routledge.com,Black Friday Starts Now! 25% Off All Books! 🛍️,2025-11-18T11:05:09-06:00,General education or professional development,Misrepresenting/too broad — generic or off-profile label,Generic academic promotion,Recurring book-sale/bestseller campaign with no verified connection to the current research profile.,No
"""Academia.edu"" premium@academia-mail.com","The name ""Hunmin Lee"" is mentioned in a Materials Science paper uploaded to Academia",2025-11-17T04:01:53+00:00,Chemistry/materials/physical sciences,Misrepresenting/too broad — generic or off-profile label,Possible namesake,"The alert relies on H. Lee/name matching or an off-profile field and does not identify a verified paper, author list, venue, or DOI.",No
Academia Mentions premium@academia-mail.com,"$1, 30 day trial. Are you the “H. Lee” cited in Capacitive Sensing papers?",2025-11-16T14:19:26+00:00,Capacitive/electric-field sensing and hand-motion interfaces,Historical — Capacitive/electric-field sensing,Secondary or historical match,"Exact-title or topic alert matches genuine older capacitive/hand-motion work or a secondary application, but not the present core identity.",No
Academia Mentions premium@academia-mail.com,Are you the “H. Lee” cited in Computer Science papers?,2025-11-14T13:01:33+00:00,Generic AI/ML/computing,Misrepresenting/too broad — generic or off-profile label,Possible namesake,"The alert relies on H. Lee/name matching or an off-profile field and does not identify a verified paper, author list, venue, or DOI.",No
Academia Mentions premium@academia-mail.com,Are you the “Hunmin Lee” mentioned in Computer Science papers?,2025-11-13T12:20:49+00:00,Generic AI/ML/computing,Misrepresenting/too broad — generic or off-profile label,Weak keyword matching,"The alert uses only the name plus a broad topic such as computer science, engineering, AI, or gesture recognition, with no verified paper identity.",No
"""Academia.edu"" premium@academia-mail.com",A Stunning Showcase for Your Research,2025-11-13T04:24:54+00:00,Generic academic/research,Misrepresenting/too broad — generic or off-profile label,Generic academic promotion,"Platform upsell, readership/profile metric, search-view notice, or other campaign that does not establish research relevance.",No
Academia Mentions premium@academia-mail.com,Are you the “H. Lee” cited in Capacitive Sensing papers?,2025-11-11T11:00:43+00:00,Capacitive/electric-field sensing and hand-motion interfaces,Historical — Capacitive/electric-field sensing,Secondary or historical match,"Exact-title or topic alert matches genuine older capacitive/hand-motion work or a secondary application, but not the present core identity.",No
Academia Mentions premium@academia-mail.com,Are you the “Hunmin Lee” cited in Gesture Recognition papers?,2025-11-09T09:54:13+00:00,Gesture recognition (unspecified modality),Core — Generalizable EMG/biosignal decoding,Weak keyword matching,"The alert uses only the name plus a broad topic such as computer science, engineering, AI, or gesture recognition, with no verified paper identity.",No
Academia Mentions premium@academia-mail.com,"$1, 30 day trial. Are you the “H. Lee” cited in Computer Science papers?",2025-11-08T09:16:02+00:00,Generic AI/ML/computing,Misrepresenting/too broad — generic or off-profile label,Possible namesake,"The alert relies on H. Lee/name matching or an off-profile field and does not identify a verified paper, author list, venue, or DOI.",No
"""Academia.edu"" premium@academia-mail.com",“H. Lee” is mentioned in this PDF recently read by 2 people,2025-11-08T08:49:04+00:00,Generic academic/research,Misrepresenting/too broad — generic or off-profile label,Possible namesake,"The alert relies on H. Lee/name matching or an off-profile field and does not identify a verified paper, author list, venue, or DOI.",No
Academia Mentions premium@academia-mail.com,Are you the “Hunmin Lee” cited in Engineering papers?,2025-11-06T07:57:58+00:00,Generic AI/ML/computing,Misrepresenting/too broad — generic or off-profile label,Weak keyword matching,"The alert uses only the name plus a broad topic such as computer science, engineering, AI, or gesture recognition, with no verified paper identity.",No
"""Taylor & Francis Editorial Development"" tfdevelopment@email.taylorandfrancis.com",Survey: Technical and Vocational Education and Training (TVET) in Computer Science,2025-11-04T16:09:45-06:00,Generic AI/ML/computing,Misrepresenting/too broad — generic or off-profile label,Generic academic promotion,"Publisher recommendation, survey, or sales campaign; topical overlap is not evidence of research identity.",No
"""Taylor & Francis"" taylorandfrancis@email.taylorandfrancis.com","""Seasonal and Interannual Variability of Biogeochemical Parameters in the Arabian Sea and its relation to Extreme Climatic Events"" is ready to read",2025-11-04T13:28:00-06:00,Chemistry/materials/physical sciences,Misrepresenting/too broad — generic or off-profile label,Generic academic promotion,"Publisher recommendation, survey, or sales campaign; topical overlap is not evidence of research identity.",No
Academia Mentions premium@academia-mail.com,Are you the “Hunmin Lee” mentioned in Capacitive Sensing papers?,2025-11-04T06:41:52+00:00,Capacitive/electric-field sensing and hand-motion interfaces,Historical — Capacitive/electric-field sensing,Secondary or historical match,"Exact-title or topic alert matches genuine older capacitive/hand-motion work or a secondary application, but not the present core identity.",No
Academia Mentions premium@academia-mail.com,Are you the “Hunmin Lee” mentioned in Gesture papers?,2025-11-03T06:06:22+00:00,Gesture recognition (unspecified modality),Core — Generalizable EMG/biosignal decoding,Weak keyword matching,"The alert uses only the name plus a broad topic such as computer science, engineering, AI, or gesture recognition, with no verified paper identity.",No
Academia Mentions premium@academia-mail.com,"$1, 30 day trial. Are you the “Hunmin Lee” cited in Computer Science papers?",2025-11-01T07:16:39+00:00,Generic AI/ML/computing,Misrepresenting/too broad — generic or off-profile label,Weak keyword matching,"The alert uses only the name plus a broad topic such as computer science, engineering, AI, or gesture recognition, with no verified paper identity.",No
Academia Mentions premium@academia-mail.com,Are you the “H. Lee” cited in Engineering papers?,2025-10-30T08:56:52+00:00,Generic AI/ML/computing,Misrepresenting/too broad — generic or off-profile label,Possible namesake,"The alert relies on H. Lee/name matching or an off-profile field and does not identify a verified paper, author list, venue, or DOI.",No
Routledge Books routledgebooks@email.routledge.com,Last Call: October Sale ending soon!,2025-10-29T08:12:32-06:00,General education or professional development,Misrepresenting/too broad — generic or off-profile label,Generic academic promotion,Recurring book-sale/bestseller campaign with no verified connection to the current research profile.,No
Academia Mentions premium@academia-mail.com,Are you the “Hunmin Lee” cited in Capacitive Sensing papers?,2025-10-28T17:26:43+00:00,Capacitive/electric-field sensing and hand-motion interfaces,Historical — Capacitive/electric-field sensing,Secondary or historical match,"Exact-title or topic alert matches genuine older capacitive/hand-motion work or a secondary application, but not the present core identity.",No
Academia Mentions premium@academia-mail.com,Are you the “H. Lee” cited in Gesture papers?,2025-10-26T13:33:48+00:00,Gesture recognition (unspecified modality),Core — Generalizable EMG/biosignal decoding,Possible namesake,"The alert relies on H. Lee/name matching or an off-profile field and does not identify a verified paper, author list, venue, or DOI.",No
"""Academia.edu"" premium@academia-mail.com","The name ""Hunmin Lee"" is mentioned in a Computer Science paper uploaded to Academia",2025-10-26T09:58:38+00:00,Generic AI/ML/computing,Misrepresenting/too broad — generic or off-profile label,Weak keyword matching,"The alert uses only the name plus a broad topic such as computer science, engineering, AI, or gesture recognition, with no verified paper identity.",No
Academia Mentions premium@academia-mail.com,"$1, 30 day trial. Are you the “Hunmin Lee” mentioned in Gesture Recognition papers?",2025-10-24T11:56:34+00:00,Gesture recognition (unspecified modality),Core — Generalizable EMG/biosignal decoding,Weak keyword matching,"The alert uses only the name plus a broad topic such as computer science, engineering, AI, or gesture recognition, with no verified paper identity.",No
"""Taylor & Francis"" taylorandfrancis@email.taylorandfrancis.com","""Consumer Behavior in the TikTok Era: A Comprehensive Review of Trends, Theoretical Framework and Future Avenues"" is ready to read",2025-10-23T20:21:36-06:00,General education or professional development,Misrepresenting/too broad — generic or off-profile label,Generic academic promotion,"Publisher recommendation, survey, or sales campaign; topical overlap is not evidence of research identity.",No
Academia Mentions premium@academia-mail.com,Are you the “Hunmin Lee” cited in Computer Science papers?,2025-10-23T10:14:46+00:00,Generic AI/ML/computing,Misrepresenting/too broad — generic or off-profile label,Weak keyword matching,"The alert uses only the name plus a broad topic such as computer science, engineering, AI, or gesture recognition, with no verified paper identity.",No
"""Academia.edu"" premium@academia-mail.com","“Lee, Hunmin”: The name ""Lee, Hunmin"" is mentioned in 4 papers uploaded to Academia, including one in a paper by someone in Indianapolis, United States",2025-10-22T04:01:44+00:00,Generic academic/research,Misrepresenting/too broad — generic or off-profile label,Generic academic promotion,"Platform upsell, readership/profile metric, search-view notice, or other campaign that does not establish research relevance.",No
Academia Mentions premium@academia-mail.com,Are you the “Hunmin Lee” mentioned in Engineering papers?,2025-10-21T08:47:19+00:00,Generic AI/ML/computing,Misrepresenting/too broad — generic or off-profile label,Weak keyword matching,"The alert uses only the name plus a broad topic such as computer science, engineering, AI, or gesture recognition, with no verified paper identity.",No
Routledge Books routledgebooks@email.routledge.com,Don't Miss Out: 20% Off Print Books & 25% Off eBooks!,2025-10-21T07:15:46-06:00,General education or professional development,Misrepresenting/too broad — generic or off-profile label,Generic academic promotion,Recurring book-sale/bestseller campaign with no verified connection to the current research profile.,No
Academia Mentions premium@academia-mail.com,Are you the “Hunmin Lee” cited in Gesture papers?,2025-10-18T20:44:44+00:00,Gesture recognition (unspecified modality),Core — Generalizable EMG/biosignal decoding,Weak keyword matching,"The alert uses only the name plus a broad topic such as computer science, engineering, AI, or gesture recognition, with no verified paper identity.",No
Academia Mentions premium@academia-mail.com,Are you the “H. Lee” cited in Gesture Recognition papers?,2025-10-17T20:03:07+00:00,Gesture recognition (unspecified modality),Core — Generalizable EMG/biosignal decoding,Possible namesake,"The alert relies on H. Lee/name matching or an off-profile field and does not identify a verified paper, author list, venue, or DOI.",No
Routledge Books routledgebooks@email.routledge.com,Extra Savings Alert: Get an Additional 10% Off!,2025-10-14T07:17:30-06:00,General education or professional development,Misrepresenting/too broad — generic or off-profile label,Generic academic promotion,Recurring book-sale/bestseller campaign with no verified connection to the current research profile.,No
Academia Mentions premium@academia-mail.com,Are you the “H. Lee” cited in Capacitive Sensing papers?,2025-10-13T17:24:39+00:00,Capacitive/electric-field sensing and hand-motion interfaces,Historical — Capacitive/electric-field sensing,Secondary or historical match,"Exact-title or topic alert matches genuine older capacitive/hand-motion work or a secondary application, but not the present core identity.",No
"""Academia.edu"" premium@academia-mail.com","Hunmin Lee and ""A BPRCNN Based Hand Motion Classifier Using Electric Field Sensors"" are mentioned in a paper uploaded to Academia",2025-10-13T06:14:43+00:00,Capacitive/electric-field sensing and hand-motion interfaces,Historical — Capacitive/electric-field sensing,Secondary or historical match,"Exact-title or topic alert matches genuine older capacitive/hand-motion work or a secondary application, but not the present core identity.",No
Academia Mentions premium@academia-mail.com,Are you the “H. Lee” cited in Computer Science papers?,2025-10-11T16:06:23+00:00,Generic AI/ML/computing,Misrepresenting/too broad — generic or off-profile label,Possible namesake,"The alert relies on H. Lee/name matching or an off-profile field and does not identify a verified paper, author list, venue, or DOI.",No
Academia Mentions premium@academia-mail.com,Are you the “H. Lee” cited in Computer Science papers?,2025-10-09T14:55:58+00:00,Generic AI/ML/computing,Misrepresenting/too broad — generic or off-profile label,Possible namesake,"The alert relies on H. Lee/name matching or an off-profile field and does not identify a verified paper, author list, venue, or DOI.",No
Academia Mentions premium@academia-mail.com,"$1, 30 day trial. Are you the “Hunmin Lee” mentioned in Capacitive Sensing papers?",2025-10-08T14:20:39+00:00,Capacitive/electric-field sensing and hand-motion interfaces,Historical — Capacitive/electric-field sensing,Secondary or historical match,"Exact-title or topic alert matches genuine older capacitive/hand-motion work or a secondary application, but not the present core identity.",No
Routledge Books routledgebooks@email.routledge.com,October Exclusive: Save 20% on Print + 25% on eBooks!,2025-10-07T07:05:34-06:00,General education or professional development,Misrepresenting/too broad — generic or off-profile label,Generic academic promotion,Recurring book-sale/bestseller campaign with no verified connection to the current research profile.,No
Academia Mentions premium@academia-mail.com,Are you the “Hunmin Lee” mentioned in Engineering papers?,2025-10-04T11:51:50+00:00,Generic AI/ML/computing,Misrepresenting/too broad — generic or off-profile label,Weak keyword matching,"The alert uses only the name plus a broad topic such as computer science, engineering, AI, or gesture recognition, with no verified paper identity.",No
Academia Mentions premium@academia-mail.com,Are you the “Hunmin Lee” cited in Capacitive Sensing papers?,2025-10-03T11:16:19+00:00,Capacitive/electric-field sensing and hand-motion interfaces,Historical — Capacitive/electric-field sensing,Secondary or historical match,"Exact-title or topic alert matches genuine older capacitive/hand-motion work or a secondary application, but not the present core identity.",No
Routledge Books routledgebooks@email.routledge.com,Save 30% on selected hardbacks! 📖,2025-09-30T13:07:30-06:00,General education or professional development,Misrepresenting/too broad — generic or off-profile label,Generic academic promotion,Recurring book-sale/bestseller campaign with no verified connection to the current research profile.,No
Academia Mentions premium@academia-mail.com,Are you the “Hunmin Lee” cited in Gesture papers?,2025-09-29T08:18:18+00:00,Gesture recognition (unspecified modality),Core — Generalizable EMG/biosignal decoding,Weak keyword matching,"The alert uses only the name plus a broad topic such as computer science, engineering, AI, or gesture recognition, with no verified paper identity.",No
Academia Mentions premium@academia-mail.com,Are you the “Hunmin Lee” mentioned in Computer Science papers?,2025-09-28T08:04:04+00:00,Generic AI/ML/computing,Misrepresenting/too broad — generic or off-profile label,Weak keyword matching,"The alert uses only the name plus a broad topic such as computer science, engineering, AI, or gesture recognition, with no verified paper identity.",No
"""Academia.edu"" premium@academia-mail.com","The name ""Hunmin Lee"" is mentioned in an Engineering paper uploaded to Academia",2025-09-27T06:33:07+00:00,Generic AI/ML/computing,Misrepresenting/too broad — generic or off-profile label,Weak keyword matching,"The alert uses only the name plus a broad topic such as computer science, engineering, AI, or gesture recognition, with no verified paper identity.",No
Academia Mentions premium@academia-mail.com,Are you the “H. Lee” cited in Engineering papers?,2025-09-26T06:12:52+00:00,Generic AI/ML/computing,Misrepresenting/too broad — generic or off-profile label,Possible namesake,"The alert relies on H. Lee/name matching or an off-profile field and does not identify a verified paper, author list, venue, or DOI.",No
Routledge Books routledgebooks@email.routledge.com,Now In Paperback – grab your favourite title today,2025-09-24T11:56:23-06:00,Generic academic/research,Misrepresenting/too broad — generic or off-profile label,Generic academic promotion,Recurring book-sale/bestseller campaign with no verified connection to the current research profile.,No
Academia Mentions premium@academia-mail.com,Are you the “Hunmin Lee” cited in Gesture Recognition papers?,2025-09-24T04:54:02+00:00,Gesture recognition (unspecified modality),Core — Generalizable EMG/biosignal decoding,Weak keyword matching,"The alert uses only the name plus a broad topic such as computer science, engineering, AI, or gesture recognition, with no verified paper identity.",No
Academia Mentions premium@academia-mail.com,"$1, 30 day trial. Are you the “Hunmin Lee” mentioned in Gesture papers?",2025-09-23T04:14:06+00:00,Gesture recognition (unspecified modality),Core — Generalizable EMG/biosignal decoding,Weak keyword matching,"The alert uses only the name plus a broad topic such as computer science, engineering, AI, or gesture recognition, with no verified paper identity.",No
"""Academia.edu"" premium@academia-mail.com","A paper published by a member of the Energy Technologies Area department at Lawrence Berkeley National Laboratory mentions the name ""Hunmin Lee""",2025-09-22T03:34:23+00:00,Generic academic/research,Misrepresenting/too broad — generic or off-profile label,Possible namesake,"The alert relies on H. Lee/name matching or an off-profile field and does not identify a verified paper, author list, venue, or DOI.",No
Academia Mentions premium@academia-mail.com,Are you the “Hunmin Lee” cited in Computer Science papers?,2025-09-19T01:44:20+00:00,Generic AI/ML/computing,Misrepresenting/too broad — generic or off-profile label,Weak keyword matching,"The alert uses only the name plus a broad topic such as computer science, engineering, AI, or gesture recognition, with no verified paper identity.",No
"""Academia.edu"" premium@academia-mail.com","H. Lee and ""Real-time Interface Control with Motion Gesture Recognition based on Non-contact Capacitive Sensing"" are mentioned in a paper uploaded to Academia",2025-09-18T05:36:58+00:00,Capacitive/electric-field sensing and hand-motion interfaces,Historical — Capacitive/electric-field sensing,Secondary or historical match,"Exact-title or topic alert matches genuine older capacitive/hand-motion work or a secondary application, but not the present core identity.",No
Routledge Books routledgebooks@email.routledge.com,⏰ Don’t Forget – Back to College Sale Is Still On!,2025-09-18T03:11:37-06:00,General education or professional development,Misrepresenting/too broad — generic or off-profile label,Generic academic promotion,Recurring book-sale/bestseller campaign with no verified connection to the current research profile.,No
Routledge Books routledgebooks@email.routledge.com,🏁 FINAL CALL: EXTRA 10% OFF BEFORE IT'S GONE!,2025-09-18T02:13:37-06:00,General education or professional development,Misrepresenting/too broad — generic or off-profile label,Generic academic promotion,Recurring book-sale/bestseller campaign with no verified connection to the current research profile.,No
Academia Mentions premium@academia-mail.com,Are you the “Hunmin Lee” mentioned in Gesture Recognition papers?,2025-09-18T01:07:40+00:00,Gesture recognition (unspecified modality),Core — Generalizable EMG/biosignal decoding,Weak keyword matching,"The alert uses only the name plus a broad topic such as computer science, engineering, AI, or gesture recognition, with no verified paper identity.",No
"""Academia.edu"" premium@academia-mail.com","Someone saw ""FedLC: Optimizing Federated..."" in an Academia search",2025-09-17T19:11:08+00:00,"Federated, personalized, prototype, and adaptive learning","Core — Adaptation, personalization, and federated/prototype learning",Current research match,"Exact-title or exact-method alert matches the current federated/adaptive learning profile; the platform alert is a discovery cue, not citation proof.",No
Academia Mentions premium@academia-mail.com,"Free, 30 day trial. Are you the “H. Lee” cited in Gesture papers?",2025-09-15T23:44:19+00:00,Gesture recognition (unspecified modality),Core — Generalizable EMG/biosignal decoding,Possible namesake,"The alert relies on H. Lee/name matching or an off-profile field and does not identify a verified paper, author list, venue, or DOI.",No
"""Academia.edu"" premium@academia-mail.com",Last reminder: try out Academia Premium for 30 days for just Free,2025-09-15T10:53:05+00:00,Generic academic/research,Misrepresenting/too broad — generic or off-profile label,Generic academic promotion,"Platform upsell, readership/profile metric, search-view notice, or other campaign that does not establish research relevance.",No
Academia Mentions premium@academia-mail.com,Are you the “Hunmin Lee” cited in Engineering papers?,2025-09-13T22:24:48+00:00,Generic AI/ML/computing,Misrepresenting/too broad — generic or off-profile label,Weak keyword matching,"The alert uses only the name plus a broad topic such as computer science, engineering, AI, or gesture recognition, with no verified paper identity.",No
Academia Mentions premium@academia-mail.com,Are you the “Hunmin Lee” cited in arXiv papers?,2025-09-12T21:46:54+00:00,Generic academic/research,Misrepresenting/too broad — generic or off-profile label,Weak keyword matching,"The alert uses only the name plus a broad topic such as computer science, engineering, AI, or gesture recognition, with no verified paper identity.",No
"""Academia.edu"" premium@academia-mail.com","Someone saw ""FedLC: Optimizing Federated..."" in an Academia search",2025-09-12T19:11:04+00:00,"Federated, personalized, prototype, and adaptive learning","Core — Adaptation, personalization, and federated/prototype learning",Current research match,"Exact-title or exact-method alert matches the current federated/adaptive learning profile; the platform alert is a discovery cue, not citation proof.",No
Academia Mentions premium@academia-mail.com,Are you the “Hunmin Lee” cited in Artificial Intelligence papers?,2025-09-10T20:26:14+00:00,Generic AI/ML/computing,Misrepresenting/too broad — generic or off-profile label,Weak keyword matching,"The alert uses only the name plus a broad topic such as computer science, engineering, AI, or gesture recognition, with no verified paper identity.",No
Academia Mentions premium@academia-mail.com,Are you the “H. Lee” cited in Computer Science papers?,2025-09-09T19:44:45+00:00,Generic AI/ML/computing,Misrepresenting/too broad — generic or off-profile label,Possible namesake,"The alert relies on H. Lee/name matching or an off-profile field and does not identify a verified paper, author list, venue, or DOI.",No
"""Taylor & Francis"" taylorandfrancis@email.taylorandfrancis.com","""Dissecting pedestrian behaviour in Ghana: a cluster-based analysis of safety and risk profiles"" is ready to read",2025-09-09T17:04:49-06:00,General education or professional development,Misrepresenting/too broad — generic or off-profile label,Generic academic promotion,"Publisher recommendation, survey, or sales campaign; topical overlap is not evidence of research identity.",No
"""Academia.edu"" premium@academia-mail.com","“Lee, Hunmin”: The name ""Lee, Hunmin"" is mentioned in 4 papers uploaded to Academia, including one in a paper by someone in Indianapolis, United States",2025-09-09T07:50:02+00:00,Generic academic/research,Misrepresenting/too broad — generic or off-profile label,Generic academic promotion,"Platform upsell, readership/profile metric, search-view notice, or other campaign that does not establish research relevance.",No
Academia Mentions premium@academia-mail.com,"Free, 30 day trial. Are you the “H. Lee” cited in Capacitive Sensing papers?",2025-09-07T18:33:24+00:00,Capacitive/electric-field sensing and hand-motion interfaces,Historical — Capacitive/electric-field sensing,Secondary or historical match,"Exact-title or topic alert matches genuine older capacitive/hand-motion work or a secondary application, but not the present core identity.",No
"""Academia.edu"" premium@academia-mail.com",Remember: you can try Academia Premium for Free for 30 days,2025-09-07T05:11:40+00:00,Generic academic/research,Misrepresenting/too broad — generic or off-profile label,Generic academic promotion,"Platform upsell, readership/profile metric, search-view notice, or other campaign that does not establish research relevance.",No
Academia Mentions premium@academia-mail.com,Are you the “H. Lee” cited in Gesture papers?,2025-09-05T17:25:49+00:00,Gesture recognition (unspecified modality),Core — Generalizable EMG/biosignal decoding,Possible namesake,"The alert relies on H. Lee/name matching or an off-profile field and does not identify a verified paper, author list, venue, or DOI.",No
Academia Mentions premium@academia-mail.com,Are you the “Hunmin Lee” cited in Capacitive Sensing papers?,2025-09-04T16:53:15+00:00,Capacitive/electric-field sensing and hand-motion interfaces,Historical — Capacitive/electric-field sensing,Secondary or historical match,"Exact-title or topic alert matches genuine older capacitive/hand-motion work or a secondary application, but not the present core identity.",No
Mentioned by Hunmin Lee premium@academia-mail.com,Are you the “H. Lee” cited in Gesture Recognition papers?,2025-09-02T15:46:05+00:00,Gesture recognition (unspecified modality),Core — Generalizable EMG/biosignal decoding,Possible namesake,"The alert relies on H. Lee/name matching or an off-profile field and does not identify a verified paper, author list, venue, or DOI.",No
Mentioned by Jie Ma premium@academia-mail.com,Are you the “Hunmin Lee” cited in Computer Science papers?,2025-08-31T14:34:12+00:00,Generic AI/ML/computing,Misrepresenting/too broad — generic or off-profile label,Weak keyword matching,"The alert uses only the name plus a broad topic such as computer science, engineering, AI, or gesture recognition, with no verified paper identity.",No
Mentioned by Hunmin Lee premium@academia-mail.com,"$1, 30 day trial. Are you the “Hunmin Lee” cited in Gesture Recognition papers?",2025-08-30T14:03:36+00:00,Gesture recognition (unspecified modality),Core — Generalizable EMG/biosignal decoding,Weak keyword matching,"The alert uses only the name plus a broad topic such as computer science, engineering, AI, or gesture recognition, with no verified paper identity.",No
Mentioned by Hunmin Lee premium@academia-mail.com,Are you the “Hunmin Lee” mentioned in Gesture papers?,2025-08-28T12:52:40+00:00,Gesture recognition (unspecified modality),Core — Generalizable EMG/biosignal decoding,Weak keyword matching,"The alert uses only the name plus a broad topic such as computer science, engineering, AI, or gesture recognition, with no verified paper identity.",No
"""Taylor & Francis"" taylorandfrancis@email.taylorandfrancis.com",Survey: Human Computer Interaction,2025-08-27T06:22:40-06:00,General education or professional development,Misrepresenting/too broad — generic or off-profile label,Generic academic promotion,"Publisher recommendation, survey, or sales campaign; topical overlap is not evidence of research identity.",No
"""Taylor & Francis"" taylorandfrancis@email.taylorandfrancis.com","""A novel drought index integrating GNSS and precipitation data for drought monitoring in Brazil"" is ready to read",2025-08-26T16:30:52-06:00,General education or professional development,Misrepresenting/too broad — generic or off-profile label,Generic academic promotion,"Publisher recommendation, survey, or sales campaign; topical overlap is not evidence of research identity.",No
Mentioned by Hunmin Lee premium@academia-mail.com,Are you the “H. Lee” cited in Engineering papers?,2025-08-26T11:38:12+00:00,Generic AI/ML/computing,Misrepresenting/too broad — generic or off-profile label,Possible namesake,"The alert relies on H. Lee/name matching or an off-profile field and does not identify a verified paper, author list, venue, or DOI.",No
"""Academia.edu"" premium@academia-mail.com","Hunmin Lee and ""A BPRCNN Based Hand Motion Classifier Using Electric Field Sensors"" are mentioned in a paper uploaded to Academia",2025-08-26T05:20:00+00:00,Capacitive/electric-field sensing and hand-motion interfaces,Historical — Capacitive/electric-field sensing,Secondary or historical match,"Exact-title or topic alert matches genuine older capacitive/hand-motion work or a secondary application, but not the present core identity.",No
Routledge Books routledgebooks@email.routledge.com,25% Off Bestselling Books!,2025-08-25T12:05:52-06:00,General education or professional development,Misrepresenting/too broad — generic or off-profile label,Generic academic promotion,Recurring book-sale/bestseller campaign with no verified connection to the current research profile.,No
Mentioned by Jie Ma premium@academia-mail.com,Are you the “Hunmin Lee” cited in arXiv papers?,2025-08-25T10:58:36+00:00,Generic academic/research,Misrepresenting/too broad — generic or off-profile label,Weak keyword matching,"The alert uses only the name plus a broad topic such as computer science, engineering, AI, or gesture recognition, with no verified paper identity.",No
Mentioned by Wan Hyun Cho premium@academia-mail.com,"$1, 30 day trial. “Hunmin Lee” cited by “Wan Hyun Cho”",2025-08-23T09:45:39+00:00,Generic academic/research,Misrepresenting/too broad — generic or off-profile label,Individually named but unverified,The subject names a citing/mentioning person but the body does not identify the cited work; retain for manual identity verification.,No
"""Academia.edu"" premium@academia-mail.com","The name ""Hunmin Lee"" is mentioned in a paper published in Electronics",2025-08-22T08:13:27+00:00,Generic academic/research,Misrepresenting/too broad — generic or off-profile label,Weak keyword matching,"The alert uses only the name plus a broad topic such as computer science, engineering, AI, or gesture recognition, with no verified paper identity.",No
Mentioned by Paniz Hosseini premium@academia-mail.com,Are you the “H. Lee” cited in Computer Science papers?,2025-08-21T08:29:03+00:00,Generic AI/ML/computing,Misrepresenting/too broad — generic or off-profile label,Possible namesake,"The alert relies on H. Lee/name matching or an off-profile field and does not identify a verified paper, author list, venue, or DOI.",No
Mentioned by Myung Hwan Na premium@academia-mail.com,“Hunmin Lee” cited by “Myung Hwan Na”,2025-08-20T07:49:08+00:00,Generic academic/research,Misrepresenting/too broad — generic or off-profile label,Individually named but unverified,The subject names a citing/mentioning person but the body does not identify the cited work; retain for manual identity verification.,No
"""Academia.edu"" premium@academia-mail.com","The name ""Hunmin Lee"" is mentioned by a CHEMICAL SCIENCES researcher in a paper uploaded to Academia",2025-08-18T05:52:48+00:00,Chemistry/materials/physical sciences,Misrepresenting/too broad — generic or off-profile label,Possible namesake,"The alert relies on H. Lee/name matching or an off-profile field and does not identify a verified paper, author list, venue, or DOI.",No
Mentioned by Paniz Hosseini premium@academia-mail.com,“H. Lee” cited by “Paniz Hosseini”,2025-08-16T05:24:01+00:00,Generic academic/research,Misrepresenting/too broad — generic or off-profile label,Possible namesake,"The alert relies on H. Lee/name matching or an off-profile field and does not identify a verified paper, author list, venue, or DOI.",No
Mentioned by Hunmin Lee premium@academia-mail.com,"$1, 30 day trial. “H. Lee” cited by “Hunmin Lee”",2025-08-15T04:46:32+00:00,Generic academic/research,Misrepresenting/too broad — generic or off-profile label,Possible namesake,"The alert relies on H. Lee/name matching or an off-profile field and does not identify a verified paper, author list, venue, or DOI.",No
Mentioned by Hunmin Lee premium@academia-mail.com,Are you the “Hunmin Lee” mentioned in Gesture Recognition papers?,2025-08-13T03:32:32+00:00,Gesture recognition (unspecified modality),Core — Generalizable EMG/biosignal decoding,Weak keyword matching,"The alert uses only the name plus a broad topic such as computer science, engineering, AI, or gesture recognition, with no verified paper identity.",No
Mentioned by Hunmin Lee premium@academia-mail.com,“H. Lee” cited by “Hunmin Lee”,2025-08-11T02:12:06+00:00,Generic academic/research,Misrepresenting/too broad — generic or off-profile label,Possible namesake,"The alert relies on H. Lee/name matching or an off-profile field and does not identify a verified paper, author list, venue, or DOI.",No
Mentioned by Hunmin Lee premium@academia-mail.com,Are you the “H. Lee” cited in Gesture papers?,2025-08-10T01:27:42+00:00,Gesture recognition (unspecified modality),Core — Generalizable EMG/biosignal decoding,Possible namesake,"The alert relies on H. Lee/name matching or an off-profile field and does not identify a verified paper, author list, venue, or DOI.",No
Mentioned by Hunmin Lee premium@academia-mail.com,"$1, 30 day trial. “Hunmin Lee” cited by “Hunmin Lee”",2025-08-08T00:16:44+00:00,Generic academic/research,Misrepresenting/too broad — generic or off-profile label,Individually named but unverified,The subject names a citing/mentioning person but the body does not identify the cited work; retain for manual identity verification.,No
Mentioned by Hunmin Lee premium@academia-mail.com,Are you the “Hunmin Lee” mentioned in Engineering papers?,2025-08-05T22:50:26+00:00,Generic AI/ML/computing,Misrepresenting/too broad — generic or off-profile label,Weak keyword matching,"The alert uses only the name plus a broad topic such as computer science, engineering, AI, or gesture recognition, with no verified paper identity.",No
Mentioned by DaeHee Seo premium@academia-mail.com,“Hunmin Lee” cited by “DaeHee Seo”,2025-08-04T22:16:13+00:00,Generic academic/research,Misrepresenting/too broad — generic or off-profile label,Individually named but unverified,The subject names a citing/mentioning person but the body does not identify the cited work; retain for manual identity verification.,No
Mentioned by Jie Ma premium@academia-mail.com,Are you the “Hunmin Lee” cited in Computer Science papers?,2025-08-02T20:55:57+00:00,Generic AI/ML/computing,Misrepresenting/too broad — generic or off-profile label,Weak keyword matching,"The alert uses only the name plus a broad topic such as computer science, engineering, AI, or gesture recognition, with no verified paper identity.",No
Mentioned by Thomas Lagkas premium@academia-mail.com,“H. Lee” cited by “Thomas Lagkas”,2025-07-31T19:40:14+00:00,Generic academic/research,Misrepresenting/too broad — generic or off-profile label,Possible namesake,"The alert relies on H. Lee/name matching or an off-profile field and does not identify a verified paper, author list, venue, or DOI.",No
Mentioned by Hunmin Lee premium@academia-mail.com,"$1, 30 day trial. Are you the “Hunmin Lee” mentioned in Gesture papers?",2025-07-30T19:07:37+00:00,Gesture recognition (unspecified modality),Core — Generalizable EMG/biosignal decoding,Weak keyword matching,"The alert uses only the name plus a broad topic such as computer science, engineering, AI, or gesture recognition, with no verified paper identity.",No
Routledge Books routledgebooks@email.routledge.com,🚨Last chance🚨: Mid Year Sale ending soon!,2025-07-30T07:13:08-06:00,General education or professional development,Misrepresenting/too broad — generic or off-profile label,Generic academic promotion,Recurring book-sale/bestseller campaign with no verified connection to the current research profile.,No
"""Taylor & Francis"" taylorandfrancis@email.taylorandfrancis.com","""Distance traveled by people using Permobil power wheelchairs based on large data analytics"" is ready to read",2025-07-29T15:57:48-06:00,Generic AI/ML/computing,Misrepresenting/too broad — generic or off-profile label,Generic academic promotion,"Publisher recommendation, survey, or sales campaign; topical overlap is not evidence of research identity.",No
Mentioned by In Seop Na premium@academia-mail.com,“Hunmin Lee” cited by “In Seop Na”,2025-07-28T17:48:08+00:00,Generic academic/research,Misrepresenting/too broad — generic or off-profile label,Individually named but unverified,The subject names a citing/mentioning person but the body does not identify the cited work; retain for manual identity verification.,No
Mentioned by Hunmin Lee premium@academia-mail.com,Are you the “H. Lee” cited in Engineering papers?,2025-07-26T16:32:03+00:00,Generic AI/ML/computing,Misrepresenting/too broad — generic or off-profile label,Possible namesake,"The alert relies on H. Lee/name matching or an off-profile field and does not identify a verified paper, author list, venue, or DOI.",No
Mentioned by Sang Kyoon Kim premium@academia-mail.com,“Hunmin Lee” cited by “Sang Kyoon Kim”,2025-07-25T15:55:49+00:00,Generic academic/research,Misrepresenting/too broad — generic or off-profile label,Individually named but unverified,The subject names a citing/mentioning person but the body does not identify the cited work; retain for manual identity verification.,No
Mentioned by Hunmin Lee premium@academia-mail.com,"$1, 30 day trial. Are you the “Hunmin Lee” cited in Gesture Recognition papers?",2025-07-23T14:31:59+00:00,Gesture recognition (unspecified modality),Core — Generalizable EMG/biosignal decoding,Weak keyword matching,"The alert uses only the name plus a broad topic such as computer science, engineering, AI, or gesture recognition, with no verified paper identity.",No
Mentioned by Wan Hyun Cho premium@academia-mail.com,“Hunmin Lee” cited by “Wan Hyun Cho”,2025-07-21T13:18:59+00:00,Generic academic/research,Misrepresenting/too broad — generic or off-profile label,Individually named but unverified,The subject names a citing/mentioning person but the body does not identify the cited work; retain for manual identity verification.,No
Routledge Books routledgebooks@email.routledge.com,Mid Year Sale: Save an extra 10%!,2025-07-21T07:12:51-06:00,General education or professional development,Misrepresenting/too broad — generic or off-profile label,Generic academic promotion,Recurring book-sale/bestseller campaign with no verified connection to the current research profile.,No
Mentioned by Jie Ma premium@academia-mail.com,Are you the “Hunmin Lee” cited in arXiv papers?,2025-07-20T12:43:59+00:00,Generic academic/research,Misrepresenting/too broad — generic or off-profile label,Weak keyword matching,"The alert uses only the name plus a broad topic such as computer science, engineering, AI, or gesture recognition, with no verified paper identity.",No
Mentioned by Myung Hwan Na premium@academia-mail.com,“Hunmin Lee” cited by “Myung Hwan Na”,2025-07-18T11:20:19+00:00,Generic academic/research,Misrepresenting/too broad — generic or off-profile label,Individually named but unverified,The subject names a citing/mentioning person but the body does not identify the cited work; retain for manual identity verification.,No
"""DeepLearning.AI"" no-reply@m.mail.coursera.org",A new course on Retrieval Augmented Generation (RAG) is live!,2025-07-17T00:31:02+00:00,Generic AI/ML/computing,Misrepresenting/too broad — generic or off-profile label,Generic academic promotion,"Course, competition, or scholarship marketing; potentially skill-related when current, but not evidence of the research profile.",No
Mentioned by Paniz Hosseini premium@academia-mail.com,Are you the “H. Lee” cited in Capacitive Sensing papers?,2025-07-16T10:01:57+00:00,Capacitive/electric-field sensing and hand-motion interfaces,Historical — Capacitive/electric-field sensing,Secondary or historical match,"Exact-title or topic alert matches genuine older capacitive/hand-motion work or a secondary application, but not the present core identity.",No
"""Taylor & Francis"" taylorandfrancis@email.taylorandfrancis.com","""A Review of Design, User Experience, and Usability in HCI, Through the Lens of the DUXU Conference"" is ready to read",2025-07-15T20:27:41-06:00,General education or professional development,Misrepresenting/too broad — generic or off-profile label,Generic academic promotion,"Publisher recommendation, survey, or sales campaign; topical overlap is not evidence of research identity.",No
Mentioned by Paniz Hosseini premium@academia-mail.com,"$1, 30 day trial. “H. Lee” cited by “Paniz Hosseini”",2025-07-15T09:30:08+00:00,Generic academic/research,Misrepresenting/too broad — generic or off-profile label,Possible namesake,"The alert relies on H. Lee/name matching or an off-profile field and does not identify a verified paper, author list, venue, or DOI.",No
Routledge Books routledgebooks@email.routledge.com,New Releases you don't want to miss!,2025-07-14T11:04:40-06:00,General education or professional development,Misrepresenting/too broad — generic or off-profile label,Generic academic promotion,Recurring book-sale/bestseller campaign with no verified connection to the current research profile.,No
Mentioned by Paniz Hosseini premium@academia-mail.com,Are you the “H. Lee” cited in Computer Science papers?,2025-07-13T08:09:05+00:00,Generic AI/ML/computing,Misrepresenting/too broad — generic or off-profile label,Possible namesake,"The alert relies on H. Lee/name matching or an off-profile field and does not identify a verified paper, author list, venue, or DOI.",No
Mentioned by Tianyi Zhou premium@academia-mail.com,“Hunmin Lee” cited by “Tianyi Zhou”,2025-07-11T06:54:30+00:00,Generic academic/research,Misrepresenting/too broad — generic or off-profile label,Individually named but unverified,The subject names a citing/mentioning person but the body does not identify the cited work; retain for manual identity verification.,No
Mentioned by Guodong Long premium@academia-mail.com,"$1, 30 day trial. “Hunmin Lee” cited by “Guodong Long”",2025-07-08T05:04:28+00:00,Generic academic/research,Misrepresenting/too broad — generic or off-profile label,Individually named but unverified,The subject names a citing/mentioning person but the body does not identify the cited work; retain for manual identity verification.,No
Routledge Books routledgebooks@email.routledge.com,Mid Year Sale: Save an additional 15% OFF eBooks!,2025-07-07T07:18:37-06:00,General education or professional development,Misrepresenting/too broad — generic or off-profile label,Generic academic promotion,Recurring book-sale/bestseller campaign with no verified connection to the current research profile.,No
Mentioned by Hunmin Lee premium@academia-mail.com,Are you the “Hunmin Lee” mentioned in Gesture Recognition papers?,2025-07-06T03:46:20+00:00,Gesture recognition (unspecified modality),Core — Generalizable EMG/biosignal decoding,Weak keyword matching,"The alert uses only the name plus a broad topic such as computer science, engineering, AI, or gesture recognition, with no verified paper identity.",No
Mentioned by Jie Ma premium@academia-mail.com,“Hunmin Lee” cited by “Jie Ma”,2025-07-05T03:09:11+00:00,Generic academic/research,Misrepresenting/too broad — generic or off-profile label,Individually named but unverified,The subject names a citing/mentioning person but the body does not identify the cited work; retain for manual identity verification.,No
Mentioned by Hunmin Lee premium@academia-mail.com,Are you the “H. Lee” cited in Capacitive Sensing papers?,2025-07-03T01:59:33+00:00,Capacitive/electric-field sensing and hand-motion interfaces,Historical — Capacitive/electric-field sensing,Secondary or historical match,"Exact-title or topic alert matches genuine older capacitive/hand-motion work or a secondary application, but not the present core identity.",No
"""DeepLearning.AI"" no-reply@m.mail.coursera.org",From curiosity to career-ready: Stories from data professionals,2025-07-02T02:13:41+00:00,Generic AI/ML/computing,Misrepresenting/too broad — generic or off-profile label,Generic academic promotion,"Course, competition, or scholarship marketing; potentially skill-related when current, but not evidence of the research profile.",No
Mentioned by Hunmin Lee premium@academia-mail.com,“H. Lee” cited by “Hunmin Lee”,2025-07-02T01:12:40+00:00,Generic academic/research,Misrepresenting/too broad — generic or off-profile label,Possible namesake,"The alert relies on H. Lee/name matching or an off-profile field and does not identify a verified paper, author list, venue, or DOI.",No
Routledge Books routledgebooks@email.routledge.com,The Mid Year Sale is HERE! 📚,2025-07-01T13:07:55-06:00,General education or professional development,Misrepresenting/too broad — generic or off-profile label,Generic academic promotion,Recurring book-sale/bestseller campaign with no verified connection to the current research profile.,No
Mentioned by Hunmin Lee premium@academia-mail.com,“Hunmin Lee” cited by “Hunmin Lee”,2025-06-27T22:41:40+00:00,Generic academic/research,Misrepresenting/too broad — generic or off-profile label,Individually named but unverified,The subject names a citing/mentioning person but the body does not identify the cited work; retain for manual identity verification.,No
Mentioned by Hunmin Lee premium@academia-mail.com,Are you the “Hunmin Lee” mentioned in Gesture papers?,2025-06-26T21:57:31+00:00,Gesture recognition (unspecified modality),Core — Generalizable EMG/biosignal decoding,Weak keyword matching,"The alert uses only the name plus a broad topic such as computer science, engineering, AI, or gesture recognition, with no verified paper identity.",No
Mentioned by In Seop Na premium@academia-mail.com,“Hunmin Lee” cited by “In Seop Na”,2025-06-24T20:42:30+00:00,Generic academic/research,Misrepresenting/too broad — generic or off-profile label,Individually named but unverified,The subject names a citing/mentioning person but the body does not identify the cited work; retain for manual identity verification.,No
Routledge Books routledgebooks@email.routledge.com,Ending soon! Don't miss out on the eBook sale!,2025-06-24T09:04:34-06:00,General education or professional development,Misrepresenting/too broad — generic or off-profile label,Generic academic promotion,Recurring book-sale/bestseller campaign with no verified connection to the current research profile.,No
Routledge Books routledgebooks@email.routledge.com,Last chance! Save 30% on bestselling hardbacks! 📖,2025-06-23T22:06:29-06:00,General education or professional development,Misrepresenting/too broad — generic or off-profile label,Generic academic promotion,Recurring book-sale/bestseller campaign with no verified connection to the current research profile.,No
Mentioned by Hunmin Lee premium@academia-mail.com,Are you the “H. Lee” cited in Gesture Recognition papers?,2025-06-22T19:27:24+00:00,Gesture recognition (unspecified modality),Core — Generalizable EMG/biosignal decoding,Possible namesake,"The alert relies on H. Lee/name matching or an off-profile field and does not identify a verified paper, author list, venue, or DOI.",No
Mentioned by Sang Kyoon Kim premium@academia-mail.com,"$1, 30 day trial. “Hunmin Lee” cited by “Sang Kyoon Kim”",2025-06-21T18:47:45+00:00,Generic academic/research,Misrepresenting/too broad — generic or off-profile label,Individually named but unverified,The subject names a citing/mentioning person but the body does not identify the cited work; retain for manual identity verification.,No
Routledge Books routledgebooks@email.routledge.com,Save 30% on selected hardbacks! 📚,2025-06-18T12:06:51-06:00,General education or professional development,Misrepresenting/too broad — generic or off-profile label,Generic academic promotion,Recurring book-sale/bestseller campaign with no verified connection to the current research profile.,No
"""Taylor & Francis"" taylorandfrancis@email.taylorandfrancis.com","""Muscle Knot State Measurement Using Multi-Axis Kneading Reaction Force in Physical Massage Robot System"" is ready to read",2025-06-17T22:18:25-06:00,General education or professional development,Misrepresenting/too broad — generic or off-profile label,Generic academic promotion,"Publisher recommendation, survey, or sales campaign; topical overlap is not evidence of research identity.",No
Mentioned by Wan Hyun Cho premium@academia-mail.com,“Hunmin Lee” cited by “Wan Hyun Cho”,2025-06-17T16:02:59+00:00,Generic academic/research,Misrepresenting/too broad — generic or off-profile label,Individually named but unverified,The subject names a citing/mentioning person but the body does not identify the cited work; retain for manual identity verification.,No
"""U.S. News Education"" updates@send-edu.usnews.com",🏆 2025-2026 Best Global Universities Rankings,2025-06-17T15:32:52+00:00,Generic academic/research,Misrepresenting/too broad — generic or off-profile label,Generic academic promotion,Generic education or admissions promotion that is outdated or mismatched to the current PhD/research-career stage.,No
Routledge Books routledgebooks@email.routledge.com,The eBook sale is here!,2025-06-17T12:07:12-06:00,General education or professional development,Misrepresenting/too broad — generic or off-profile label,Generic academic promotion,Recurring book-sale/bestseller campaign with no verified connection to the current research profile.,No
Mentioned by Jie Ma premium@academia-mail.com,Are you the “Hunmin Lee” cited in arXiv papers?,2025-06-16T15:24:46+00:00,Generic academic/research,Misrepresenting/too broad — generic or off-profile label,Weak keyword matching,"The alert uses only the name plus a broad topic such as computer science, engineering, AI, or gesture recognition, with no verified paper identity.",No
"""U.S. News Education Partner Offers"" updates@send-p.usnews.com",EXCLUSIVE WEBINAR: 🚨 Why a Capstone Is No Longer Optional for Top College Admissions,2025-06-16T14:34:37+00:00,General education or professional development,Misrepresenting/too broad — generic or off-profile label,Generic academic promotion,Generic education or admissions promotion that is outdated or mismatched to the current PhD/research-career stage.,No
Mentioned by Myung Hwan Na premium@academia-mail.com,"$1, 30 day trial. “Hunmin Lee” cited by “Myung Hwan Na”",2025-06-14T14:09:58+00:00,Generic academic/research,Misrepresenting/too broad — generic or off-profile label,Individually named but unverified,The subject names a citing/mentioning person but the body does not identify the cited work; retain for manual identity verification.,No
"""DeepLearning.AI"" no-reply@m.mail.coursera.org",Data Storytelling by DeepLearning.AI is available now!,2025-06-12T15:35:53+00:00,Generic AI/ML/computing,Misrepresenting/too broad — generic or off-profile label,Generic academic promotion,"Course, competition, or scholarship marketing; potentially skill-related when current, but not evidence of the research profile.",No
"""U.S. News Education Partner Offers"" updates@send-p.usnews.com",Help Your Student Build the Right College List,2025-06-12T15:15:24+00:00,General education or professional development,Misrepresenting/too broad — generic or off-profile label,Generic academic promotion,Generic education or admissions promotion that is outdated or mismatched to the current PhD/research-career stage.,No
Mentioned by Paniz Hosseini premium@academia-mail.com,Are you the “H. Lee” cited in Capacitive Sensing papers?,2025-06-12T12:56:37+00:00,Capacitive/electric-field sensing and hand-motion interfaces,Historical — Capacitive/electric-field sensing,Secondary or historical match,"Exact-title or topic alert matches genuine older capacitive/hand-motion work or a secondary application, but not the present core identity.",No
Routledge Books routledgebooks@email.routledge.com,30% OFF! Save on Bestselling Hardbacks 📚,2025-06-12T07:06:14-06:00,General education or professional development,Misrepresenting/too broad — generic or off-profile label,Generic academic promotion,Recurring book-sale/bestseller campaign with no verified connection to the current research profile.,No
Routledge Books routledgebooks@email.routledge.com,Now In Paperback – grab your favourite title today,2025-06-11T14:01:39-06:00,Generic academic/research,Misrepresenting/too broad — generic or off-profile label,Generic academic promotion,Recurring book-sale/bestseller campaign with no verified connection to the current research profile.,No
Mentioned by Paniz Hosseini premium@academia-mail.com,“H. Lee” cited by “Paniz Hosseini”,2025-06-11T12:18:41+00:00,Generic academic/research,Misrepresenting/too broad — generic or off-profile label,Possible namesake,"The alert relies on H. Lee/name matching or an off-profile field and does not identify a verified paper, author list, venue, or DOI.",No
Routledge Books routledgebooks@email.routledge.com,Save 20% on these new releases! 📖,2025-06-09T13:07:09-06:00,General education or professional development,Misrepresenting/too broad — generic or off-profile label,Generic academic promotion,Recurring book-sale/bestseller campaign with no verified connection to the current research profile.,No
Mentioned by Jing Jiang premium@academia-mail.com,“Hunmin Lee” cited by “Jing Jiang”,2025-06-04T07:54:39+00:00,Generic academic/research,Misrepresenting/too broad — generic or off-profile label,Individually named but unverified,The subject names a citing/mentioning person but the body does not identify the cited work; retain for manual identity verification.,No
Routledge Books routledgebooks@email.routledge.com,Save 25% on your order with your unique code! 📚,2025-06-03T13:07:04-06:00,General education or professional development,Misrepresenting/too broad — generic or off-profile label,Generic academic promotion,Recurring book-sale/bestseller campaign with no verified connection to the current research profile.,No
Mentioned by Tianyi Zhou premium@academia-mail.com,“Hunmin Lee” cited by “Tianyi Zhou”,2025-06-01T05:43:37+00:00,Generic academic/research,Misrepresenting/too broad — generic or off-profile label,Individually named but unverified,The subject names a citing/mentioning person but the body does not identify the cited work; retain for manual identity verification.,No
Mentioned by Hunmin Lee premium@academia-mail.com,"$1, 30 day trial. Are you the “Hunmin Lee” mentioned in Engineering papers?",2025-05-30T04:28:24+00:00,Generic AI/ML/computing,Misrepresenting/too broad — generic or off-profile label,Weak keyword matching,"The alert uses only the name plus a broad topic such as computer science, engineering, AI, or gesture recognition, with no verified paper identity.",No
"""U.S. News Education"" updates@send-edu.usnews.com",Living On or Off Campus? Make the Right Housing Choice for You,2025-05-29T10:06:38+00:00,General education or professional development,Misrepresenting/too broad — generic or off-profile label,Generic academic promotion,Generic education or admissions promotion that is outdated or mismatched to the current PhD/research-career stage.,No
Mentioned by Guodong Long premium@academia-mail.com,“Hunmin Lee” cited by “Guodong Long”,2025-05-28T02:57:32+00:00,Generic academic/research,Misrepresenting/too broad — generic or off-profile label,Individually named but unverified,The subject names a citing/mentioning person but the body does not identify the cited work; retain for manual identity verification.,No
Mentioned by Hunmin Lee premium@academia-mail.com,Are you the “Hunmin Lee” cited in Engineering papers?,2025-05-27T02:11:48+00:00,Generic AI/ML/computing,Misrepresenting/too broad — generic or off-profile label,Weak keyword matching,"The alert uses only the name plus a broad topic such as computer science, engineering, AI, or gesture recognition, with no verified paper identity.",No
Mentioned by Jie Ma premium@academia-mail.com,“Hunmin Lee” cited by “Jie Ma”,2025-05-25T01:02:38+00:00,Generic academic/research,Misrepresenting/too broad — generic or off-profile label,Individually named but unverified,The subject names a citing/mentioning person but the body does not identify the cited work; retain for manual identity verification.,No
Mentioned by Jie Ma premium@academia-mail.com,Are you the “Hunmin Lee” cited in Computer Science papers?,2025-05-22T23:52:39+00:00,Generic AI/ML/computing,Misrepresenting/too broad — generic or off-profile label,Weak keyword matching,"The alert uses only the name plus a broad topic such as computer science, engineering, AI, or gesture recognition, with no verified paper identity.",No
"""U.S. News Education"" updates@send-edu.usnews.com",Why Campus Living Makes a Big Difference,2025-05-22T10:01:30+00:00,General education or professional development,Misrepresenting/too broad — generic or off-profile label,Generic academic promotion,Generic education or admissions promotion that is outdated or mismatched to the current PhD/research-career stage.,No
Mentioned by In Seop Na premium@academia-mail.com,"$1, 30 day trial. “Hunmin Lee” cited by “In Seop Na”",2025-05-21T23:16:16+00:00,Generic academic/research,Misrepresenting/too broad — generic or off-profile label,Individually named but unverified,The subject names a citing/mentioning person but the body does not identify the cited work; retain for manual identity verification.,No
"""Taylor & Francis"" taylorandfrancis@email.taylorandfrancis.com","""System Usability Scale for Gamified E-Learning Courses: Cross-Cultural Adaptation and Measurement Properties of the Spanish Version"" is ready to read",2025-05-20T18:45:47-06:00,General education or professional development,Misrepresenting/too broad — generic or off-profile label,Generic academic promotion,"Publisher recommendation, survey, or sales campaign; topical overlap is not evidence of research identity.",No
"""U.S. News Education Partner Offers"" updates@send-p.usnews.com",EXCLUSIVE WEBINAR: 2024-25 Admissions Reveal What Top Schools are Looking for in Applicants!,2025-05-20T13:41:35+00:00,General education or professional development,Misrepresenting/too broad — generic or off-profile label,Generic academic promotion,Generic education or admissions promotion that is outdated or mismatched to the current PhD/research-career stage.,No
Routledge Books routledgebooks@email.routledge.com,20% Off our Editor's Top Picks!,2025-05-20T07:03:16-06:00,General education or professional development,Misrepresenting/too broad — generic or off-profile label,Generic academic promotion,Recurring book-sale/bestseller campaign with no verified connection to the current research profile.,No
"""U.S. News Education Partner Offers"" updates@send-p.usnews.com","Live Webinar: A Parent’s Guide to Testing, Strategy, and Top 100 Schools",2025-05-19T13:46:34+00:00,General education or professional development,Misrepresenting/too broad — generic or off-profile label,Generic academic promotion,Generic education or admissions promotion that is outdated or mismatched to the current PhD/research-career stage.,No
Mentioned by Sang Kyoon Kim premium@academia-mail.com,“Hunmin Lee” cited by “Sang Kyoon Kim”,2025-05-17T20:33:40+00:00,Generic academic/research,Misrepresenting/too broad — generic or off-profile label,Individually named but unverified,The subject names a citing/mentioning person but the body does not identify the cited work; retain for manual identity verification.,No
Mentioned by Hunmin Lee premium@academia-mail.com,Are you the “Hunmin Lee” cited in Gesture Recognition papers?,2025-05-16T20:03:02+00:00,Gesture recognition (unspecified modality),Core — Generalizable EMG/biosignal decoding,Weak keyword matching,"The alert uses only the name plus a broad topic such as computer science, engineering, AI, or gesture recognition, with no verified paper identity.",No
"""U.S. News Education"" updates@send-edu.usnews.com",What to Expect at College Orientation,2025-05-15T10:06:37+00:00,General education or professional development,Misrepresenting/too broad — generic or off-profile label,Generic academic promotion,Generic education or admissions promotion that is outdated or mismatched to the current PhD/research-career stage.,No
Mentioned by Wan Hyun Cho premium@academia-mail.com,"$1, 30 day trial. “Hunmin Lee” cited by “Wan Hyun Cho”",2025-05-14T18:40:55+00:00,Generic academic/research,Misrepresenting/too broad — generic or off-profile label,Individually named but unverified,The subject names a citing/mentioning person but the body does not identify the cited work; retain for manual identity verification.,No
"""DeepLearning.AI"" no-reply@m.mail.coursera.org",Data I/O and Preprocessing with Python and SQL is now available!,2025-05-14T04:55:47+00:00,Generic AI/ML/computing,Misrepresenting/too broad — generic or off-profile label,Generic academic promotion,"Course, competition, or scholarship marketing; potentially skill-related when current, but not evidence of the research profile.",No
"""Academia.edu"" premium@academia-mail.com",See 3 Mentions for free!,2025-05-12T17:09:47+00:00,Generic academic/research,Misrepresenting/too broad — generic or off-profile label,Generic academic promotion,"Platform upsell, readership/profile metric, search-view notice, or other campaign that does not establish research relevance.",No
"""Academia.edu"" premium@academia-mail.com",See 3 Mentions for free!,2025-05-11T16:21:02+00:00,"Federated, personalized, prototype, and adaptive learning","Core — Adaptation, personalization, and federated/prototype learning",Current research match,"Exact-title or exact-method alert matches the current federated/adaptive learning profile; the platform alert is a discovery cue, not citation proof.",No
"""Academia.edu"" premium@academia-mail.com",See 3 Mentions for free!,2025-05-09T15:04:02+00:00,Generic academic/research,Misrepresenting/too broad — generic or off-profile label,Generic academic promotion,"Platform upsell, readership/profile metric, search-view notice, or other campaign that does not establish research relevance.",No
Routledge Books routledgebooks@email.routledge.com,Now In Paperback – grab your favourite title today,2025-05-09T13:07:27-06:00,Generic academic/research,Misrepresenting/too broad — generic or off-profile label,Generic academic promotion,Recurring book-sale/bestseller campaign with no verified connection to the current research profile.,No
"""U.S. News Education"" updates@send-edu.usnews.com",How to get into college classes you need,2025-05-08T10:04:41+00:00,General education or professional development,Misrepresenting/too broad — generic or off-profile label,Generic academic promotion,Generic education or admissions promotion that is outdated or mismatched to the current PhD/research-career stage.,No
"""Academia.edu"" premium@academia-mail.com",See 3 Mentions for free!,2025-05-07T13:50:26+00:00,Generic academic/research,Misrepresenting/too broad — generic or off-profile label,Generic academic promotion,"Platform upsell, readership/profile metric, search-view notice, or other campaign that does not establish research relevance.",No
"""U.S. News Education Partner Offers"" updates@send-p.usnews.com",The Secret to College Admissions Success,2025-05-06T15:03:29+00:00,General education or professional development,Misrepresenting/too broad — generic or off-profile label,Generic academic promotion,Generic education or admissions promotion that is outdated or mismatched to the current PhD/research-career stage.,No
"""Academia.edu"" premium@academia-mail.com",See 3 Mentions for free!,2025-05-06T13:10:37+00:00,"Federated, personalized, prototype, and adaptive learning","Core — Adaptation, personalization, and federated/prototype learning",Current research match,"Exact-title or exact-method alert matches the current federated/adaptive learning profile; the platform alert is a discovery cue, not citation proof.",No
"""Academia.edu"" premium@academia-mail.com",See 3 Mentions for free!,2025-05-04T14:36:32+00:00,Generic academic/research,Misrepresenting/too broad — generic or off-profile label,Generic academic promotion,"Platform upsell, readership/profile metric, search-view notice, or other campaign that does not establish research relevance.",No
"""Academia.edu"" premium@academia-mail.com",See 3 Mentions for free!,2025-05-01T19:31:00+00:00,"Federated, personalized, prototype, and adaptive learning","Core — Adaptation, personalization, and federated/prototype learning",Current research match,"Exact-title or exact-method alert matches the current federated/adaptive learning profile; the platform alert is a discovery cue, not citation proof.",No
"""U.S. News Education"" updates@send-edu.usnews.com",Resources Every College Student Needs To Use,2025-05-01T10:03:11+00:00,General education or professional development,Misrepresenting/too broad — generic or off-profile label,Generic academic promotion,Generic education or admissions promotion that is outdated or mismatched to the current PhD/research-career stage.,No
"""Academia.edu"" premium@academia-mail.com",See 3 Mentions for free!,2025-04-29T21:04:19+00:00,Generic academic/research,Misrepresenting/too broad — generic or off-profile label,Generic academic promotion,"Platform upsell, readership/profile metric, search-view notice, or other campaign that does not establish research relevance.",No
"""Academia.edu"" premium@academia-mail.com",See 3 Mentions for free!,2025-04-26T08:13:19+00:00,"Federated, personalized, prototype, and adaptive learning","Core — Adaptation, personalization, and federated/prototype learning",Current research match,"Exact-title or exact-method alert matches the current federated/adaptive learning profile; the platform alert is a discovery cue, not citation proof.",No
"""U.S. News Education"" updates@send-edu.usnews.com",Get Ready To Be A Freshman,2025-04-24T10:08:15+00:00,General education or professional development,Misrepresenting/too broad — generic or off-profile label,Generic academic promotion,Generic education or admissions promotion that is outdated or mismatched to the current PhD/research-career stage.,No
"""Taylor & Francis"" taylorandfrancis@email.taylorandfrancis.com","""Finite element simulation of windshield for tram?pedestrian collision"" is ready to read",2025-04-22T15:43:27-06:00,General education or professional development,Misrepresenting/too broad — generic or off-profile label,Generic academic promotion,"Publisher recommendation, survey, or sales campaign; topical overlap is not evidence of research identity.",No
Routledge Books routledgebooks@email.routledge.com,The APRIL SAVERS SALE is still on!,2025-04-22T11:06:17-06:00,Biomedical analytics,Secondary — Graph/interpretable biomedical ML,Generic academic promotion,Recurring book-sale/bestseller campaign with no verified connection to the current research profile.,No
Mentioned by Jaya Krishna Mandivarapu premium@academia-mail.com,“Hunmin Lee” mentioned by “Jaya Krishna Mandivarapu”,2025-04-22T04:55:11+00:00,Generic academic/research,Misrepresenting/too broad — generic or off-profile label,Individually named but unverified,The subject names a citing/mentioning person but the body does not identify the cited work; retain for manual identity verification.,No
"""U.S. News Education Partner Offers"" updates@send-p.usnews.com",The college game plan you didn’t know you needed,2025-04-21T14:47:27+00:00,General education or professional development,Misrepresenting/too broad — generic or off-profile label,Generic academic promotion,Generic education or admissions promotion that is outdated or mismatched to the current PhD/research-career stage.,No
Mentioned by Jie Ma premium@academia-mail.com,"$1, 30 day trial. Are you the “Hunmin Lee” cited in Computer Science papers?",2025-04-21T04:55:10+00:00,Generic AI/ML/computing,Misrepresenting/too broad — generic or off-profile label,Weak keyword matching,"The alert uses only the name plus a broad topic such as computer science, engineering, AI, or gesture recognition, with no verified paper identity.",No
Mentioned by Hunmin Lee premium@academia-mail.com,“Hunmin Lee” mentioned by “Hunmin Lee”,2025-04-19T04:16:43+00:00,Generic academic/research,Misrepresenting/too broad — generic or off-profile label,Individually named but unverified,The subject names a citing/mentioning person but the body does not identify the cited work; retain for manual identity verification.,No
Mentioned by Hunmin Lee premium@academia-mail.com,Are you the “Hunmin Lee” cited in Gesture papers?,2025-04-18T02:52:07+00:00,Gesture recognition (unspecified modality),Core — Generalizable EMG/biosignal decoding,Weak keyword matching,"The alert uses only the name plus a broad topic such as computer science, engineering, AI, or gesture recognition, with no verified paper identity.",No
"""U.S. News Education Partner Offers"" updates@send-p.usnews.com","TOMORROW'S WEBINAR: Top College Admissions 101 with a Former Stanford, Rice and Swarthmore Admissions Officer",2025-04-16T16:17:14+00:00,General education or professional development,Misrepresenting/too broad — generic or off-profile label,Generic academic promotion,Generic education or admissions promotion that is outdated or mismatched to the current PhD/research-career stage.,No
Mentioned by In Seop Na premium@academia-mail.com,“Hunmin Lee” cited by “In Seop Na”,2025-04-16T00:49:12+00:00,Generic academic/research,Misrepresenting/too broad — generic or off-profile label,Individually named but unverified,The subject names a citing/mentioning person but the body does not identify the cited work; retain for manual identity verification.,No
Routledge Books routledgebooks@email.routledge.com,APRIL SAVERS: Get an extra 10% OFF! 📖,2025-04-14T11:05:55-06:00,General education or professional development,Misrepresenting/too broad — generic or off-profile label,Generic academic promotion,Recurring book-sale/bestseller campaign with no verified connection to the current research profile.,No
Mentioned by Hunmin Lee premium@academia-mail.com,Are you the “Hunmin Lee” mentioned in Engineering papers?,2025-04-13T23:11:04+00:00,Generic AI/ML/computing,Misrepresenting/too broad — generic or off-profile label,Weak keyword matching,"The alert uses only the name plus a broad topic such as computer science, engineering, AI, or gesture recognition, with no verified paper identity.",No
Mentioned by Sang Kyoon Kim premium@academia-mail.com,"$1, 30 day trial. “Hunmin Lee” cited by “Sang Kyoon Kim”",2025-04-12T22:42:43+00:00,Generic academic/research,Misrepresenting/too broad — generic or off-profile label,Individually named but unverified,The subject names a citing/mentioning person but the body does not identify the cited work; retain for manual identity verification.,No
"""DeepLearning.AI"" no-reply@m.mail.coursera.org",📊 Python for Data Analytics is available now!,2025-04-11T18:11:52+00:00,Generic AI/ML/computing,Misrepresenting/too broad — generic or off-profile label,Generic academic promotion,"Course, competition, or scholarship marketing; potentially skill-related when current, but not evidence of the research profile.",No
Mentioned by Jie Ma premium@academia-mail.com,Are you the “Hunmin Lee” cited in arXiv papers?,2025-04-10T21:30:09+00:00,Generic academic/research,Misrepresenting/too broad — generic or off-profile label,Weak keyword matching,"The alert uses only the name plus a broad topic such as computer science, engineering, AI, or gesture recognition, with no verified paper identity.",No
"""U.S. News Education"" updates@send-edu.usnews.com",Need More Time? A Quick Guide to College Deferral,2025-04-10T10:08:31+00:00,General education or professional development,Misrepresenting/too broad — generic or off-profile label,Generic academic promotion,Generic education or admissions promotion that is outdated or mismatched to the current PhD/research-career stage.,No
Mentioned by Wan Hyun Cho premium@academia-mail.com,“Hunmin Lee” cited by “Wan Hyun Cho”,2025-04-08T19:51:51+00:00,Generic academic/research,Misrepresenting/too broad — generic or off-profile label,Individually named but unverified,The subject names a citing/mentioning person but the body does not identify the cited work; retain for manual identity verification.,No
"""Taylor & Francis"" taylorandfrancis@email.taylorandfrancis.com","""Slow Fashion Design: Understanding Consumer Preferences through Self-Congruity"" is ready to read",2025-04-08T15:18:37-06:00,General education or professional development,Misrepresenting/too broad — generic or off-profile label,Generic academic promotion,"Publisher recommendation, survey, or sales campaign; topical overlap is not evidence of research identity.",No
"""U.S. News Education"" updates@send-edu.usnews.com",🏆 2025 Best Graduate Schools rankings are here!,2025-04-08T14:13:28+00:00,Generic academic/research,Misrepresenting/too broad — generic or off-profile label,Generic academic promotion,Generic education or admissions promotion that is outdated or mismatched to the current PhD/research-career stage.,No
Routledge Books routledgebooks@email.routledge.com,Shop our Bestselling Books📘,2025-04-08T12:05:55-06:00,General education or professional development,Misrepresenting/too broad — generic or off-profile label,Generic academic promotion,Recurring book-sale/bestseller campaign with no verified connection to the current research profile.,No
Mentioned by Paniz Hosseini premium@academia-mail.com,Are you the “H. Lee” cited in Computer Science papers?,2025-04-07T19:15:44+00:00,Generic AI/ML/computing,Misrepresenting/too broad — generic or off-profile label,Possible namesake,"The alert relies on H. Lee/name matching or an off-profile field and does not identify a verified paper, author list, venue, or DOI.",No
"""U.S. News Education Partner Offers"" updates@send-p.usnews.com",College Planning Made Simple: Your Admissions Roadmap Starts Here,2025-04-07T16:09:11+00:00,General education or professional development,Misrepresenting/too broad — generic or off-profile label,Generic academic promotion,Generic education or admissions promotion that is outdated or mismatched to the current PhD/research-career stage.,No
Mentioned by Myung Hwan Na premium@academia-mail.com,"$1, 30 day trial. “Hunmin Lee” cited by “Myung Hwan Na”",2025-04-05T17:55:00+00:00,Generic academic/research,Misrepresenting/too broad — generic or off-profile label,Individually named but unverified,The subject names a citing/mentioning person but the body does not identify the cited work; retain for manual identity verification.,No
Mentioned by Paniz Hosseini premium@academia-mail.com,Are you the “H. Lee” cited in Capacitive Sensing papers?,2025-04-03T19:55:55+00:00,Capacitive/electric-field sensing and hand-motion interfaces,Historical — Capacitive/electric-field sensing,Secondary or historical match,"Exact-title or topic alert matches genuine older capacitive/hand-motion work or a secondary application, but not the present core identity.",No
"""Taylor & Francis"" taylorandfrancis@email.taylorandfrancis.com",Now In Paperback – grab your favourite title today,2025-04-03T11:01:47-06:00,Generic academic/research,Misrepresenting/too broad — generic or off-profile label,Generic academic promotion,"Publisher recommendation, survey, or sales campaign; topical overlap is not evidence of research identity.",No
"""U.S. News Education"" updates@send-edu.usnews.com",Need More Time? A Quick Guide to College Deferral,2025-04-03T10:06:44+00:00,General education or professional development,Misrepresenting/too broad — generic or off-profile label,Generic academic promotion,Generic education or admissions promotion that is outdated or mismatched to the current PhD/research-career stage.,No
Mentioned by Paniz Hosseini premium@academia-mail.com,“H. Lee” cited by “Paniz Hosseini”,2025-04-02T17:26:08+00:00,Generic academic/research,Misrepresenting/too broad — generic or off-profile label,Possible namesake,"The alert relies on H. Lee/name matching or an off-profile field and does not identify a verified paper, author list, venue, or DOI.",No
Routledge Books routledgebooks@email.routledge.com,APRIL SAVERS SALE: Get 20% Off all books!,2025-04-02T08:03:10-06:00,General education or professional development,Misrepresenting/too broad — generic or off-profile label,Generic academic promotion,Recurring book-sale/bestseller campaign with no verified connection to the current research profile.,No
Mentioned by Hunmin Lee premium@academia-mail.com,Are you the “Hunmin Lee” mentioned in Engineering papers?,2025-03-31T14:44:17+00:00,Generic AI/ML/computing,Misrepresenting/too broad — generic or off-profile label,Weak keyword matching,"The alert uses only the name plus a broad topic such as computer science, engineering, AI, or gesture recognition, with no verified paper identity.",No
Mentioned by Tianyi Zhou premium@academia-mail.com,“Hunmin Lee” cited by “Tianyi Zhou”,2025-03-29T13:33:34+00:00,Generic academic/research,Misrepresenting/too broad — generic or off-profile label,Individually named but unverified,The subject names a citing/mentioning person but the body does not identify the cited work; retain for manual identity verification.,No
Mentioned by Hunmin Lee premium@academia-mail.com,"$1, 30 day trial. Are you the “Hunmin Lee” cited in Gesture Recognition papers?",2025-03-28T12:49:56+00:00,Gesture recognition (unspecified modality),Core — Generalizable EMG/biosignal decoding,Weak keyword matching,"The alert uses only the name plus a broad topic such as computer science, engineering, AI, or gesture recognition, with no verified paper identity.",No
Routledge Books routledgebooks@email.routledge.com,Flash sale: Get 25% Off on ALL BOOKS for a limited time! 📚,2025-03-27T12:04:54-06:00,General education or professional development,Misrepresenting/too broad — generic or off-profile label,Generic academic promotion,Recurring book-sale/bestseller campaign with no verified connection to the current research profile.,No
"""U.S. News Education"" updates@send-edu.usnews.com",Choosing the Right College? Don’t Skip These 10 Steps,2025-03-27T10:02:39+00:00,General education or professional development,Misrepresenting/too broad — generic or off-profile label,Generic academic promotion,Generic education or admissions promotion that is outdated or mismatched to the current PhD/research-career stage.,No
Mentioned by Guodong Long premium@academia-mail.com,“Hunmin Lee” cited by “Guodong Long”,2025-03-26T11:39:01+00:00,Generic academic/research,Misrepresenting/too broad — generic or off-profile label,Individually named but unverified,The subject names a citing/mentioning person but the body does not identify the cited work; retain for manual identity verification.,No
"""Taylor & Francis"" taylorandfrancis@email.taylorandfrancis.com","""High-resolution population mapping by fusing remote sensing and social sensing data considering the spatial scale mismatch issue"" is ready to read",2025-03-25T17:18:41-06:00,General education or professional development,Misrepresenting/too broad — generic or off-profile label,Generic academic promotion,"Publisher recommendation, survey, or sales campaign; topical overlap is not evidence of research identity.",No
"""DeepLearning.AI"" no-reply@m.mail.coursera.org",Now available: Enroll in Data Analytics Professional Certificate! 📊,2025-03-25T16:17:54+00:00,Generic AI/ML/computing,Misrepresenting/too broad — generic or off-profile label,Generic academic promotion,"Course, competition, or scholarship marketing; potentially skill-related when current, but not evidence of the research profile.",No
Mentioned by Hunmin Lee premium@academia-mail.com,Are you the “Hunmin Lee” mentioned in Capacitive Sensing papers?,2025-03-24T10:30:30+00:00,Capacitive/electric-field sensing and hand-motion interfaces,Historical — Capacitive/electric-field sensing,Secondary or historical match,"Exact-title or topic alert matches genuine older capacitive/hand-motion work or a secondary application, but not the present core identity.",No
Mentioned by Jie Ma premium@academia-mail.com,“Hunmin Lee” cited by “Jie Ma”,2025-03-23T09:45:30+00:00,Generic academic/research,Misrepresenting/too broad — generic or off-profile label,Individually named but unverified,The subject names a citing/mentioning person but the body does not identify the cited work; retain for manual identity verification.,No
Mentioned by Hunmin Lee premium@academia-mail.com,"$1, 30 day trial. Are you the “Hunmin Lee” mentioned in Gesture papers?",2025-03-21T08:35:54+00:00,Gesture recognition (unspecified modality),Core — Generalizable EMG/biosignal decoding,Weak keyword matching,"The alert uses only the name plus a broad topic such as computer science, engineering, AI, or gesture recognition, with no verified paper identity.",No
"""DeepLearning.AI"" no-reply@m.mail.coursera.org",🚀 Launching today: Data Analytics Foundations and Applied Statistics for Data Analytics,2025-03-19T12:36:43+00:00,Generic AI/ML/computing,Misrepresenting/too broad — generic or off-profile label,Generic academic promotion,"Course, competition, or scholarship marketing; potentially skill-related when current, but not evidence of the research profile.",No
Routledge Books routledgebooks@email.routledge.com,Ending soon: 15% OFF Mental Health Books 📚,2025-03-19T08:04:14-06:00,Biomedical analytics,Secondary — Graph/interpretable biomedical ML,Generic academic promotion,Recurring book-sale/bestseller campaign with no verified connection to the current research profile.,No
Mentioned by Hunmin Lee premium@academia-mail.com,“Hunmin Lee” cited by “Hunmin Lee”,2025-03-19T07:26:35+00:00,Generic academic/research,Misrepresenting/too broad — generic or off-profile label,Individually named but unverified,The subject names a citing/mentioning person but the body does not identify the cited work; retain for manual identity verification.,No
Mentioned by Jie Ma premium@academia-mail.com,Are you the “Hunmin Lee” cited in Computer Science papers?,2025-03-18T06:45:30+00:00,Generic AI/ML/computing,Misrepresenting/too broad — generic or off-profile label,Weak keyword matching,"The alert uses only the name plus a broad topic such as computer science, engineering, AI, or gesture recognition, with no verified paper identity.",No
"""U.S. News Education Partner Offers"" updates@send-p.usnews.com","EXCLUSIVE WEBINAR: How to Perfect Your Activities List, Honors and Additional Information Section",2025-03-17T16:37:04+00:00,General education or professional development,Misrepresenting/too broad — generic or off-profile label,Generic academic promotion,Generic education or admissions promotion that is outdated or mismatched to the current PhD/research-career stage.,No
Mentioned by DaeHee Seo premium@academia-mail.com,“Hunmin Lee” cited by “DaeHee Seo”,2025-03-16T05:31:48+00:00,Generic academic/research,Misrepresenting/too broad — generic or off-profile label,Individually named but unverified,The subject names a citing/mentioning person but the body does not identify the cited work; retain for manual identity verification.,No
Mentioned by Hunmin Lee premium@academia-mail.com,Are you the “Hunmin Lee” cited in Engineering papers?,2025-03-14T04:21:02+00:00,Generic AI/ML/computing,Misrepresenting/too broad — generic or off-profile label,Weak keyword matching,"The alert uses only the name plus a broad topic such as computer science, engineering, AI, or gesture recognition, with no verified paper identity.",No
Mentioned by In Seop Na premium@academia-mail.com,"$1, 30 day trial. “Hunmin Lee” cited by “In Seop Na”",2025-03-13T03:43:38+00:00,Generic academic/research,Misrepresenting/too broad — generic or off-profile label,Individually named but unverified,The subject names a citing/mentioning person but the body does not identify the cited work; retain for manual identity verification.,No
"""Taylor & Francis"" taylorandfrancis@email.taylorandfrancis.com","""Prevalence of chronic musculoskeletal pain among different occupational groups of a large German chemical company: results of a cross-sectional study"" is ready to read",2025-03-11T17:17:11-06:00,Chemistry/materials/physical sciences,Misrepresenting/too broad — generic or off-profile label,Generic academic promotion,"Publisher recommendation, survey, or sales campaign; topical overlap is not evidence of research identity.",No
Routledge Books routledgebooks@email.routledge.com,Get 15% Off Mental Health and Psychology Books!,2025-03-11T08:12:59-06:00,Biomedical analytics,Secondary — Graph/interpretable biomedical ML,Generic academic promotion,Recurring book-sale/bestseller campaign with no verified connection to the current research profile.,No
Mentioned by Hunmin Lee premium@academia-mail.com,Are you the “Hunmin Lee” mentioned in Gesture Recognition papers?,2025-03-11T02:30:59+00:00,Gesture recognition (unspecified modality),Core — Generalizable EMG/biosignal decoding,Weak keyword matching,"The alert uses only the name plus a broad topic such as computer science, engineering, AI, or gesture recognition, with no verified paper identity.",No
"""U.S. News Education Partner Offers"" updates@send-p.usnews.com",Overwhelmed by the Common App Essay? Here’s where to start.,2025-03-10T16:27:13+00:00,General education or professional development,Misrepresenting/too broad — generic or off-profile label,Generic academic promotion,Generic education or admissions promotion that is outdated or mismatched to the current PhD/research-career stage.,No
Mentioned by Sang Kyoon Kim premium@academia-mail.com,“Hunmin Lee” cited by “Sang Kyoon Kim”,2025-03-09T01:23:16+00:00,Generic academic/research,Misrepresenting/too broad — generic or off-profile label,Individually named but unverified,The subject names a citing/mentioning person but the body does not identify the cited work; retain for manual identity verification.,No
Mentioned by Jie Ma premium@academia-mail.com,Are you the “Hunmin Lee” cited in arXiv papers?,2025-03-08T00:47:07+00:00,Generic academic/research,Misrepresenting/too broad — generic or off-profile label,Weak keyword matching,"The alert uses only the name plus a broad topic such as computer science, engineering, AI, or gesture recognition, with no verified paper identity.",No
Mentioned by Wan Hyun Cho premium@academia-mail.com,"$1, 30 day trial. “Hunmin Lee” cited by “Wan Hyun Cho”",2025-03-05T23:39:43+00:00,Generic academic/research,Misrepresenting/too broad — generic or off-profile label,Individually named but unverified,The subject names a citing/mentioning person but the body does not identify the cited work; retain for manual identity verification.,No
"""DeepLearning.AI"" no-reply@m.mail.coursera.org","Skill Up with Data Analytics, a new DeepLearning.AI Professional Certificate",2025-03-05T09:15:44+00:00,Generic AI/ML/computing,Misrepresenting/too broad — generic or off-profile label,Generic academic promotion,"Course, competition, or scholarship marketing; potentially skill-related when current, but not evidence of the research profile.",No
Mentioned by Paniz Hosseini premium@academia-mail.com,Are you the “H. Lee” cited in Computer Science papers?,2025-03-03T22:27:24+00:00,Generic AI/ML/computing,Misrepresenting/too broad — generic or off-profile label,Possible namesake,"The alert relies on H. Lee/name matching or an off-profile field and does not identify a verified paper, author list, venue, or DOI.",No
"""U.S. News Education Partner Offers"" updates@send-p.usnews.com",Overwhelmed by the Common App Essay? Here’s where to start.,2025-03-03T17:30:49+00:00,General education or professional development,Misrepresenting/too broad — generic or off-profile label,Generic academic promotion,Generic education or admissions promotion that is outdated or mismatched to the current PhD/research-career stage.,No
Routledge Books routledgebooks@email.routledge.com,Explore the Latest Books on Routledge 📚,2025-03-03T12:04:42-06:00,General education or professional development,Misrepresenting/too broad — generic or off-profile label,Generic academic promotion,Recurring book-sale/bestseller campaign with no verified connection to the current research profile.,No
Mentioned by Myung Hwan Na premium@academia-mail.com,“Hunmin Lee” cited by “Myung Hwan Na”,2025-03-02T21:53:21+00:00,Generic academic/research,Misrepresenting/too broad — generic or off-profile label,Individually named but unverified,The subject names a citing/mentioning person but the body does not identify the cited work; retain for manual identity verification.,No
Mentioned by Paniz Hosseini premium@academia-mail.com,Are you the “H. Lee” cited in Capacitive Sensing papers?,2025-02-28T20:47:45+00:00,Capacitive/electric-field sensing and hand-motion interfaces,Historical — Capacitive/electric-field sensing,Secondary or historical match,"Exact-title or topic alert matches genuine older capacitive/hand-motion work or a secondary application, but not the present core identity.",No
Mentioned by Paniz Hosseini premium@academia-mail.com,“H. Lee” cited by “Paniz Hosseini”,2025-02-26T19:29:28+00:00,Generic academic/research,Misrepresenting/too broad — generic or off-profile label,Possible namesake,"The alert relies on H. Lee/name matching or an off-profile field and does not identify a verified paper, author list, venue, or DOI.",No
Mentioned by Chengqi Zhang premium@academia-mail.com,"$1, 30 day trial. “Hunmin Lee” cited by “Chengqi Zhang”",2025-02-25T18:50:52+00:00,Generic academic/research,Misrepresenting/too broad — generic or off-profile label,Individually named but unverified,The subject names a citing/mentioning person but the body does not identify the cited work; retain for manual identity verification.,No
"""Taylor & Francis"" taylorandfrancis@email.taylorandfrancis.com","""Consumer feedback: ethicising with humour in a product review workshop"" is ready to read",2025-02-25T16:55:00-06:00,General education or professional development,Misrepresenting/too broad — generic or off-profile label,Generic academic promotion,"Publisher recommendation, survey, or sales campaign; topical overlap is not evidence of research identity.",No
Mentioned by Hunmin Lee premium@academia-mail.com,Are you the “Hunmin Lee” mentioned in Gesture papers?,2025-02-23T17:30:22+00:00,Gesture recognition (unspecified modality),Core — Generalizable EMG/biosignal decoding,Weak keyword matching,"The alert uses only the name plus a broad topic such as computer science, engineering, AI, or gesture recognition, with no verified paper identity.",No
Mentioned by Jing Jiang premium@academia-mail.com,“Hunmin Lee” cited by “Jing Jiang”,2025-02-21T16:20:31+00:00,Generic academic/research,Misrepresenting/too broad — generic or off-profile label,Individually named but unverified,The subject names a citing/mentioning person but the body does not identify the cited work; retain for manual identity verification.,No
Mentioned by Hunmin Lee premium@academia-mail.com,Are you the “Hunmin Lee” cited in Capacitive Sensing papers?,2025-02-20T15:46:32+00:00,Capacitive/electric-field sensing and hand-motion interfaces,Historical — Capacitive/electric-field sensing,Secondary or historical match,"Exact-title or topic alert matches genuine older capacitive/hand-motion work or a secondary application, but not the present core identity.",No
"""U.S. News Education Partner Offers"" updates@send-p.usnews.com","LAST CHANCE TO REGISTER: Stanford, Duke, MIT and More: Admissions at Top Non-Ivies",2025-02-19T15:09:49+00:00,General education or professional development,Misrepresenting/too broad — generic or off-profile label,Generic academic promotion,Generic education or admissions promotion that is outdated or mismatched to the current PhD/research-career stage.,No
Mentioned by Tianyi Zhou premium@academia-mail.com,"$1, 30 day trial. “Hunmin Lee” cited by “Tianyi Zhou”",2025-02-18T14:18:57+00:00,Generic academic/research,Misrepresenting/too broad — generic or off-profile label,Individually named but unverified,The subject names a citing/mentioning person but the body does not identify the cited work; retain for manual identity verification.,No
Routledge Books routledgebooks@email.routledge.com,Get 25% OFF all eBooks!,2025-02-18T07:32:44-06:00,General education or professional development,Misrepresenting/too broad — generic or off-profile label,Generic academic promotion,Recurring book-sale/bestseller campaign with no verified connection to the current research profile.,No
Mentioned by Hunmin Lee premium@academia-mail.com,Are you the “Hunmin Lee” mentioned in Gesture Recognition papers?,2025-02-16T13:02:15+00:00,Gesture recognition (unspecified modality),Core — Generalizable EMG/biosignal decoding,Weak keyword matching,"The alert uses only the name plus a broad topic such as computer science, engineering, AI, or gesture recognition, with no verified paper identity.",No
Mentioned by Guodong Long premium@academia-mail.com,“Hunmin Lee” cited by “Guodong Long”,2025-02-15T12:29:01+00:00,Generic academic/research,Misrepresenting/too broad — generic or off-profile label,Individually named but unverified,The subject names a citing/mentioning person but the body does not identify the cited work; retain for manual identity verification.,No
"""U.S. News Education Partner Offers"" updates@send-p.usnews.com","EXCLUSIVE WEBINAR: Stanford, Duke, MIT and More: Admissions at Top Non-Ivies",2025-02-13T17:07:34+00:00,General education or professional development,Misrepresenting/too broad — generic or off-profile label,Generic academic promotion,Generic education or admissions promotion that is outdated or mismatched to the current PhD/research-career stage.,No
Mentioned by Hunmin Lee premium@academia-mail.com,Are you the “Hunmin Lee” cited in Gesture Recognition papers?,2025-02-13T11:18:34+00:00,Gesture recognition (unspecified modality),Core — Generalizable EMG/biosignal decoding,Weak keyword matching,"The alert uses only the name plus a broad topic such as computer science, engineering, AI, or gesture recognition, with no verified paper identity.",No
Mentioned by Jie Ma premium@academia-mail.com,“Hunmin Lee” cited by “Jie Ma”,2025-02-11T09:58:31+00:00,Generic academic/research,Misrepresenting/too broad — generic or off-profile label,Individually named but unverified,The subject names a citing/mentioning person but the body does not identify the cited work; retain for manual identity verification.,No
"""U.S. News Education Partner Offers"" updates@send-p.usnews.com",The SAT & ACT Are Back—Make Sure You’re Ready,2025-02-10T19:15:43+00:00,General education or professional development,Misrepresenting/too broad — generic or off-profile label,Generic academic promotion,Generic education or admissions promotion that is outdated or mismatched to the current PhD/research-career stage.,No
Routledge Books routledgebooks@email.routledge.com,25% Off All Paperbacks & Hardbacks,2025-02-10T11:04:18-06:00,Generic academic/research,Misrepresenting/too broad — generic or off-profile label,Generic academic promotion,Recurring book-sale/bestseller campaign with no verified connection to the current research profile.,No
Mentioned by Jie Ma premium@academia-mail.com,"$1, 30 day trial. Are you the “Hunmin Lee” cited in Computer Science papers?",2025-02-10T09:28:03+00:00,Generic AI/ML/computing,Misrepresenting/too broad — generic or off-profile label,Weak keyword matching,"The alert uses only the name plus a broad topic such as computer science, engineering, AI, or gesture recognition, with no verified paper identity.",No
Mentioned by In Seop Na premium@academia-mail.com,“Hunmin Lee” cited by “In Seop Na”,2025-02-08T08:10:32+00:00,Generic academic/research,Misrepresenting/too broad — generic or off-profile label,Individually named but unverified,The subject names a citing/mentioning person but the body does not identify the cited work; retain for manual identity verification.,No
Mentioned by Hunmin Lee premium@academia-mail.com,Are you the “Hunmin Lee” cited in Gesture papers?,2025-02-07T07:34:29+00:00,Gesture recognition (unspecified modality),Core — Generalizable EMG/biosignal decoding,Weak keyword matching,"The alert uses only the name plus a broad topic such as computer science, engineering, AI, or gesture recognition, with no verified paper identity.",No
Taylor and Francis Group Journals journals@email.taylorandfrancis.com,Co-Editor-in-Chief needed for Health Systems,2025-02-05T14:01:53-06:00,Biomedical analytics,Secondary — Graph/interpretable biomedical ML,Generic academic promotion,"Publisher recommendation, survey, or sales campaign; topical overlap is not evidence of research identity.",No
Routledge Books routledgebooks@email.routledge.com,Get 15% OFF All Education Books 🎓,2025-02-05T08:02:21-06:00,General education or professional development,Misrepresenting/too broad — generic or off-profile label,Generic academic promotion,Recurring book-sale/bestseller campaign with no verified connection to the current research profile.,No
Mentioned by Sang Kyoon Kim premium@academia-mail.com,“Hunmin Lee” cited by “Sang Kyoon Kim”,2025-02-05T06:13:31+00:00,Generic academic/research,Misrepresenting/too broad — generic or off-profile label,Individually named but unverified,The subject names a citing/mentioning person but the body does not identify the cited work; retain for manual identity verification.,No
"""U.S. News Education Partner Offers"" updates@send-p.usnews.com",Standardized Testing Is Coming Back — Here’s What You Need to Know,2025-02-03T17:13:37+00:00,General education or professional development,Misrepresenting/too broad — generic or off-profile label,Generic academic promotion,Generic education or admissions promotion that is outdated or mismatched to the current PhD/research-career stage.,No
Mentioned by Hunmin Lee premium@academia-mail.com,Are you the “Hunmin Lee” mentioned in Engineering papers?,2025-02-03T05:02:38+00:00,Generic AI/ML/computing,Misrepresenting/too broad — generic or off-profile label,Weak keyword matching,"The alert uses only the name plus a broad topic such as computer science, engineering, AI, or gesture recognition, with no verified paper identity.",No
Mentioned by Wan Hyun Cho premium@academia-mail.com,"$1, 30 day trial. “Hunmin Lee” cited by “Wan Hyun Cho”",2025-02-02T04:24:58+00:00,Generic academic/research,Misrepresenting/too broad — generic or off-profile label,Individually named but unverified,The subject names a citing/mentioning person but the body does not identify the cited work; retain for manual identity verification.,No
Mentioned by Jie Ma premium@academia-mail.com,Are you the “Hunmin Lee” cited in arXiv papers?,2025-01-31T03:04:01+00:00,Generic academic/research,Misrepresenting/too broad — generic or off-profile label,Weak keyword matching,"The alert uses only the name plus a broad topic such as computer science, engineering, AI, or gesture recognition, with no verified paper identity.",No
Mentioned by Myung Hwan Na premium@academia-mail.com,“Hunmin Lee” cited by “Myung Hwan Na”,2025-01-29T01:51:10+00:00,Generic academic/research,Misrepresenting/too broad — generic or off-profile label,Individually named but unverified,The subject names a citing/mentioning person but the body does not identify the cited work; retain for manual identity verification.,No
"""Taylor & Francis"" taylorandfrancis@email.taylorandfrancis.com","""Task-loading of soldering workers in small scale-manufacturing units"" is ready to read",2025-01-28T17:36:26-06:00,General education or professional development,Misrepresenting/too broad — generic or off-profile label,Generic academic promotion,"Publisher recommendation, survey, or sales campaign; topical overlap is not evidence of research identity.",No
Mentioned by Paniz Hosseini premium@academia-mail.com,Are you the “H. Lee” cited in Computer Science papers?,2025-01-28T01:13:06+00:00,Generic AI/ML/computing,Misrepresenting/too broad — generic or off-profile label,Possible namesake,"The alert relies on H. Lee/name matching or an off-profile field and does not identify a verified paper, author list, venue, or DOI.",No
Routledge Books routledgebooks@email.routledge.com,End of Month Treat: Get 25% off ALL BOOKS!,2025-01-27T11:03:47-06:00,General education or professional development,Misrepresenting/too broad — generic or off-profile label,Generic academic promotion,Recurring book-sale/bestseller campaign with no verified connection to the current research profile.,No
Mentioned by Paniz Hosseini premium@academia-mail.com,"$1, 30 day trial. “H. Lee” cited by “Paniz Hosseini”",2025-01-25T23:56:48+00:00,Generic academic/research,Misrepresenting/too broad — generic or off-profile label,Possible namesake,"The alert relies on H. Lee/name matching or an off-profile field and does not identify a verified paper, author list, venue, or DOI.",No
Mentioned by Paniz Hosseini premium@academia-mail.com,Are you the “H. Lee” cited in Capacitive Sensing papers?,2025-01-23T22:43:54+00:00,Capacitive/electric-field sensing and hand-motion interfaces,Historical — Capacitive/electric-field sensing,Secondary or historical match,"Exact-title or topic alert matches genuine older capacitive/hand-motion work or a secondary application, but not the present core identity.",No
Mentioned by Chengqi Zhang premium@academia-mail.com,“Hunmin Lee” cited by “Chengqi Zhang”,2025-01-22T22:06:22+00:00,Generic academic/research,Misrepresenting/too broad — generic or off-profile label,Individually named but unverified,The subject names a citing/mentioning person but the body does not identify the cited work; retain for manual identity verification.,No
"""U.S. News Education Partner Offers"" updates@send-p.usnews.com",LAST CHANCE TO REGISTER FOR 1/23 Q&A: Early Round Admissions Trends and Analysis with a Former Duke Admissions Officer,2025-01-22T15:09:54+00:00,General education or professional development,Misrepresenting/too broad — generic or off-profile label,Generic academic promotion,Generic education or admissions promotion that is outdated or mismatched to the current PhD/research-career stage.,No
"""U.S. News Education"" updates@send-edu.usnews.com",2025 Best Online Programs rankings are here!,2025-01-21T14:04:12+00:00,General education or professional development,Misrepresenting/too broad — generic or off-profile label,Generic academic promotion,Generic education or admissions promotion that is outdated or mismatched to the current PhD/research-career stage.,No
Mentioned by Hunmin Lee premium@academia-mail.com,Are you the “Hunmin Lee” mentioned in Engineering papers?,2025-01-20T20:54:05+00:00,Generic AI/ML/computing,Misrepresenting/too broad — generic or off-profile label,Weak keyword matching,"The alert uses only the name plus a broad topic such as computer science, engineering, AI, or gesture recognition, with no verified paper identity.",No
Mentioned by Jing Jiang premium@academia-mail.com,“Hunmin Lee” cited by “Jing Jiang”,2025-01-18T19:42:36+00:00,Generic academic/research,Misrepresenting/too broad — generic or off-profile label,Individually named but unverified,The subject names a citing/mentioning person but the body does not identify the cited work; retain for manual identity verification.,No
Mentioned by Hunmin Lee premium@academia-mail.com,"$1, 30 day trial. Are you the “Hunmin Lee” cited in Gesture papers?",2025-01-17T19:04:20+00:00,Gesture recognition (unspecified modality),Core — Generalizable EMG/biosignal decoding,Weak keyword matching,"The alert uses only the name plus a broad topic such as computer science, engineering, AI, or gesture recognition, with no verified paper identity.",No
"""U.S. News Education Partner Offers"" updates@send-p.usnews.com",Early Round Admissions Trends and Analysis with a Former Duke Admissions Officer - 1/23 Webinar,2025-01-16T18:17:59+00:00,General education or professional development,Misrepresenting/too broad — generic or off-profile label,Generic academic promotion,Generic education or admissions promotion that is outdated or mismatched to the current PhD/research-career stage.,No
"""U.S. News Education"" updates@send-edu.usnews.com","2025 Guide to Summer Programs from TeenLife, a U.S. News Education Partner!",2025-01-16T14:15:50+00:00,General education or professional development,Misrepresenting/too broad — generic or off-profile label,Generic academic promotion,Generic education or admissions promotion that is outdated or mismatched to the current PhD/research-career stage.,No
Mentioned by Tianyi Zhou premium@academia-mail.com,“Hunmin Lee” cited by “Tianyi Zhou”,2025-01-15T17:47:10+00:00,Generic academic/research,Misrepresenting/too broad — generic or off-profile label,Individually named but unverified,The subject names a citing/mentioning person but the body does not identify the cited work; retain for manual identity verification.,No
"""Taylor & Francis"" taylorandfrancis@email.taylorandfrancis.com","""What Emotions and Personalities Determine Acceptance of Generative AI?: Focusing on the CASA Paradigm"" is ready to read",2025-01-14T17:22:23-06:00,Generic AI/ML/computing,Misrepresenting/too broad — generic or off-profile label,Generic academic promotion,"Publisher recommendation, survey, or sales campaign; topical overlap is not evidence of research identity.",No
"""U.S. News Education Partner Offers"" updates@send-p.usnews.com",Master Your College Application: Insider Webinar on Jan. 14,2025-01-13T18:14:21+00:00,General education or professional development,Misrepresenting/too broad — generic or off-profile label,Generic academic promotion,Generic education or admissions promotion that is outdated or mismatched to the current PhD/research-career stage.,No
Mentioned by Hunmin Lee premium@academia-mail.com,Are you the “Hunmin Lee” mentioned in Capacitive Sensing papers?,2025-01-13T16:32:57+00:00,Capacitive/electric-field sensing and hand-motion interfaces,Historical — Capacitive/electric-field sensing,Secondary or historical match,"Exact-title or topic alert matches genuine older capacitive/hand-motion work or a secondary application, but not the present core identity.",No
Routledge Books routledgebooks@email.routledge.com,📗 25% Off All eBooks,2025-01-13T12:04:48-06:00,General education or professional development,Misrepresenting/too broad — generic or off-profile label,Generic academic promotion,Recurring book-sale/bestseller campaign with no verified connection to the current research profile.,No
"""Academia.edu"" premium@academia-mail.com","The name ""Hunmin Lee"" is mentioned by a Multidisciplinary researcher in a paper uploaded to Academia",2025-01-12T04:48:57+00:00,Generic academic/research,Misrepresenting/too broad — generic or off-profile label,Weak keyword matching,"The alert uses only the name plus a broad topic such as computer science, engineering, AI, or gesture recognition, with no verified paper identity.",No
Mentioned by Hunmin Lee premium@academia-mail.com,"$1, 30 day trial. Are you the “Hunmin Lee” cited in Engineering papers?",2025-01-10T14:43:09+00:00,Generic AI/ML/computing,Misrepresenting/too broad — generic or off-profile label,Weak keyword matching,"The alert uses only the name plus a broad topic such as computer science, engineering, AI, or gesture recognition, with no verified paper identity.",No
Mentioned by Jie Ma premium@academia-mail.com,“Hunmin Lee” cited by “Jie Ma”,2025-01-08T13:27:34+00:00,Generic academic/research,Misrepresenting/too broad — generic or off-profile label,Individually named but unverified,The subject names a citing/mentioning person but the body does not identify the cited work; retain for manual identity verification.,No
Mentioned by Jie Ma premium@academia-mail.com,Are you the “Hunmin Lee” cited in Computer Science papers?,2025-01-07T12:43:36+00:00,Generic AI/ML/computing,Misrepresenting/too broad — generic or off-profile label,Weak keyword matching,"The alert uses only the name plus a broad topic such as computer science, engineering, AI, or gesture recognition, with no verified paper identity.",No
Routledge Books routledgebooks@email.routledge.com,✨ New Year Sale ✨: Get up to 25% Off!,2025-01-07T10:03:22-06:00,General education or professional development,Misrepresenting/too broad — generic or off-profile label,Generic academic promotion,Recurring book-sale/bestseller campaign with no verified connection to the current research profile.,No
"""U.S. News Education Partner Offers"" updates@send-p.usnews.com",Avoid the Top 5 College Admissions Mistakes: 1/14 Webinar,2025-01-06T14:51:11+00:00,General education or professional development,Misrepresenting/too broad — generic or off-profile label,Generic academic promotion,Generic education or admissions promotion that is outdated or mismatched to the current PhD/research-career stage.,No
Mentioned by In Seop Na premium@academia-mail.com,“Hunmin Lee” cited by “In Seop Na”,2025-01-05T11:23:59+00:00,Generic academic/research,Misrepresenting/too broad — generic or off-profile label,Individually named but unverified,The subject names a citing/mentioning person but the body does not identify the cited work; retain for manual identity verification.,No
"""Academia.edu"" premium@academia-mail.com",Remember: you can try Academia Premium for $1 for 30 days,2025-01-05T04:43:19+00:00,Generic academic/research,Misrepresenting/too broad — generic or off-profile label,Generic academic promotion,"Platform upsell, readership/profile metric, search-view notice, or other campaign that does not establish research relevance.",No
Mentioned by Hunmin Lee premium@academia-mail.com,Are you the “Hunmin Lee” mentioned in Gesture papers?,2025-01-03T10:05:19+00:00,Gesture recognition (unspecified modality),Core — Generalizable EMG/biosignal decoding,Weak keyword matching,"The alert uses only the name plus a broad topic such as computer science, engineering, AI, or gesture recognition, with no verified paper identity.",No
"""Academia.edu"" premium@academia-mail.com",People in 4 countries have read your papers,2025-01-03T06:39:46+00:00,Generic academic/research,Misrepresenting/too broad — generic or off-profile label,Generic academic promotion,"Platform upsell, readership/profile metric, search-view notice, or other campaign that does not establish research relevance.",No
Mentioned by Sang Kyoon Kim premium@academia-mail.com,"$1, 30 day trial. “Hunmin Lee” cited by “Sang Kyoon Kim”",2025-01-02T09:23:56+00:00,Generic academic/research,Misrepresenting/too broad — generic or off-profile label,Individually named but unverified,The subject names a citing/mentioning person but the body does not identify the cited work; retain for manual identity verification.,No
Routledge Books routledgebooks@email.routledge.com,🎉📖 Save Big: 20% Off All Books + Additional 10% Off!,2025-01-01T11:05:26-06:00,General education or professional development,Misrepresenting/too broad — generic or off-profile label,Generic academic promotion,Recurring book-sale/bestseller campaign with no verified connection to the current research profile.,No
"""Academia.edu"" premium@academia-mail.com",Try Academia Premium: 30 day trial for just $1,2025-01-01T04:09:57+00:00,Generic academic/research,Misrepresenting/too broad — generic or off-profile label,Generic academic promotion,"Platform upsell, readership/profile metric, search-view notice, or other campaign that does not establish research relevance.",No
Mentioned by Hunmin Lee premium@academia-mail.com,Are you the “Hunmin Lee” cited in Gesture Recognition papers?,2024-12-31T08:14:23+00:00,Gesture recognition (unspecified modality),Core — Generalizable EMG/biosignal decoding,Weak keyword matching,"The alert uses only the name plus a broad topic such as computer science, engineering, AI, or gesture recognition, with no verified paper identity.",No
"""Academia.edu"" premium@academia-mail.com","The name ""Hunmin Lee"" is mentioned in a PDF uploaded to Academia by Jae Sung Lee",2024-12-30T07:39:41+00:00,Generic academic/research,Misrepresenting/too broad — generic or off-profile label,Weak keyword matching,"The alert uses only the name plus a broad topic such as computer science, engineering, AI, or gesture recognition, with no verified paper identity.",No
Mentioned by Wan Hyun Cho premium@academia-mail.com,“Hunmin Lee” cited by “Wan Hyun Cho”,2024-12-29T07:04:10+00:00,Generic academic/research,Misrepresenting/too broad — generic or off-profile label,Individually named but unverified,The subject names a citing/mentioning person but the body does not identify the cited work; retain for manual identity verification.,No
Mentioned by Jie Ma premium@academia-mail.com,Are you the “Hunmin Lee” cited in arXiv papers?,2024-12-28T06:29:48+00:00,Generic academic/research,Misrepresenting/too broad — generic or off-profile label,Weak keyword matching,"The alert uses only the name plus a broad topic such as computer science, engineering, AI, or gesture recognition, with no verified paper identity.",No
Routledge Books routledgebooks@email.routledge.com,📚20% Off Every Book!,2024-12-26T13:06:41-06:00,General education or professional development,Misrepresenting/too broad — generic or off-profile label,Generic academic promotion,Recurring book-sale/bestseller campaign with no verified connection to the current research profile.,No
Mentioned by Myung Hwan Na premium@academia-mail.com,"$1, 30 day trial. “Hunmin Lee” cited by “Myung Hwan Na”",2024-12-26T05:15:55+00:00,Generic academic/research,Misrepresenting/too broad — generic or off-profile label,Individually named but unverified,The subject names a citing/mentioning person but the body does not identify the cited work; retain for manual identity verification.,No
"""Academia.edu"" premium@academia-mail.com","A paper published by a member of the Mechanical Engineering department at University of Tehran mentions the name ""H. Lee""",2024-12-26T04:27:01+00:00,Generic AI/ML/computing,Misrepresenting/too broad — generic or off-profile label,Possible namesake,"The alert relies on H. Lee/name matching or an off-profile field and does not identify a verified paper, author list, venue, or DOI.",No
Mentioned by Paniz Hosseini premium@academia-mail.com,Are you the “H. Lee” cited in Capacitive Sensing papers?,2024-12-24T04:02:43+00:00,Capacitive/electric-field sensing and hand-motion interfaces,Historical — Capacitive/electric-field sensing,Secondary or historical match,"Exact-title or topic alert matches genuine older capacitive/hand-motion work or a secondary application, but not the present core identity.",No
Mentioned by Paniz Hosseini premium@academia-mail.com,“H. Lee” cited by “Paniz Hosseini”,2024-12-23T03:30:52+00:00,Generic academic/research,Misrepresenting/too broad — generic or off-profile label,Possible namesake,"The alert relies on H. Lee/name matching or an off-profile field and does not identify a verified paper, author list, venue, or DOI.",No
"""Academia.edu"" premium@academia-mail.com","H. Lee and ""Real-time Interface Control with Motion Gesture Recognition based on Non-contact Capacitive Sensing"" are mentioned in a paper uploaded to Academia",2024-12-22T04:33:02+00:00,Capacitive/electric-field sensing and hand-motion interfaces,Historical — Capacitive/electric-field sensing,Secondary or historical match,"Exact-title or topic alert matches genuine older capacitive/hand-motion work or a secondary application, but not the present core identity.",No
Mentioned by Paniz Hosseini premium@academia-mail.com,Are you the “H. Lee” cited in Computer Science papers?,2024-12-21T02:12:52+00:00,Generic AI/ML/computing,Misrepresenting/too broad — generic or off-profile label,Possible namesake,"The alert relies on H. Lee/name matching or an off-profile field and does not identify a verified paper, author list, venue, or DOI.",No
Mentioned by Hunmin Lee premium@academia-mail.com,Are you the “Hunmin Lee” mentioned in Capacitive Sensing papers?,2024-12-19T00:55:33+00:00,Capacitive/electric-field sensing and hand-motion interfaces,Historical — Capacitive/electric-field sensing,Secondary or historical match,"Exact-title or topic alert matches genuine older capacitive/hand-motion work or a secondary application, but not the present core identity.",No
"""U.S. News Education Partner Offers"" updates@send-p.usnews.com",TOMORROW'S (12/19) Q&A: Planning Your 2025 Application Roadmap with a Former Princeton Admissions Officer,2024-12-18T14:13:25+00:00,General education or professional development,Misrepresenting/too broad — generic or off-profile label,Generic academic promotion,Generic education or admissions promotion that is outdated or mismatched to the current PhD/research-career stage.,No
"""Academia.edu"" premium@academia-mail.com",1 of your readers is interested in arXiv,2024-12-18T04:52:08+00:00,Generic academic/research,Misrepresenting/too broad — generic or off-profile label,Generic academic promotion,"Platform upsell, readership/profile metric, search-view notice, or other campaign that does not establish research relevance.",No
Mentioned by Jing Jiang premium@academia-mail.com,"$1, 30 day trial. “Hunmin Lee” cited by “Jing Jiang”",2024-12-18T00:24:52+00:00,Generic academic/research,Misrepresenting/too broad — generic or off-profile label,Individually named but unverified,The subject names a citing/mentioning person but the body does not identify the cited work; retain for manual identity verification.,No
"""Taylor & Francis"" taylorandfrancis@email.taylorandfrancis.com","""Privacy Paradox Stems from Overconfidence: A Study of Users? Privacy Disclosure in Online Knowledge Communities"" is ready to read",2024-12-17T16:59:08-06:00,General education or professional development,Misrepresenting/too broad — generic or off-profile label,Generic academic promotion,"Publisher recommendation, survey, or sales campaign; topical overlap is not evidence of research identity.",No
Routledge Books routledgebooks@email.routledge.com,💸Our Year-End sale just got better!,2024-12-16T13:06:47-06:00,General education or professional development,Misrepresenting/too broad — generic or off-profile label,Generic academic promotion,Recurring book-sale/bestseller campaign with no verified connection to the current research profile.,No
Mentioned by Hunmin Lee premium@academia-mail.com,Are you the “Hunmin Lee” cited in Gesture Recognition papers?,2024-12-15T23:00:57+00:00,Gesture recognition (unspecified modality),Core — Generalizable EMG/biosignal decoding,Weak keyword matching,"The alert uses only the name plus a broad topic such as computer science, engineering, AI, or gesture recognition, with no verified paper identity.",No
Mentioned by Tianyi Zhou premium@academia-mail.com,“Hunmin Lee” cited by “Tianyi Zhou”,2024-12-13T21:47:19+00:00,Generic academic/research,Misrepresenting/too broad — generic or off-profile label,Individually named but unverified,The subject names a citing/mentioning person but the body does not identify the cited work; retain for manual identity verification.,No
"""Academia.edu"" premium@academia-mail.com","The name ""Hunmin Lee"" is mentioned in a Computer Science paper uploaded to Academia",2024-12-13T07:34:05+00:00,Generic AI/ML/computing,Misrepresenting/too broad — generic or off-profile label,Weak keyword matching,"The alert uses only the name plus a broad topic such as computer science, engineering, AI, or gesture recognition, with no verified paper identity.",No
Mentioned by Hunmin Lee premium@academia-mail.com,Are you the “Hunmin Lee” mentioned in Gesture papers?,2024-12-12T21:18:49+00:00,Gesture recognition (unspecified modality),Core — Generalizable EMG/biosignal decoding,Weak keyword matching,"The alert uses only the name plus a broad topic such as computer science, engineering, AI, or gesture recognition, with no verified paper identity.",No
Routledge Books routledgebooks@email.routledge.com,🎉 Year-End Book Sale: 20% Off All Books!,2024-12-11T11:04:47-06:00,General education or professional development,Misrepresenting/too broad — generic or off-profile label,Generic academic promotion,Recurring book-sale/bestseller campaign with no verified connection to the current research profile.,No
Mentioned by Guodong Long premium@academia-mail.com,"$1, 30 day trial. “Hunmin Lee” cited by “Guodong Long”",2024-12-10T19:59:23+00:00,Generic academic/research,Misrepresenting/too broad — generic or off-profile label,Individually named but unverified,The subject names a citing/mentioning person but the body does not identify the cited work; retain for manual identity verification.,No
Taylor and Francis Group Journals journals@email.taylorandfrancis.com,Section Editors needed for Research in Biomedical Engineering and Technology,2024-12-10T09:31:01-06:00,Biomedical analytics,Secondary — Graph/interpretable biomedical ML,Generic academic promotion,"Publisher recommendation, survey, or sales campaign; topical overlap is not evidence of research identity.",No
"""U.S. News Education Partner Offers"" updates@send-p.usnews.com",Don’t Miss This 12/10 Webinar: Expert Advice for College-Bound Families,2024-12-09T15:56:03+00:00,General education or professional development,Misrepresenting/too broad — generic or off-profile label,Generic academic promotion,Generic education or admissions promotion that is outdated or mismatched to the current PhD/research-career stage.,No
"""Academia.edu"" premium@academia-mail.com","The name ""Hunmin Lee"" is mentioned in a paper published in Electronics",2024-12-09T07:42:08+00:00,Generic academic/research,Misrepresenting/too broad — generic or off-profile label,Weak keyword matching,"The alert uses only the name plus a broad topic such as computer science, engineering, AI, or gesture recognition, with no verified paper identity.",No
Mentioned by Hunmin Lee premium@academia-mail.com,Are you the “Hunmin Lee” mentioned in Engineering papers?,2024-12-08T18:49:28+00:00,Generic AI/ML/computing,Misrepresenting/too broad — generic or off-profile label,Weak keyword matching,"The alert uses only the name plus a broad topic such as computer science, engineering, AI, or gesture recognition, with no verified paper identity.",No
Mentioned by Jie Ma premium@academia-mail.com,“Hunmin Lee” cited by “Jie Ma”,2024-12-07T18:10:31+00:00,Generic academic/research,Misrepresenting/too broad — generic or off-profile label,Individually named but unverified,The subject names a citing/mentioning person but the body does not identify the cited work; retain for manual identity verification.,No
"""Taylor & Francis"" taylorandfrancis@email.taylorandfrancis.com","""Effects of longitudinal bending stiffness and midsole foam on running energetics"" is ready to read",2024-12-03T17:30:00-06:00,General education or professional development,Misrepresenting/too broad — generic or off-profile label,Generic academic promotion,"Publisher recommendation, survey, or sales campaign; topical overlap is not evidence of research identity.",No
Mentioned by Hunmin Lee premium@academia-mail.com,"$1, 30 day trial. “Hunmin Lee” cited by “Hunmin Lee”",2024-12-03T15:27:52+00:00,Generic academic/research,Misrepresenting/too broad — generic or off-profile label,Individually named but unverified,The subject names a citing/mentioning person but the body does not identify the cited work; retain for manual identity verification.,No
"""U.S. News Education Partner Offers"" updates@send-p.usnews.com",Exclusive Insights for Parents: College Admissions Webinar,2024-12-02T14:55:01+00:00,General education or professional development,Misrepresenting/too broad — generic or off-profile label,Generic academic promotion,Generic education or admissions promotion that is outdated or mismatched to the current PhD/research-career stage.,No
Mentioned by Hunmin Lee premium@academia-mail.com,"$1, 30 day trial. Are you the “Hunmin Lee” cited in Gesture papers?",2024-12-02T14:48:00+00:00,Gesture recognition (unspecified modality),Core — Generalizable EMG/biosignal decoding,Weak keyword matching,"The alert uses only the name plus a broad topic such as computer science, engineering, AI, or gesture recognition, with no verified paper identity.",No
Routledge Books routledgebooks@email.routledge.com,🔥Routledge Exclusive - Additional 10% off all Books!,2024-12-02T11:05:03-06:00,General education or professional development,Misrepresenting/too broad — generic or off-profile label,Generic academic promotion,Recurring book-sale/bestseller campaign with no verified connection to the current research profile.,No
Mentioned by In Seop Na premium@academia-mail.com,"$1, 30 day trial. “Hunmin Lee” cited by “In Seop Na”",2024-11-30T13:27:28+00:00,Generic academic/research,Misrepresenting/too broad — generic or off-profile label,Individually named but unverified,The subject names a citing/mentioning person but the body does not identify the cited work; retain for manual identity verification.,No
"""Academia.edu"" premium@academia-mail.com","The name ""Hunmin Lee"" is mentioned in a Materials Science paper uploaded to Academia",2024-11-30T03:05:24+00:00,Chemistry/materials/physical sciences,Misrepresenting/too broad — generic or off-profile label,Possible namesake,"The alert relies on H. Lee/name matching or an off-profile field and does not identify a verified paper, author list, venue, or DOI.",No
Mentioned by Hunmin Lee premium@academia-mail.com,"$1, 30 day trial. Are you the “Hunmin Lee” mentioned in Gesture Recognition papers?",2024-11-29T12:48:40+00:00,Gesture recognition (unspecified modality),Core — Generalizable EMG/biosignal decoding,Weak keyword matching,"The alert uses only the name plus a broad topic such as computer science, engineering, AI, or gesture recognition, with no verified paper identity.",No
Routledge Books routledgebooks@email.routledge.com,🚀Black Friday Launch: Enjoy 25% Off All Books! 📚,2024-11-29T09:02:37-06:00,General education or professional development,Misrepresenting/too broad — generic or off-profile label,Generic academic promotion,Recurring book-sale/bestseller campaign with no verified connection to the current research profile.,No
Mentioned by Sang Kyoon Kim premium@academia-mail.com,"$1, 30 day trial. “Hunmin Lee” cited by “Sang Kyoon Kim”",2024-11-27T11:39:02+00:00,Generic academic/research,Misrepresenting/too broad — generic or off-profile label,Individually named but unverified,The subject names a citing/mentioning person but the body does not identify the cited work; retain for manual identity verification.,No
Mentioned by Jie Ma premium@academia-mail.com,"$1, 30 day trial. Are you the “Hunmin Lee” cited in arXiv papers?",2024-11-25T10:16:57+00:00,Generic academic/research,Misrepresenting/too broad — generic or off-profile label,Weak keyword matching,"The alert uses only the name plus a broad topic such as computer science, engineering, AI, or gesture recognition, with no verified paper identity.",No
Mentioned by Paniz Hosseini premium@academia-mail.com,"$1, 30 day trial. Are you the “H. Lee” cited in Computer Science papers?",2024-11-22T09:48:29+00:00,Generic AI/ML/computing,Misrepresenting/too broad — generic or off-profile label,Possible namesake,"The alert relies on H. Lee/name matching or an off-profile field and does not identify a verified paper, author list, venue, or DOI.",No
"""Academia.edu"" premium@academia-mail.com","The name ""Hunmin Lee"" is mentioned in an Engineering paper uploaded to Academia",2024-11-22T07:48:07+00:00,Generic AI/ML/computing,Misrepresenting/too broad — generic or off-profile label,Weak keyword matching,"The alert uses only the name plus a broad topic such as computer science, engineering, AI, or gesture recognition, with no verified paper identity.",No
Routledge Books routledgebooks@email.routledge.com,🚀Black Friday Launch: Enjoy 25% Off All Books! 📚,2024-11-21T17:05:02-06:00,General education or professional development,Misrepresenting/too broad — generic or off-profile label,Generic academic promotion,Recurring book-sale/bestseller campaign with no verified connection to the current research profile.,No
"""U.S. News Education Partner Offers"" updates@send-p.usnews.com",LAST CHANCE TO REGISTER: Mock Admissions Review with the Former Northwestern and UChicago Admissions Officer [11/21 Q&A],2024-11-20T15:27:12+00:00,General education or professional development,Misrepresenting/too broad — generic or off-profile label,Generic academic promotion,Generic education or admissions promotion that is outdated or mismatched to the current PhD/research-career stage.,No
Mentioned by Myung Hwan Na premium@academia-mail.com,"$1, 30 day trial. “Hunmin Lee” cited by “Myung Hwan Na”",2024-11-20T07:05:31+00:00,Generic academic/research,Misrepresenting/too broad — generic or off-profile label,Individually named but unverified,The subject names a citing/mentioning person but the body does not identify the cited work; retain for manual identity verification.,No
"""Taylor & Francis"" taylorandfrancis@email.taylorandfrancis.com","""Study on crashworthiness of square frustum lattice structure under in-plane compression load"" is ready to read",2024-11-19T16:48:45-06:00,General education or professional development,Misrepresenting/too broad — generic or off-profile label,Generic academic promotion,"Publisher recommendation, survey, or sales campaign; topical overlap is not evidence of research identity.",No
Taylor and Francis Group Journals journals@email.taylorandfrancis.com,Associate Editors needed for Interactive Learning Environments,2024-11-19T09:00:56-06:00,Generic academic/research,Misrepresenting/too broad — generic or off-profile label,Generic academic promotion,"Publisher recommendation, survey, or sales campaign; topical overlap is not evidence of research identity.",No
Mentioned by Paniz Hosseini premium@academia-mail.com,"$1, 30 day trial. Are you the “H. Lee” cited in Capacitive Sensing papers?",2024-11-19T06:24:41+00:00,Capacitive/electric-field sensing and hand-motion interfaces,Historical — Capacitive/electric-field sensing,Secondary or historical match,"Exact-title or topic alert matches genuine older capacitive/hand-motion work or a secondary application, but not the present core identity.",No
"""Academia.edu"" premium@academia-mail.com","“Lee, Hunmin”: The name ""Lee, Hunmin"" is mentioned in 4 papers uploaded to Academia, including one in a paper by someone in Indianapolis, United States",2024-11-18T04:08:55+00:00,Generic academic/research,Misrepresenting/too broad — generic or off-profile label,Generic academic promotion,"Platform upsell, readership/profile metric, search-view notice, or other campaign that does not establish research relevance.",No
Mentioned by Paniz Hosseini premium@academia-mail.com,"$1, 30 day trial. “H. Lee” cited by “Paniz Hosseini”",2024-11-17T05:13:39+00:00,Generic academic/research,Misrepresenting/too broad — generic or off-profile label,Possible namesake,"The alert relies on H. Lee/name matching or an off-profile field and does not identify a verified paper, author list, venue, or DOI.",No
Mentioned by Hunmin Lee premium@academia-mail.com,"$1, 30 day trial. Are you the “Hunmin Lee” cited in Gesture papers?",2024-11-15T04:03:22+00:00,Gesture recognition (unspecified modality),Core — Generalizable EMG/biosignal decoding,Weak keyword matching,"The alert uses only the name plus a broad topic such as computer science, engineering, AI, or gesture recognition, with no verified paper identity.",No
"""U.S. News Education Partner Offers"" updates@send-p.usnews.com",Mock Admissions Review with the Former Northwestern and UChicago Admissions Officer [11/21 CRIMSON EDUCATION WEBINAR],2024-11-14T21:02:01+00:00,General education or professional development,Misrepresenting/too broad — generic or off-profile label,Generic academic promotion,Generic education or admissions promotion that is outdated or mismatched to the current PhD/research-career stage.,No
Mentioned by Chengqi Zhang premium@academia-mail.com,"$1, 30 day trial. “Hunmin Lee” cited by “Chengqi Zhang”",2024-11-14T03:21:05+00:00,Generic academic/research,Misrepresenting/too broad — generic or off-profile label,Individually named but unverified,The subject names a citing/mentioning person but the body does not identify the cited work; retain for manual identity verification.,No
"""Taylor & Francis"" taylorandfrancis@email.taylorandfrancis.com",Editor-in-Chief needed for Behaviour & Information Technology,2024-11-13T03:31:09-06:00,Generic academic/research,Misrepresenting/too broad — generic or off-profile label,Generic academic promotion,"Publisher recommendation, survey, or sales campaign; topical overlap is not evidence of research identity.",No
Mentioned by Hunmin Lee premium@academia-mail.com,"$1, 30 day trial. Are you the “Hunmin Lee” mentioned in Gesture Recognition papers?",2024-11-12T01:58:52+00:00,Gesture recognition (unspecified modality),Core — Generalizable EMG/biosignal decoding,Weak keyword matching,"The alert uses only the name plus a broad topic such as computer science, engineering, AI, or gesture recognition, with no verified paper identity.",No
"""U.S. News Education Partner Offers"" updates@send-p.usnews.com",[CORRECTION] Don’t Miss Tonight’s (11/11) CollegeAdvisor Webinar with a Former Rice Admissions Officer!,2024-11-11T16:35:05+00:00,General education or professional development,Misrepresenting/too broad — generic or off-profile label,Generic academic promotion,Generic education or admissions promotion that is outdated or mismatched to the current PhD/research-career stage.,No
"""U.S. News Education Partner Offers"" updates@send-p.usnews.com",10/23 Exclusive Webinar with a Yale University Former Admissions Officer! 🎓,2024-11-11T14:14:46+00:00,Generic academic/research,Misrepresenting/too broad — generic or off-profile label,Generic academic promotion,Generic education or admissions promotion that is outdated or mismatched to the current PhD/research-career stage.,No
Routledge Books routledgebooks@email.routledge.com,📚 Buy 2+ get 25% off,2024-11-11T13:34:40-06:00,General education or professional development,Misrepresenting/too broad — generic or off-profile label,Generic academic promotion,Recurring book-sale/bestseller campaign with no verified connection to the current research profile.,No
Mentioned by Jing Jiang premium@academia-mail.com,"$1, 30 day trial. “Hunmin Lee” cited by “Jing Jiang”",2024-11-10T00:47:51+00:00,Generic academic/research,Misrepresenting/too broad — generic or off-profile label,Individually named but unverified,The subject names a citing/mentioning person but the body does not identify the cited work; retain for manual identity verification.,No
"""Academia.edu"" premium@academia-mail.com","The name ""Hunmin Lee"" is mentioned in a paper published in Electronics",2024-11-09T06:54:55+00:00,Generic academic/research,Misrepresenting/too broad — generic or off-profile label,Weak keyword matching,"The alert uses only the name plus a broad topic such as computer science, engineering, AI, or gesture recognition, with no verified paper identity.",No
Mentioned by Hunmin Lee premium@academia-mail.com,"$1, 30 day trial. Are you the “Hunmin Lee” cited in Capacitive Sensing papers?",2024-11-09T00:13:15+00:00,Capacitive/electric-field sensing and hand-motion interfaces,Historical — Capacitive/electric-field sensing,Secondary or historical match,"Exact-title or topic alert matches genuine older capacitive/hand-motion work or a secondary application, but not the present core identity.",No
Mentioned by Hunmin Lee premium@academia-mail.com,"$1, 30 day trial. Are you the “Hunmin Lee” mentioned in Computer Science papers?",2024-11-04T21:28:05+00:00,Generic AI/ML/computing,Misrepresenting/too broad — generic or off-profile label,Weak keyword matching,"The alert uses only the name plus a broad topic such as computer science, engineering, AI, or gesture recognition, with no verified paper identity.",No
Routledge Books routledgebooks@email.routledge.com,🗳️ Election Week Flash Sale - 25% off all books,2024-11-04T12:34:46-06:00,General education or professional development,Misrepresenting/too broad — generic or off-profile label,Generic academic promotion,Recurring book-sale/bestseller campaign with no verified connection to the current research profile.,No
"""Academia.edu"" premium@academia-mail.com","A paper published by a member of the Mechanical Engineering department at University of Tehran mentions the name ""Hunmin Lee""",2024-11-04T04:18:28+00:00,Generic AI/ML/computing,Misrepresenting/too broad — generic or off-profile label,Possible namesake,"The alert relies on H. Lee/name matching or an off-profile field and does not identify a verified paper, author list, venue, or DOI.",No
Mentioned by Guodong Long premium@academia-mail.com,"$1, 30 day trial. “Hunmin Lee” cited by “Guodong Long”",2024-11-03T20:51:25+00:00,Generic academic/research,Misrepresenting/too broad — generic or off-profile label,Individually named but unverified,The subject names a citing/mentioning person but the body does not identify the cited work; retain for manual identity verification.,No
Mentioned by Hunmin Lee premium@academia-mail.com,"$1, 30 day trial. Are you the “Hunmin Lee” cited in Engineering papers?",2024-11-01T19:39:00+00:00,Generic AI/ML/computing,Misrepresenting/too broad — generic or off-profile label,Weak keyword matching,"The alert uses only the name plus a broad topic such as computer science, engineering, AI, or gesture recognition, with no verified paper identity.",No
Mentioned by Jie Ma premium@academia-mail.com,"$1, 30 day trial. “Hunmin Lee” cited by “Jie Ma”",2024-10-30T18:18:55+00:00,Generic academic/research,Misrepresenting/too broad — generic or off-profile label,Individually named but unverified,The subject names a citing/mentioning person but the body does not identify the cited work; retain for manual identity verification.,No
Mentioned by Hunmin Lee premium@academia-mail.com,"$1, 30 day trial. Are you the “Hunmin Lee” cited in Gesture Recognition papers?",2024-10-29T17:42:50+00:00,Gesture recognition (unspecified modality),Core — Generalizable EMG/biosignal decoding,Weak keyword matching,"The alert uses only the name plus a broad topic such as computer science, engineering, AI, or gesture recognition, with no verified paper identity.",No
Routledge Books routledgebooks@email.routledge.com,📚Buy 1 get 15% off or buy 3+ get 25% off,2024-10-28T11:06:54-06:00,General education or professional development,Misrepresenting/too broad — generic or off-profile label,Generic academic promotion,Recurring book-sale/bestseller campaign with no verified connection to the current research profile.,No
Mentioned by In Seop Na premium@academia-mail.com,"$1, 30 day trial. “Hunmin Lee” cited by “In Seop Na”",2024-10-27T16:31:28+00:00,Generic academic/research,Misrepresenting/too broad — generic or off-profile label,Individually named but unverified,The subject names a citing/mentioning person but the body does not identify the cited work; retain for manual identity verification.,No
"""Academia.edu"" premium@academia-mail.com","The name ""Hunmin Lee"" is mentioned by a CHEMICAL SCIENCES researcher in a paper uploaded to Academia",2024-10-26T08:25:00+00:00,Chemistry/materials/physical sciences,Misrepresenting/too broad — generic or off-profile label,Possible namesake,"The alert relies on H. Lee/name matching or an off-profile field and does not identify a verified paper, author list, venue, or DOI.",No
Mentioned by Hunmin Lee premium@academia-mail.com,"$1, 30 day trial. Are you the “Hunmin Lee” mentioned in Gesture papers?",2024-10-25T18:36:48+00:00,Gesture recognition (unspecified modality),Core — Generalizable EMG/biosignal decoding,Weak keyword matching,"The alert uses only the name plus a broad topic such as computer science, engineering, AI, or gesture recognition, with no verified paper identity.",No
Mentioned by Sang Kyoon Kim premium@academia-mail.com,"$1, 30 day trial. “Hunmin Lee” cited by “Sang Kyoon Kim”",2024-10-24T17:16:50+00:00,Generic academic/research,Misrepresenting/too broad — generic or off-profile label,Individually named but unverified,The subject names a citing/mentioning person but the body does not identify the cited work; retain for manual identity verification.,No
Mentioned by Jie Ma premium@academia-mail.com,"$1, 30 day trial. Are you the “Hunmin Lee” cited in arXiv papers?",2024-10-22T13:40:56+00:00,Generic academic/research,Misrepresenting/too broad — generic or off-profile label,Weak keyword matching,"The alert uses only the name plus a broad topic such as computer science, engineering, AI, or gesture recognition, with no verified paper identity.",No
"""Academia.edu"" premium@academia-mail.com",Your Personal Website Is Ready,2024-10-21T10:02:36+00:00,Generic academic/research,Misrepresenting/too broad — generic or off-profile label,Generic academic promotion,"Platform upsell, readership/profile metric, search-view notice, or other campaign that does not establish research relevance.",No
Mentioned by Wan Hyun Cho premium@academia-mail.com,"$1, 30 day trial. “Hunmin Lee” cited by “Wan Hyun Cho”",2024-10-20T12:16:54+00:00,Generic academic/research,Misrepresenting/too broad — generic or off-profile label,Individually named but unverified,The subject names a citing/mentioning person but the body does not identify the cited work; retain for manual identity verification.,No
Mentioned by Paniz Hosseini premium@academia-mail.com,"$1, 30 day trial. Are you the “H. Lee” cited in Capacitive Sensing papers?",2024-10-19T11:34:49+00:00,Capacitive/electric-field sensing and hand-motion interfaces,Historical — Capacitive/electric-field sensing,Secondary or historical match,"Exact-title or topic alert matches genuine older capacitive/hand-motion work or a secondary application, but not the present core identity.",No
Mentioned by Myung Hwan Na premium@academia-mail.com,"$1, 30 day trial. “Hunmin Lee” cited by “Myung Hwan Na”",2024-10-17T10:17:56+00:00,Generic academic/research,Misrepresenting/too broad — generic or off-profile label,Individually named but unverified,The subject names a citing/mentioning person but the body does not identify the cited work; retain for manual identity verification.,No
"""Academia.edu"" premium@academia-mail.com",4 people have read your papers,2024-10-17T06:50:07+00:00,Generic academic/research,Misrepresenting/too broad — generic or off-profile label,Generic academic promotion,"Platform upsell, readership/profile metric, search-view notice, or other campaign that does not establish research relevance.",No
Mentioned by Paniz Hosseini premium@academia-mail.com,"$1, 30 day trial. Are you the “H. Lee” cited in Computer Science papers?",2024-10-15T09:06:28+00:00,Generic AI/ML/computing,Misrepresenting/too broad — generic or off-profile label,Possible namesake,"The alert relies on H. Lee/name matching or an off-profile field and does not identify a verified paper, author list, venue, or DOI.",No
Routledge Books routledgebooks@email.routledge.com,📚 Fall into Savings - Buy 3+ and get 25% off,2024-10-15T08:03:50-06:00,General education or professional development,Misrepresenting/too broad — generic or off-profile label,Generic academic promotion,Recurring book-sale/bestseller campaign with no verified connection to the current research profile.,No
"""U.S. News Education Partner Offers"" updates@send-p.usnews.com",10/23 Exclusive Webinar with a Yale University Former Admissions Officer! 🎓,2024-10-14T15:53:27+00:00,Generic academic/research,Misrepresenting/too broad — generic or off-profile label,Generic academic promotion,Generic education or admissions promotion that is outdated or mismatched to the current PhD/research-career stage.,No
Mentioned by Paniz Hosseini premium@academia-mail.com,"$1, 30 day trial. “H. Lee” cited by “Paniz Hosseini”",2024-10-14T08:29:40+00:00,Generic academic/research,Misrepresenting/too broad — generic or off-profile label,Possible namesake,"The alert relies on H. Lee/name matching or an off-profile field and does not identify a verified paper, author list, venue, or DOI.",No
"""Academia.edu"" premium@academia-mail.com","“Lee, Hunmin”: The name ""Lee, Hunmin"" is mentioned in 4 papers uploaded to Academia, including one in a paper by someone in Indianapolis, United States",2024-10-13T05:11:12+00:00,Generic academic/research,Misrepresenting/too broad — generic or off-profile label,Generic academic promotion,"Platform upsell, readership/profile metric, search-view notice, or other campaign that does not establish research relevance.",No
Taylor and Francis Group Journals journals@email.taylorandfrancis.com,Section Editors needed for Research in Biomedical Engineering and Technology,2024-10-10T10:33:11-06:00,Biomedical analytics,Secondary — Graph/interpretable biomedical ML,Generic academic promotion,"Publisher recommendation, survey, or sales campaign; topical overlap is not evidence of research identity.",No
Mentioned by Hunmin Lee premium@academia-mail.com,"$1, 30 day trial. Are you the “Hunmin Lee” cited in Gesture Recognition papers?",2024-10-10T06:37:59+00:00,Gesture recognition (unspecified modality),Core — Generalizable EMG/biosignal decoding,Weak keyword matching,"The alert uses only the name plus a broad topic such as computer science, engineering, AI, or gesture recognition, with no verified paper identity.",No
"""U.S. News Education Partner Offers"" updates@send-p.usnews.com","Upcoming 10/17 Webinar: Unlock the Secrets of Standardized Testing: ACT, SAT or Test-Optional?",2024-10-07T16:22:32+00:00,General education or professional development,Misrepresenting/too broad — generic or off-profile label,Generic academic promotion,Generic education or admissions promotion that is outdated or mismatched to the current PhD/research-career stage.,No
Mentioned by Hunmin Lee premium@academia-mail.com,"$1, 30 day trial. Are you the “Hunmin Lee” mentioned in Engineering papers?",2024-10-07T04:17:03+00:00,Generic AI/ML/computing,Misrepresenting/too broad — generic or off-profile label,Weak keyword matching,"The alert uses only the name plus a broad topic such as computer science, engineering, AI, or gesture recognition, with no verified paper identity.",No
"""Academia.edu"" premium@academia-mail.com","Hunmin Lee and ""Real-time Interface Control with Motion Gesture Recognition based on Non-contact Capacitive Sensing"" are mentioned in a paper uploaded to Academia",2024-10-05T07:39:06+00:00,Capacitive/electric-field sensing and hand-motion interfaces,Historical — Capacitive/electric-field sensing,Secondary or historical match,"Exact-title or topic alert matches genuine older capacitive/hand-motion work or a secondary application, but not the present core identity.",No
Mentioned by Guodong Long premium@academia-mail.com,"$1, 30 day trial. “Hunmin Lee” cited by “Guodong Long”",2024-10-05T03:02:48+00:00,Generic academic/research,Misrepresenting/too broad — generic or off-profile label,Individually named but unverified,The subject names a citing/mentioning person but the body does not identify the cited work; retain for manual identity verification.,No
Mentioned by Hunmin Lee premium@academia-mail.com,"$1, 30 day trial. Are you the “Hunmin Lee” mentioned in Gesture papers?",2024-10-04T02:23:42+00:00,Gesture recognition (unspecified modality),Core — Generalizable EMG/biosignal decoding,Weak keyword matching,"The alert uses only the name plus a broad topic such as computer science, engineering, AI, or gesture recognition, with no verified paper identity.",No
Routledge Books routledgebooks@email.routledge.com,📚 Buy 1 get 15% off or buy 3+ and get 25% off,2024-10-02T11:06:42-06:00,General education or professional development,Misrepresenting/too broad — generic or off-profile label,Generic academic promotion,Recurring book-sale/bestseller campaign with no verified connection to the current research profile.,No
Mentioned by Jie Ma premium@academia-mail.com,"$1, 30 day trial. “Hunmin Lee” cited by “Jie Ma”",2024-10-02T01:14:02+00:00,Generic academic/research,Misrepresenting/too broad — generic or off-profile label,Individually named but unverified,The subject names a citing/mentioning person but the body does not identify the cited work; retain for manual identity verification.,No
"""Academia.edu"" premium@academia-mail.com",People in 4 countries have read your papers,2024-09-30T05:12:39+00:00,Generic academic/research,Misrepresenting/too broad — generic or off-profile label,Generic academic promotion,"Platform upsell, readership/profile metric, search-view notice, or other campaign that does not establish research relevance.",No
Mentioned by Hunmin Lee premium@academia-mail.com,"$1, 30 day trial. Are you the “Hunmin Lee” cited in Gesture papers?",2024-09-30T00:01:10+00:00,Gesture recognition (unspecified modality),Core — Generalizable EMG/biosignal decoding,Weak keyword matching,"The alert uses only the name plus a broad topic such as computer science, engineering, AI, or gesture recognition, with no verified paper identity.",No
"""Academia.edu"" premium@academia-mail.com","Someone saw ""An Attention Score Based At..."" in an Academia search",2024-09-28T23:51:14+00:00,Generic academic/research,Misrepresenting/too broad — generic or off-profile label,Secondary or historical match,"Exact-title or topic alert matches genuine older capacitive/hand-motion work or a secondary application, but not the present core identity.",Yes
Mentioned by DaeHee Seo premium@academia-mail.com,"$1, 30 day trial. “Hunmin Lee” cited by “DaeHee Seo”",2024-09-28T23:25:56+00:00,Generic academic/research,Misrepresenting/too broad — generic or off-profile label,Individually named but unverified,The subject names a citing/mentioning person but the body does not identify the cited work; retain for manual identity verification.,No
Mentioned by Jie Ma premium@academia-mail.com,"$1, 30 day trial. Are you the “Hunmin Lee” cited in Computer Science papers?",2024-09-26T22:13:53+00:00,Generic AI/ML/computing,Misrepresenting/too broad — generic or off-profile label,Weak keyword matching,"The alert uses only the name plus a broad topic such as computer science, engineering, AI, or gesture recognition, with no verified paper identity.",No
"""Academia.edu"" premium@academia-mail.com","The name ""Hunmin Lee"" is mentioned in a paper published in Electronics",2024-09-26T04:41:43+00:00,Generic academic/research,Misrepresenting/too broad — generic or off-profile label,Weak keyword matching,"The alert uses only the name plus a broad topic such as computer science, engineering, AI, or gesture recognition, with no verified paper identity.",No
Mentioned by In Seop Na premium@academia-mail.com,"$1, 30 day trial. “Hunmin Lee” cited by “In Seop Na”",2024-09-24T20:58:00+00:00,Generic academic/research,Misrepresenting/too broad — generic or off-profile label,Individually named but unverified,The subject names a citing/mentioning person but the body does not identify the cited work; retain for manual identity verification.,No
"""Taylor & Francis"" taylorandfrancis@email.taylorandfrancis.com","""Crashworthiness design of additively manufactured lattice-reinforced sandwich tube"" is ready to read",2024-09-24T15:57:24-06:00,General education or professional development,Misrepresenting/too broad — generic or off-profile label,Generic academic promotion,"Publisher recommendation, survey, or sales campaign; topical overlap is not evidence of research identity.",No
"""Academia.edu"" premium@academia-mail.com","Someone saw ""An Attention Score Based At..."" in an Academia search",2024-09-23T23:51:13+00:00,Generic academic/research,Misrepresenting/too broad — generic or off-profile label,Secondary or historical match,"Exact-title or topic alert matches genuine older capacitive/hand-motion work or a secondary application, but not the present core identity.",No
Mentioned by Hunmin Lee premium@academia-mail.com,"$1, 30 day trial. Are you the “Hunmin Lee” mentioned in Gesture Recognition papers?",2024-09-23T20:25:44+00:00,Gesture recognition (unspecified modality),Core — Generalizable EMG/biosignal decoding,Weak keyword matching,"The alert uses only the name plus a broad topic such as computer science, engineering, AI, or gesture recognition, with no verified paper identity.",No
Routledge Books routledgebooks@email.routledge.com,📚 Last Chance: Extra 10% Off All Books!,2024-09-23T12:08:49-06:00,General education or professional development,Misrepresenting/too broad — generic or off-profile label,Generic academic promotion,Recurring book-sale/bestseller campaign with no verified connection to the current research profile.,No
Mentioned by Sang Kyoon Kim premium@academia-mail.com,"$1, 30 day trial. “Hunmin Lee” cited by “Sang Kyoon Kim”",2024-09-21T19:45:54+00:00,Generic academic/research,Misrepresenting/too broad — generic or off-profile label,Individually named but unverified,The subject names a citing/mentioning person but the body does not identify the cited work; retain for manual identity verification.,No
Mentioned by Hunmin Lee premium@academia-mail.com,"$1, 30 day trial. Are you the “Hunmin Lee” cited in Engineering papers?",2024-09-19T18:36:58+00:00,Generic AI/ML/computing,Misrepresenting/too broad — generic or off-profile label,Weak keyword matching,"The alert uses only the name plus a broad topic such as computer science, engineering, AI, or gesture recognition, with no verified paper identity.",No
Mentioned by Wan Hyun Cho premium@academia-mail.com,"$1, 30 day trial. “Hunmin Lee” cited by “Wan Hyun Cho”",2024-09-18T17:42:29+00:00,Generic academic/research,Misrepresenting/too broad — generic or off-profile label,Individually named but unverified,The subject names a citing/mentioning person but the body does not identify the cited work; retain for manual identity verification.,No
"""Academia.edu"" premium@academia-mail.com","A paper published by a member of the Energy Technologies Area department at Lawrence Berkeley National Laboratory mentions the name ""Hunmin Lee""",2024-09-17T09:24:21+00:00,Generic academic/research,Misrepresenting/too broad — generic or off-profile label,Possible namesake,"The alert relies on H. Lee/name matching or an off-profile field and does not identify a verified paper, author list, venue, or DOI.",No
Mentioned by Jie Ma premium@academia-mail.com,"$1, 30 day trial. Are you the “Hunmin Lee” cited in arXiv papers?",2024-09-16T16:07:14+00:00,Generic academic/research,Misrepresenting/too broad — generic or off-profile label,Weak keyword matching,"The alert uses only the name plus a broad topic such as computer science, engineering, AI, or gesture recognition, with no verified paper identity.",No
"""Academia.edu"" premium@academia-mail.com",Last reminder: try out Academia Premium for 30 days for just $1,2024-09-16T04:39:06+00:00,Generic academic/research,Misrepresenting/too broad — generic or off-profile label,Generic academic promotion,"Platform upsell, readership/profile metric, search-view notice, or other campaign that does not establish research relevance.",No
Mentioned by Myung Hwan Na premium@academia-mail.com,"$1, 30 day trial. “Hunmin Lee” cited by “Myung Hwan Na”",2024-09-15T15:30:33+00:00,Generic academic/research,Misrepresenting/too broad — generic or off-profile label,Individually named but unverified,The subject names a citing/mentioning person but the body does not identify the cited work; retain for manual identity verification.,No
Mentioned by Paniz Hosseini premium@academia-mail.com,"$1, 30 day trial. Are you the “H. Lee” cited in Capacitive Sensing papers?",2024-09-13T14:22:10+00:00,Capacitive/electric-field sensing and hand-motion interfaces,Historical — Capacitive/electric-field sensing,Secondary or historical match,"Exact-title or topic alert matches genuine older capacitive/hand-motion work or a secondary application, but not the present core identity.",No
"""Academia.edu"" premium@academia-mail.com","Hunmin Lee and ""Real-time Interface Control with Motion Gesture Recognition based on Non-contact Capacitive Sensing"" are mentioned in a paper uploaded to Academia",2024-09-13T06:46:27+00:00,Capacitive/electric-field sensing and hand-motion interfaces,Historical — Capacitive/electric-field sensing,Secondary or historical match,"Exact-title or topic alert matches genuine older capacitive/hand-motion work or a secondary application, but not the present core identity.",No
Mentioned by Paniz Hosseini premium@academia-mail.com,"$1, 30 day trial. “H. Lee” cited by “Paniz Hosseini”",2024-09-11T13:19:07+00:00,Generic academic/research,Misrepresenting/too broad — generic or off-profile label,Possible namesake,"The alert relies on H. Lee/name matching or an off-profile field and does not identify a verified paper, author list, venue, or DOI.",No
Routledge Books routledgebooks@email.routledge.com,💰Summer savings: Save 20% off our most popular books!,2024-09-10T16:05:52-06:00,General education or professional development,Misrepresenting/too broad — generic or off-profile label,Generic academic promotion,Recurring book-sale/bestseller campaign with no verified connection to the current research profile.,No
"""Taylor & Francis"" taylorandfrancis@email.taylorandfrancis.com","""Geo-spatial Hypertext in Virtual Reality: Mapping and Navigating Global News Event Spaces"" is ready to read",2024-09-10T15:57:00-06:00,General education or professional development,Misrepresenting/too broad — generic or off-profile label,Generic academic promotion,"Publisher recommendation, survey, or sales campaign; topical overlap is not evidence of research identity.",No
"""U.S. News Education Partner Offers"" updates@send-p.usnews.com",Last Call for 9/11 Q&A: Insider Tips to Perfect Your College Essays – Register Now!,2024-09-09T19:10:26+00:00,General education or professional development,Misrepresenting/too broad — generic or off-profile label,Generic academic promotion,Generic education or admissions promotion that is outdated or mismatched to the current PhD/research-career stage.,No
"""Academia.edu"" premium@academia-mail.com","“Lee, Hunmin”: The name ""Lee, Hunmin"" is mentioned in 4 papers uploaded to Academia, including one in a paper by someone in Indianapolis, United States",2024-09-09T03:08:40+00:00,Generic academic/research,Misrepresenting/too broad — generic or off-profile label,Generic academic promotion,"Platform upsell, readership/profile metric, search-view notice, or other campaign that does not establish research relevance.",No
Mentioned by Jing Jiang premium@academia-mail.com,"$1, 30 day trial. “Hunmin Lee” cited by “Jing Jiang”",2024-09-08T11:34:59+00:00,Generic academic/research,Misrepresenting/too broad — generic or off-profile label,Individually named but unverified,The subject names a citing/mentioning person but the body does not identify the cited work; retain for manual identity verification.,No
Mentioned by Tianyi Zhou premium@academia-mail.com,"$1, 30 day trial. “Hunmin Lee” cited by “Tianyi Zhou”",2024-09-05T09:55:54+00:00,Generic academic/research,Misrepresenting/too broad — generic or off-profile label,Individually named but unverified,The subject names a citing/mentioning person but the body does not identify the cited work; retain for manual identity verification.,No
"""Academia.edu"" premium@academia-mail.com","Hunmin Lee and ""A BPRCNN Based Hand Motion Classifier Using Electric Field Sensors"" are mentioned in a paper uploaded to Academia",2024-09-05T07:14:58+00:00,Capacitive/electric-field sensing and hand-motion interfaces,Historical — Capacitive/electric-field sensing,Secondary or historical match,"Exact-title or topic alert matches genuine older capacitive/hand-motion work or a secondary application, but not the present core identity.",No
"""U.S. News Education Partner Offers"" updates@send-p.usnews.com",9/11 Q&A: Insider Tips to Perfect Your College Essays – Register Now!,2024-09-03T15:44:32+00:00,General education or professional development,Misrepresenting/too broad — generic or off-profile label,Generic academic promotion,Generic education or admissions promotion that is outdated or mismatched to the current PhD/research-career stage.,No
Mentioned by Hunmin Lee premium@academia-mail.com,"$1, 30 day trial. Are you the “Hunmin Lee” mentioned in Gesture Recognition papers?",2024-09-03T08:25:56+00:00,Gesture recognition (unspecified modality),Core — Generalizable EMG/biosignal decoding,Weak keyword matching,"The alert uses only the name plus a broad topic such as computer science, engineering, AI, or gesture recognition, with no verified paper identity.",No
Routledge Books routledgebooks@email.routledge.com,📚Save 25% off Select Hardback Books,2024-09-02T15:04:34-06:00,General education or professional development,Misrepresenting/too broad — generic or off-profile label,Generic academic promotion,Recurring book-sale/bestseller campaign with no verified connection to the current research profile.,No
Mentioned by Guodong Long premium@academia-mail.com,"$1, 30 day trial. “Hunmin Lee” cited by “Guodong Long”",2024-09-01T07:13:26+00:00,Generic academic/research,Misrepresenting/too broad — generic or off-profile label,Individually named but unverified,The subject names a citing/mentioning person but the body does not identify the cited work; retain for manual identity verification.,No
Mentioned by Hunmin Lee premium@academia-mail.com,"$1, 30 day trial. Are you the “Hunmin Lee” cited in Gesture papers?",2024-08-31T06:37:48+00:00,Gesture recognition (unspecified modality),Core — Generalizable EMG/biosignal decoding,Weak keyword matching,"The alert uses only the name plus a broad topic such as computer science, engineering, AI, or gesture recognition, with no verified paper identity.",No
Mentioned by Hunmin Lee premium@academia-mail.com,"$1, 30 day trial. Are you the “Hunmin Lee” mentioned in Gesture papers?",2024-08-27T04:05:37+00:00,Gesture recognition (unspecified modality),Core — Generalizable EMG/biosignal decoding,Weak keyword matching,"The alert uses only the name plus a broad topic such as computer science, engineering, AI, or gesture recognition, with no verified paper identity.",No
Routledge Books routledgebooks@email.routledge.com,Get an Extra 10% Off eBooks - 3 days only! 🎓✨,2024-08-26T07:03:32-06:00,General education or professional development,Misrepresenting/too broad — generic or off-profile label,Generic academic promotion,Recurring book-sale/bestseller campaign with no verified connection to the current research profile.,No
"""Taylor & Francis"" taylorandfrancis@email.taylorandfrancis.com",Associate Editor needed for Cybernetics and Systems,2024-08-26T06:00:57-06:00,Generic academic/research,Misrepresenting/too broad — generic or off-profile label,Generic academic promotion,"Publisher recommendation, survey, or sales campaign; topical overlap is not evidence of research identity.",No
Mentioned by DaeHee Seo premium@academia-mail.com,"$1, 30 day trial. “Hunmin Lee” cited by “DaeHee Seo”",2024-08-26T03:28:15+00:00,Generic academic/research,Misrepresenting/too broad — generic or off-profile label,Individually named but unverified,The subject names a citing/mentioning person but the body does not identify the cited work; retain for manual identity verification.,No
Mentioned by Jie Ma premium@academia-mail.com,"$1, 30 day trial. Are you the “Hunmin Lee” cited in Computer Science papers?",2024-08-24T02:18:15+00:00,Generic AI/ML/computing,Misrepresenting/too broad — generic or off-profile label,Weak keyword matching,"The alert uses only the name plus a broad topic such as computer science, engineering, AI, or gesture recognition, with no verified paper identity.",No
"""Academia.edu"" premium@academia-mail.com","The name ""Hunmin Lee"" is mentioned in a paper published in Electronics",2024-08-23T03:58:24+00:00,Generic academic/research,Misrepresenting/too broad — generic or off-profile label,Weak keyword matching,"The alert uses only the name plus a broad topic such as computer science, engineering, AI, or gesture recognition, with no verified paper identity.",No
Mentioned by In Seop Na premium@academia-mail.com,"$1, 30 day trial. “Hunmin Lee” cited by “In Seop Na”",2024-08-22T01:07:05+00:00,Generic academic/research,Misrepresenting/too broad — generic or off-profile label,Individually named but unverified,The subject names a citing/mentioning person but the body does not identify the cited work; retain for manual identity verification.,No
Mentioned by Hunmin Lee premium@academia-mail.com,"$1, 30 day trial. Are you the “Hunmin Lee” cited in Gesture Recognition papers?",2024-08-21T00:30:00+00:00,Gesture recognition (unspecified modality),Core — Generalizable EMG/biosignal decoding,Weak keyword matching,"The alert uses only the name plus a broad topic such as computer science, engineering, AI, or gesture recognition, with no verified paper identity.",No
"""Taylor & Francis"" taylorandfrancis@email.taylorandfrancis.com",Editor-in-Chief needed for Information Systems Management,2024-08-19T12:30:41-06:00,Generic academic/research,Misrepresenting/too broad — generic or off-profile label,Generic academic promotion,"Publisher recommendation, survey, or sales campaign; topical overlap is not evidence of research identity.",No
Mentioned by Sang Kyoon Kim premium@academia-mail.com,"$1, 30 day trial. “Hunmin Lee” cited by “Sang Kyoon Kim”",2024-08-18T23:17:13+00:00,Generic academic/research,Misrepresenting/too broad — generic or off-profile label,Individually named but unverified,The subject names a citing/mentioning person but the body does not identify the cited work; retain for manual identity verification.,No
Mentioned by Wan Hyun Cho premium@academia-mail.com,"$1, 30 day trial. “Hunmin Lee” cited by “Wan Hyun Cho”",2024-08-15T21:29:42+00:00,Generic academic/research,Misrepresenting/too broad — generic or off-profile label,Individually named but unverified,The subject names a citing/mentioning person but the body does not identify the cited work; retain for manual identity verification.,No
"""Academia.edu"" premium@academia-mail.com","Hunmin Lee and ""A BPRCNN Based Hand Motion Classifier Using Electric Field Sensors"" are mentioned in a paper uploaded to Academia",2024-08-15T03:07:28+00:00,Capacitive/electric-field sensing and hand-motion interfaces,Historical — Capacitive/electric-field sensing,Secondary or historical match,"Exact-title or topic alert matches genuine older capacitive/hand-motion work or a secondary application, but not the present core identity.",No
Mentioned by Jie Ma premium@academia-mail.com,"$1, 30 day trial. Are you the “Hunmin Lee” cited in arXiv papers?",2024-08-13T20:15:25+00:00,Generic academic/research,Misrepresenting/too broad — generic or off-profile label,Weak keyword matching,"The alert uses only the name plus a broad topic such as computer science, engineering, AI, or gesture recognition, with no verified paper identity.",No
Mentioned by Myung Hwan Na premium@academia-mail.com,"$1, 30 day trial. “Hunmin Lee” cited by “Myung Hwan Na”",2024-08-11T18:56:41+00:00,Generic academic/research,Misrepresenting/too broad — generic or off-profile label,Individually named but unverified,The subject names a citing/mentioning person but the body does not identify the cited work; retain for manual identity verification.,No
"""Academia.edu"" premium@academia-mail.com","The name ""Hunmin Lee"" is mentioned in a PDF uploaded to Academia by Jae Sung Lee",2024-08-11T10:40:31+00:00,Generic academic/research,Misrepresenting/too broad — generic or off-profile label,Weak keyword matching,"The alert uses only the name plus a broad topic such as computer science, engineering, AI, or gesture recognition, with no verified paper identity.",No
Mentioned by Paniz Hosseini premium@academia-mail.com,"$1, 30 day trial. Are you the “H. Lee” cited in Computer Science papers?",2024-08-10T18:16:43+00:00,Generic AI/ML/computing,Misrepresenting/too broad — generic or off-profile label,Possible namesake,"The alert relies on H. Lee/name matching or an off-profile field and does not identify a verified paper, author list, venue, or DOI.",No
Routledge Books routledgebooks@email.routledge.com,💰👀Huge savings for Book Lovers: 25% Off All Books,2024-08-09T11:04:35-06:00,General education or professional development,Misrepresenting/too broad — generic or off-profile label,Generic academic promotion,Recurring book-sale/bestseller campaign with no verified connection to the current research profile.,No
Mentioned by Paniz Hosseini premium@academia-mail.com,"$1, 30 day trial. “H. Lee” cited by “Paniz Hosseini”",2024-08-08T17:12:38+00:00,Generic academic/research,Misrepresenting/too broad — generic or off-profile label,Possible namesake,"The alert relies on H. Lee/name matching or an off-profile field and does not identify a verified paper, author list, venue, or DOI.",No
"""Academia.edu"" premium@academia-mail.com","“Lee, Hunmin”: The name ""Lee, Hunmin"" is mentioned in 4 papers uploaded to Academia, including one in a paper by someone in Indianapolis, United States",2024-08-07T07:07:35+00:00,Generic academic/research,Misrepresenting/too broad — generic or off-profile label,Generic academic promotion,"Platform upsell, readership/profile metric, search-view notice, or other campaign that does not establish research relevance.",No
Mentioned by Paniz Hosseini premium@academia-mail.com,"$1, 30 day trial. Are you the “H. Lee” cited in Capacitive Sensing papers?",2024-08-06T16:01:18+00:00,Capacitive/electric-field sensing and hand-motion interfaces,Historical — Capacitive/electric-field sensing,Secondary or historical match,"Exact-title or topic alert matches genuine older capacitive/hand-motion work or a secondary application, but not the present core identity.",No
Mentioned by Jie Ma premium@academia-mail.com,"$1, 30 day trial. “Hunmin Lee” cited by “Jie Ma”",2024-08-05T15:23:20+00:00,Generic academic/research,Misrepresenting/too broad — generic or off-profile label,Individually named but unverified,The subject names a citing/mentioning person but the body does not identify the cited work; retain for manual identity verification.,No
Mentioned by Myung Hwan Na premium@academia-mail.com,"$1, 30 day trial. Are you the “Hunmin Lee” cited in Artificial Intelligence papers?",2024-08-03T14:08:54+00:00,Generic AI/ML/computing,Misrepresenting/too broad — generic or off-profile label,Weak keyword matching,"The alert uses only the name plus a broad topic such as computer science, engineering, AI, or gesture recognition, with no verified paper identity.",No
"""Academia.edu"" premium@academia-mail.com","The name ""Hunmin Lee"" is mentioned in a Computer Science paper uploaded to Academia",2024-08-03T09:46:54+00:00,Generic AI/ML/computing,Misrepresenting/too broad — generic or off-profile label,Weak keyword matching,"The alert uses only the name plus a broad topic such as computer science, engineering, AI, or gesture recognition, with no verified paper identity.",No
Mentioned by Yingshu Li premium@academia-mail.com,"$1, 30 day trial. “Hunmin Lee” mentioned by “Yingshu Li”",2024-08-01T12:53:38+00:00,Generic academic/research,Misrepresenting/too broad — generic or off-profile label,Individually named but unverified,The subject names a citing/mentioning person but the body does not identify the cited work; retain for manual identity verification.,No
Mentioned by Hunmin Lee premium@academia-mail.com,"$1, 30 day trial. Are you the “Hunmin Lee” cited in Engineering papers?",2024-07-31T12:26:48+00:00,Generic AI/ML/computing,Misrepresenting/too broad — generic or off-profile label,Weak keyword matching,"The alert uses only the name plus a broad topic such as computer science, engineering, AI, or gesture recognition, with no verified paper identity.",No
"""Taylor & Francis"" taylorandfrancis@email.taylorandfrancis.com","""Exploring the Effect of Human-Drone Communication Modality on Safety and Balance Control in Virtual Construction Environments"" is ready to read",2024-07-30T17:26:05-06:00,General education or professional development,Misrepresenting/too broad — generic or off-profile label,Generic academic promotion,"Publisher recommendation, survey, or sales campaign; topical overlap is not evidence of research identity.",No
"""Academia.edu"" premium@academia-mail.com","Hunmin Lee and ""Real-time Interface Control with Motion Gesture Recognition based on Non-contact Capacitive Sensing"" are mentioned in a paper uploaded to Academia",2024-07-30T08:50:39+00:00,Capacitive/electric-field sensing and hand-motion interfaces,Historical — Capacitive/electric-field sensing,Secondary or historical match,"Exact-title or topic alert matches genuine older capacitive/hand-motion work or a secondary application, but not the present core identity.",No
Mentioned by Nahom Ogbazghi premium@academia-mail.com,"$1, 30 day trial. “Hunmin Lee” mentioned by “Nahom Ogbazghi”",2024-07-29T11:13:55+00:00,Generic academic/research,Misrepresenting/too broad — generic or off-profile label,Individually named but unverified,The subject names a citing/mentioning person but the body does not identify the cited work; retain for manual identity verification.,No
Mentioned by Hunmin Lee premium@academia-mail.com,"$1, 30 day trial. Are you the “Hunmin Lee” cited in Capacitive Sensing papers?",2024-07-27T09:56:17+00:00,Capacitive/electric-field sensing and hand-motion interfaces,Historical — Capacitive/electric-field sensing,Secondary or historical match,"Exact-title or topic alert matches genuine older capacitive/hand-motion work or a secondary application, but not the present core identity.",No
Mentioned by Jaya Krishna Mandivarapu premium@academia-mail.com,"$1, 30 day trial. “Hunmin Lee” mentioned by “Jaya Krishna Mandivarapu”",2024-07-26T09:23:40+00:00,Generic academic/research,Misrepresenting/too broad — generic or off-profile label,Individually named but unverified,The subject names a citing/mentioning person but the body does not identify the cited work; retain for manual identity verification.,No
"""Academia.edu"" premium@academia-mail.com",1 of your readers is interested in arXiv,2024-07-25T07:22:10+00:00,Generic academic/research,Misrepresenting/too broad — generic or off-profile label,Generic academic promotion,"Platform upsell, readership/profile metric, search-view notice, or other campaign that does not establish research relevance.",No
Mentioned by Hunmin Lee premium@academia-mail.com,"$1, 30 day trial. Are you the “Hunmin Lee” cited in Gesture Recognition papers?",2024-07-24T08:02:19+00:00,Gesture recognition (unspecified modality),Core — Generalizable EMG/biosignal decoding,Weak keyword matching,"The alert uses only the name plus a broad topic such as computer science, engineering, AI, or gesture recognition, with no verified paper identity.",No
Mentioned by Hunmin Lee premium@academia-mail.com,"$1, 30 day trial. “Hunmin Lee” mentioned by “Hunmin Lee”",2024-07-22T06:40:41+00:00,Generic academic/research,Misrepresenting/too broad — generic or off-profile label,Individually named but unverified,The subject names a citing/mentioning person but the body does not identify the cited work; retain for manual identity verification.,No
"""Academia.edu"" premium@academia-mail.com","A paper published by a member of the Energy Technologies Area department at Lawrence Berkeley National Laboratory mentions the name ""Hunmin Lee""",2024-07-21T10:24:14+00:00,Generic academic/research,Misrepresenting/too broad — generic or off-profile label,Possible namesake,"The alert relies on H. Lee/name matching or an off-profile field and does not identify a verified paper, author list, venue, or DOI.",No
Mentioned by In Seop Na premium@academia-mail.com,"$1, 30 day trial. “Hunmin Lee” cited by “In Seop Na”",2024-07-19T04:51:04+00:00,Generic academic/research,Misrepresenting/too broad — generic or off-profile label,Individually named but unverified,The subject names a citing/mentioning person but the body does not identify the cited work; retain for manual identity verification.,No
Mentioned by Hunmin Lee premium@academia-mail.com,"$1, 30 day trial. Are you the “Hunmin Lee” cited in Gesture papers?",2024-07-17T03:34:43+00:00,Gesture recognition (unspecified modality),Core — Generalizable EMG/biosignal decoding,Weak keyword matching,"The alert uses only the name plus a broad topic such as computer science, engineering, AI, or gesture recognition, with no verified paper identity.",No
"""Taylor & Francis"" taylorandfrancis@email.taylorandfrancis.com","""Effects of background music on numerical and spatial location working memory: Differences between extraverts and introverts"" is ready to read",2024-07-16T15:25:44-06:00,General education or professional development,Misrepresenting/too broad — generic or off-profile label,Generic academic promotion,"Publisher recommendation, survey, or sales campaign; topical overlap is not evidence of research identity.",No
"""Academia.edu"" premium@academia-mail.com","The name ""Hunmin Lee"" is mentioned in an Engineering paper uploaded to Academia",2024-07-16T09:09:27+00:00,Generic AI/ML/computing,Misrepresenting/too broad — generic or off-profile label,Weak keyword matching,"The alert uses only the name plus a broad topic such as computer science, engineering, AI, or gesture recognition, with no verified paper identity.",No
Mentioned by Sang Kyoon Kim premium@academia-mail.com,"$1, 30 day trial. “Hunmin Lee” cited by “Sang Kyoon Kim”",2024-07-16T02:56:51+00:00,Generic academic/research,Misrepresenting/too broad — generic or off-profile label,Individually named but unverified,The subject names a citing/mentioning person but the body does not identify the cited work; retain for manual identity verification.,No
"""Academia.edu"" premium@academia-mail.com","Hunmin Lee and ""A BPRCNN Based Hand Motion Classifier Using Electric Field Sensors"" are mentioned in a paper uploaded to Academia",2024-07-12T07:13:58+00:00,Capacitive/electric-field sensing and hand-motion interfaces,Historical — Capacitive/electric-field sensing,Secondary or historical match,"Exact-title or topic alert matches genuine older capacitive/hand-motion work or a secondary application, but not the present core identity.",No
Mentioned by Jie Ma premium@academia-mail.com,"$1, 30 day trial. Are you the “Hunmin Lee” cited in arXiv papers?",2024-07-11T00:08:11+00:00,Generic academic/research,Misrepresenting/too broad — generic or off-profile label,Weak keyword matching,"The alert uses only the name plus a broad topic such as computer science, engineering, AI, or gesture recognition, with no verified paper identity.",No
Mentioned by Myung Hwan Na premium@academia-mail.com,"$1, 30 day trial. “Hunmin Lee” cited by “Myung Hwan Na”",2024-07-08T22:52:50+00:00,Generic academic/research,Misrepresenting/too broad — generic or off-profile label,Individually named but unverified,The subject names a citing/mentioning person but the body does not identify the cited work; retain for manual identity verification.,No
"""Academia.edu"" premium@academia-mail.com","We created a Personal Website for you, powered by your Academia Profile",2024-07-08T06:30:21+00:00,Generic academic/research,Misrepresenting/too broad — generic or off-profile label,Generic academic promotion,"Platform upsell, readership/profile metric, search-view notice, or other campaign that does not establish research relevance.",No
Mentioned by Paniz Hosseini premium@academia-mail.com,"$1, 30 day trial. Are you the “H. Lee” cited in Capacitive Sensing papers?",2024-07-07T22:09:55+00:00,Capacitive/electric-field sensing and hand-motion interfaces,Historical — Capacitive/electric-field sensing,Secondary or historical match,"Exact-title or topic alert matches genuine older capacitive/hand-motion work or a secondary application, but not the present core identity.",No
Mentioned by Paniz Hosseini premium@academia-mail.com,“H. Lee” cited by “Paniz Hosseini”,2024-07-05T21:37:22+00:00,Generic academic/research,Misrepresenting/too broad — generic or off-profile label,Possible namesake,"The alert relies on H. Lee/name matching or an off-profile field and does not identify a verified paper, author list, venue, or DOI.",No
"""Academia.edu"" premium@academia-mail.com","The name ""H. Lee"" is mentioned in a PDF uploaded to Academia by Paniz Hosseini",2024-07-04T06:25:52+00:00,Generic academic/research,Misrepresenting/too broad — generic or off-profile label,Possible namesake,"The alert relies on H. Lee/name matching or an off-profile field and does not identify a verified paper, author list, venue, or DOI.",No
Mentioned by Paniz Hosseini premium@academia-mail.com,Are you the “H. Lee” cited in Computer Science papers?,2024-07-03T19:54:05+00:00,Generic AI/ML/computing,Misrepresenting/too broad — generic or off-profile label,Possible namesake,"The alert relies on H. Lee/name matching or an off-profile field and does not identify a verified paper, author list, venue, or DOI.",No
Mentioned by Tianyi Zhou premium@academia-mail.com,“Hunmin Lee” cited by “Tianyi Zhou”,2024-07-02T19:21:54+00:00,Generic academic/research,Misrepresenting/too broad — generic or off-profile label,Individually named but unverified,The subject names a citing/mentioning person but the body does not identify the cited work; retain for manual identity verification.,No
"""Taylor & Francis"" taylorandfrancis@email.taylorandfrancis.com","""Translation and validation of the Persian version of ?The Psychosocial Impact of Assistive Devices Scale? in patients with neurological disorders"" is ready to read",2024-07-02T16:53:50-06:00,General education or professional development,Misrepresenting/too broad — generic or off-profile label,Generic academic promotion,"Publisher recommendation, survey, or sales campaign; topical overlap is not evidence of research identity.",No
Routledge Books routledgebooks@email.routledge.com,Save 25% when buying 2 or more,2024-07-02T11:05:47-06:00,General education or professional development,Misrepresenting/too broad — generic or off-profile label,Generic academic promotion,Recurring book-sale/bestseller campaign with no verified connection to the current research profile.,No
"""Academia.edu"" premium@academia-mail.com","A paper published by a member of the Mechanical Engineering department at University of Tehran mentions the name ""Hunmin Lee""",2024-06-29T05:43:20+00:00,Generic AI/ML/computing,Misrepresenting/too broad — generic or off-profile label,Possible namesake,"The alert relies on H. Lee/name matching or an off-profile field and does not identify a verified paper, author list, venue, or DOI.",No
Mentioned by Guodong Long premium@academia-mail.com,“Hunmin Lee” cited by “Guodong Long”,2024-06-28T16:47:20+00:00,Generic academic/research,Misrepresenting/too broad — generic or off-profile label,Individually named but unverified,The subject names a citing/mentioning person but the body does not identify the cited work; retain for manual identity verification.,No
Mentioned by Hunmin Lee premium@academia-mail.com,Are you the “Hunmin Lee” cited in Capacitive Sensing papers?,2024-06-27T16:06:38+00:00,Capacitive/electric-field sensing and hand-motion interfaces,Historical — Capacitive/electric-field sensing,Secondary or historical match,"Exact-title or topic alert matches genuine older capacitive/hand-motion work or a secondary application, but not the present core identity.",No
"""Taylor & Francis"" taylorandfrancis@email.taylorandfrancis.com",We’re talking Information Systems. Ready to join the conversation?,2024-06-26T08:01:53-06:00,Generic academic/research,Misrepresenting/too broad — generic or off-profile label,Generic academic promotion,"Publisher recommendation, survey, or sales campaign; topical overlap is not evidence of research identity.",No
Mentioned by Jie Ma premium@academia-mail.com,“Hunmin Lee” cited by “Jie Ma”,2024-06-25T14:58:32+00:00,Generic academic/research,Misrepresenting/too broad — generic or off-profile label,Individually named but unverified,The subject names a citing/mentioning person but the body does not identify the cited work; retain for manual identity verification.,No
Routledge Books routledgebooks@email.routledge.com,June's Most Popular Books,2024-06-25T10:06:07-06:00,General education or professional development,Misrepresenting/too broad — generic or off-profile label,Generic academic promotion,Recurring book-sale/bestseller campaign with no verified connection to the current research profile.,No
"""Academia.edu"" premium@academia-mail.com",People in 3 countries have read your papers,2024-06-25T08:45:14+00:00,Generic academic/research,Misrepresenting/too broad — generic or off-profile label,Generic academic promotion,"Platform upsell, readership/profile metric, search-view notice, or other campaign that does not establish research relevance.",No
Mentioned by Hunmin Lee premium@academia-mail.com,Are you the “Hunmin Lee” mentioned in Gesture Recognition papers?,2024-06-23T13:45:39+00:00,Gesture recognition (unspecified modality),Core — Generalizable EMG/biosignal decoding,Weak keyword matching,"The alert uses only the name plus a broad topic such as computer science, engineering, AI, or gesture recognition, with no verified paper identity.",No
Mentioned by Hunmin Lee premium@academia-mail.com,"50% Off, 2 days only - “Hunmin Lee” cited by “Hunmin Lee”",2024-06-22T13:10:56+00:00,Generic academic/research,Misrepresenting/too broad — generic or off-profile label,Individually named but unverified,The subject names a citing/mentioning person but the body does not identify the cited work; retain for manual identity verification.,No
"""Academia.edu"" premium@academia-mail.com","The name ""Hunmin Lee"" is mentioned by a CHEMICAL SCIENCES researcher in a paper uploaded to Academia",2024-06-21T06:04:45+00:00,Chemistry/materials/physical sciences,Misrepresenting/too broad — generic or off-profile label,Possible namesake,"The alert relies on H. Lee/name matching or an off-profile field and does not identify a verified paper, author list, venue, or DOI.",No
Routledge Books routledgebooks@email.routledge.com,25% Off Ending Soon,2024-06-20T12:07:17-06:00,General education or professional development,Misrepresenting/too broad — generic or off-profile label,Generic academic promotion,Recurring book-sale/bestseller campaign with no verified connection to the current research profile.,No
"""Taylor & Francis"" taylorandfrancis@email.taylorandfrancis.com","""Between-session reliability of dry-land and in-water tests to measure inter-limb asymmetries in swimmers"" is ready to read",2024-06-18T17:00:47-06:00,General education or professional development,Misrepresenting/too broad — generic or off-profile label,Generic academic promotion,"Publisher recommendation, survey, or sales campaign; topical overlap is not evidence of research identity.",No
"""Academia.edu"" premium@academia-mail.com","The name ""Hunmin Lee"" is mentioned in a paper published in Electronics",2024-06-13T09:46:49+00:00,Generic academic/research,Misrepresenting/too broad — generic or off-profile label,Weak keyword matching,"The alert uses only the name plus a broad topic such as computer science, engineering, AI, or gesture recognition, with no verified paper identity.",No
Mentioned by Hunmin Lee premium@academia-mail.com,Are you the “Hunmin Lee” mentioned in Gesture papers?,2024-06-13T07:42:29+00:00,Gesture recognition (unspecified modality),Core — Generalizable EMG/biosignal decoding,Weak keyword matching,"The alert uses only the name plus a broad topic such as computer science, engineering, AI, or gesture recognition, with no verified paper identity.",No
"""Academia.edu"" premium@academia-mail.com",Last chance. 50% off the improved Academia Premium.,2024-06-12T06:39:30+00:00,Generic academic/research,Misrepresenting/too broad — generic or off-profile label,Generic academic promotion,"Platform upsell, readership/profile metric, search-view notice, or other campaign that does not establish research relevance.",No
Routledge Books routledgebooks@email.routledge.com,25% Off Top 500 Bestsellers,2024-06-10T10:05:58-06:00,General education or professional development,Misrepresenting/too broad — generic or off-profile label,Generic academic promotion,Recurring book-sale/bestseller campaign with no verified connection to the current research profile.,No
Mentioned by Hunmin Lee premium@academia-mail.com,Are you the “Hunmin Lee” cited in Gesture Recognition papers?,2024-06-10T05:53:36+00:00,Gesture recognition (unspecified modality),Core — Generalizable EMG/biosignal decoding,Weak keyword matching,"The alert uses only the name plus a broad topic such as computer science, engineering, AI, or gesture recognition, with no verified paper identity.",No
"""Academia.edu"" premium@academia-mail.com","“Lee, Hunmin”: The name ""Lee, Hunmin"" is mentioned in 4 papers uploaded to Academia, including one in a paper by someone in Indianapolis, United States",2024-06-09T05:48:36+00:00,Generic academic/research,Misrepresenting/too broad — generic or off-profile label,Generic academic promotion,"Platform upsell, readership/profile metric, search-view notice, or other campaign that does not establish research relevance.",No
Mentioned by Wan Hyun Cho premium@academia-mail.com,“Hunmin Lee” cited by “Wan Hyun Cho”,2024-06-08T04:44:28+00:00,Generic academic/research,Misrepresenting/too broad — generic or off-profile label,Individually named but unverified,The subject names a citing/mentioning person but the body does not identify the cited work; retain for manual identity verification.,No
Georgia State Graduate Studies GeorgiaState@info.grad.gsu.edu,You're invited to apply!,2024-06-07T21:10:14+00:00,Generic AI/ML/computing,Misrepresenting/too broad — generic or off-profile label,Generic academic promotion,Generic education or admissions promotion that is outdated or mismatched to the current PhD/research-career stage.,No
"""Academia.edu"" premium@academia-mail.com",12 hours left. 50% off the improved Academia Premium.,2024-06-07T08:25:48+00:00,Generic academic/research,Misrepresenting/too broad — generic or off-profile label,Generic academic promotion,"Platform upsell, readership/profile metric, search-view notice, or other campaign that does not establish research relevance.",No
Mentioned by Jie Ma premium@academia-mail.com,"50% Off, 2 days only - Are you the “Hunmin Lee” cited in arXiv papers?",2024-06-07T04:08:11+00:00,Generic academic/research,Misrepresenting/too broad — generic or off-profile label,Weak keyword matching,"The alert uses only the name plus a broad topic such as computer science, engineering, AI, or gesture recognition, with no verified paper identity.",No
"""Academia.edu"" premium@academia-mail.com","Hunmin Lee and ""Real-time Interface Control with Motion Gesture Recognition based on Non-contact Capacitive Sensing"" are mentioned in a paper uploaded to Academia",2024-06-04T06:06:02+00:00,Capacitive/electric-field sensing and hand-motion interfaces,Historical — Capacitive/electric-field sensing,Secondary or historical match,"Exact-title or topic alert matches genuine older capacitive/hand-motion work or a secondary application, but not the present core identity.",No
Mentioned by Paniz Hosseini premium@academia-mail.com,Are you the “H. Lee” cited in Capacitive Sensing papers?,2024-06-03T01:30:43+00:00,Capacitive/electric-field sensing and hand-motion interfaces,Historical — Capacitive/electric-field sensing,Secondary or historical match,"Exact-title or topic alert matches genuine older capacitive/hand-motion work or a secondary application, but not the present core identity.",No
"""Academia.edu"" premium@academia-mail.com",Last day. 50% off the improved Academia Premium.,2024-06-02T03:57:10+00:00,Generic academic/research,Misrepresenting/too broad — generic or off-profile label,Generic academic promotion,"Platform upsell, readership/profile metric, search-view notice, or other campaign that does not establish research relevance.",No
Mentioned by Paniz Hosseini premium@academia-mail.com,“H. Lee” cited by “Paniz Hosseini”,2024-06-02T00:56:53+00:00,Generic academic/research,Misrepresenting/too broad — generic or off-profile label,Possible namesake,"The alert relies on H. Lee/name matching or an off-profile field and does not identify a verified paper, author list, venue, or DOI.",No
Mentioned by Paniz Hosseini premium@academia-mail.com,"50% Off, 2 days only - Are you the “H. Lee” cited in Computer Science papers?",2024-05-30T23:36:48+00:00,Generic AI/ML/computing,Misrepresenting/too broad — generic or off-profile label,Possible namesake,"The alert relies on H. Lee/name matching or an off-profile field and does not identify a verified paper, author list, venue, or DOI.",No
"""Academia.edu"" premium@academia-mail.com",2 days left. 50% off the improved Academia Premium.,2024-05-29T09:58:02+00:00,Generic academic/research,Misrepresenting/too broad — generic or off-profile label,Generic academic promotion,"Platform upsell, readership/profile metric, search-view notice, or other campaign that does not establish research relevance.",No
Routledge Books routledgebooks@email.routledge.com,25% Off All Paperbacks & Hardbacks,2024-05-29T07:44:47-06:00,Generic academic/research,Misrepresenting/too broad — generic or off-profile label,Generic academic promotion,Recurring book-sale/bestseller campaign with no verified connection to the current research profile.,No
Routledge Books routledgebooks@email.routledge.com,25% Off All Paperbacks & Hardbacks,2024-05-29T07:20:16-06:00,Generic academic/research,Misrepresenting/too broad — generic or off-profile label,Generic academic promotion,Recurring book-sale/bestseller campaign with no verified connection to the current research profile.,No
Mentioned by Hunmin Lee premium@academia-mail.com,Are you the “Hunmin Lee” cited in Computer Science papers?,2024-05-28T22:14:23+00:00,Generic AI/ML/computing,Misrepresenting/too broad — generic or off-profile label,Weak keyword matching,"The alert uses only the name plus a broad topic such as computer science, engineering, AI, or gesture recognition, with no verified paper identity.",No
Mentioned by Jing Jiang premium@academia-mail.com,“Hunmin Lee” cited by “Jing Jiang”,2024-05-27T21:39:45+00:00,Generic academic/research,Misrepresenting/too broad — generic or off-profile label,Individually named but unverified,The subject names a citing/mentioning person but the body does not identify the cited work; retain for manual identity verification.,No
Mentioned by Hunmin Lee premium@academia-mail.com,Are you the “Hunmin Lee” cited in Capacitive Sensing papers?,2024-05-25T20:29:43+00:00,Capacitive/electric-field sensing and hand-motion interfaces,Historical — Capacitive/electric-field sensing,Secondary or historical match,"Exact-title or topic alert matches genuine older capacitive/hand-motion work or a secondary application, but not the present core identity.",No
"""Taylor & Francis"" taylorandfrancis@email.taylorandfrancis.com","Hunmin, 6 Ergonomics Journals to Explore",2024-05-24T12:10:21-06:00,Generic academic/research,Misrepresenting/too broad — generic or off-profile label,Generic academic promotion,"Publisher recommendation, survey, or sales campaign; topical overlap is not evidence of research identity.",No
Mentioned by Tianyi Zhou premium@academia-mail.com,“Hunmin Lee” cited by “Tianyi Zhou”,2024-05-23T19:14:53+00:00,Generic academic/research,Misrepresenting/too broad — generic or off-profile label,Individually named but unverified,The subject names a citing/mentioning person but the body does not identify the cited work; retain for manual identity verification.,No
Mentioned by Myung Hwan Na premium@academia-mail.com,"50% Off, 2 days only - Are you the “Hunmin Lee” cited in Artificial Intelligence papers?",2024-05-22T18:37:59+00:00,Generic AI/ML/computing,Misrepresenting/too broad — generic or off-profile label,Weak keyword matching,"The alert uses only the name plus a broad topic such as computer science, engineering, AI, or gesture recognition, with no verified paper identity.",No
"""Taylor & Francis"" taylorandfrancis@email.taylorandfrancis.com","""An approach to identify assistive technology attributes for people with locomotor disability by using a refined Kano model"" is ready to read",2024-05-21T15:07:47-06:00,General education or professional development,Misrepresenting/too broad — generic or off-profile label,Generic academic promotion,"Publisher recommendation, survey, or sales campaign; topical overlap is not evidence of research identity.",No
Mentioned by Guodong Long premium@academia-mail.com,“Hunmin Lee” cited by “Guodong Long”,2024-05-20T17:26:27+00:00,Generic academic/research,Misrepresenting/too broad — generic or off-profile label,Individually named but unverified,The subject names a citing/mentioning person but the body does not identify the cited work; retain for manual identity verification.,No
Mentioned by Hunmin Lee premium@academia-mail.com,Are you the “Hunmin Lee” cited in Gesture papers?,2024-05-18T16:02:34+00:00,Gesture recognition (unspecified modality),Core — Generalizable EMG/biosignal decoding,Weak keyword matching,"The alert uses only the name plus a broad topic such as computer science, engineering, AI, or gesture recognition, with no verified paper identity.",No
Mentioned by Jie Ma premium@academia-mail.com,“Hunmin Lee” cited by “Jie Ma”,2024-05-17T15:20:30+00:00,Generic academic/research,Misrepresenting/too broad — generic or off-profile label,Individually named but unverified,The subject names a citing/mentioning person but the body does not identify the cited work; retain for manual identity verification.,No
Mentioned by Hunmin Lee premium@academia-mail.com,"50% Off, 2 days only - Are you the “Hunmin Lee” cited in Gesture Recognition papers?",2024-05-15T14:08:32+00:00,Gesture recognition (unspecified modality),Core — Generalizable EMG/biosignal decoding,Weak keyword matching,"The alert uses only the name plus a broad topic such as computer science, engineering, AI, or gesture recognition, with no verified paper identity.",No
Mentioned by Hunmin Lee premium@academia-mail.com,“Hunmin Lee” cited by “Hunmin Lee”,2024-05-13T13:05:08+00:00,Generic academic/research,Misrepresenting/too broad — generic or off-profile label,Individually named but unverified,The subject names a citing/mentioning person but the body does not identify the cited work; retain for manual identity verification.,No
Mentioned by In Seop Na premium@academia-mail.com,“Hunmin Lee” cited by “In Seop Na”,2024-05-10T11:14:47+00:00,Generic academic/research,Misrepresenting/too broad — generic or off-profile label,Individually named but unverified,The subject names a citing/mentioning person but the body does not identify the cited work; retain for manual identity verification.,No
Routledge Books routledgebooks@email.routledge.com,20% Off Bestselling Hardbacks,2024-05-10T09:05:39-06:00,General education or professional development,Misrepresenting/too broad — generic or off-profile label,Generic academic promotion,Recurring book-sale/bestseller campaign with no verified connection to the current research profile.,No
Mentioned by Hunmin Lee premium@academia-mail.com,Are you the “Hunmin Lee” cited in Engineering papers?,2024-05-08T09:55:40+00:00,Generic AI/ML/computing,Misrepresenting/too broad — generic or off-profile label,Weak keyword matching,"The alert uses only the name plus a broad topic such as computer science, engineering, AI, or gesture recognition, with no verified paper identity.",No
"""Taylor & Francis"" taylorandfrancis@email.taylorandfrancis.com","""Variability propagation in manufacturing systems: the impact of the processing time distribution"" is ready to read",2024-05-07T15:21:37-06:00,General education or professional development,Misrepresenting/too broad — generic or off-profile label,Generic academic promotion,"Publisher recommendation, survey, or sales campaign; topical overlap is not evidence of research identity.",No
Routledge Books routledgebooks@email.routledge.com,Hurry! April Savers Ends Tomorrow,2024-05-07T13:01:06-06:00,General education or professional development,Misrepresenting/too broad — generic or off-profile label,Generic academic promotion,Recurring book-sale/bestseller campaign with no verified connection to the current research profile.,No
Mentioned by Sang Kyoon Kim premium@academia-mail.com,"50% Off, 2 days only - “Hunmin Lee” cited by “Sang Kyoon Kim”",2024-05-07T09:20:38+00:00,Generic academic/research,Misrepresenting/too broad — generic or off-profile label,Individually named but unverified,The subject names a citing/mentioning person but the body does not identify the cited work; retain for manual identity verification.,No
Mentioned by Jie Ma premium@academia-mail.com,Are you the “Hunmin Lee” cited in arXiv papers?,2024-05-05T08:06:34+00:00,Generic academic/research,Misrepresenting/too broad — generic or off-profile label,Weak keyword matching,"The alert uses only the name plus a broad topic such as computer science, engineering, AI, or gesture recognition, with no verified paper identity.",No
Mentioned by Wan Hyun Cho premium@academia-mail.com,“Hunmin Lee” cited by “Wan Hyun Cho”,2024-05-03T06:48:43+00:00,Generic academic/research,Misrepresenting/too broad — generic or off-profile label,Individually named but unverified,The subject names a citing/mentioning person but the body does not identify the cited work; retain for manual identity verification.,No
Routledge Books routledgebooks@email.routledge.com,25% Off All eBooks,2024-05-02T07:36:54-06:00,General education or professional development,Misrepresenting/too broad — generic or off-profile label,Generic academic promotion,Recurring book-sale/bestseller campaign with no verified connection to the current research profile.,No
Mentioned by Paniz Hosseini premium@academia-mail.com,Are you the “H. Lee” cited in Capacitive Sensing papers?,2024-05-01T05:38:53+00:00,Capacitive/electric-field sensing and hand-motion interfaces,Historical — Capacitive/electric-field sensing,Secondary or historical match,"Exact-title or topic alert matches genuine older capacitive/hand-motion work or a secondary application, but not the present core identity.",No
Routledge Books routledgebooks@email.routledge.com,Extra 10% Off Everything,2024-04-29T07:15:19-06:00,General education or professional development,Misrepresenting/too broad — generic or off-profile label,Generic academic promotion,Recurring book-sale/bestseller campaign with no verified connection to the current research profile.,No
Mentioned by Myung Hwan Na premium@academia-mail.com,"50% Off, 2 days only - “Hunmin Lee” cited by “Myung Hwan Na”",2024-04-29T04:25:07+00:00,Generic academic/research,Misrepresenting/too broad — generic or off-profile label,Individually named but unverified,The subject names a citing/mentioning person but the body does not identify the cited work; retain for manual identity verification.,No
"""Academia.edu"" premium@academia-mail.com","Someone saw ""Real-time Interface Control..."" in an Academia search",2024-04-29T01:05:31+00:00,Capacitive/electric-field sensing and hand-motion interfaces,Historical — Capacitive/electric-field sensing,Secondary or historical match,"Exact-title or topic alert matches genuine older capacitive/hand-motion work or a secondary application, but not the present core identity.",No
Mentioned by Paniz Hosseini premium@academia-mail.com,Are you the “H. Lee” cited in Computer Science papers?,2024-04-28T03:46:35+00:00,Generic AI/ML/computing,Misrepresenting/too broad — generic or off-profile label,Possible namesake,"The alert relies on H. Lee/name matching or an off-profile field and does not identify a verified paper, author list, venue, or DOI.",No
Routledge Books routledgebooks@email.routledge.com,April's Most Popular Books,2024-04-24T06:01:48-06:00,General education or professional development,Misrepresenting/too broad — generic or off-profile label,Generic academic promotion,Recurring book-sale/bestseller campaign with no verified connection to the current research profile.,No
Mentioned by Wan Hyun Cho premium@academia-mail.com,“Hunmin Lee” cited by “Wan Hyun Cho”,2024-04-24T01:14:45+00:00,Generic academic/research,Misrepresenting/too broad — generic or off-profile label,Individually named but unverified,The subject names a citing/mentioning person but the body does not identify the cited work; retain for manual identity verification.,No
"""Taylor & Francis"" taylorandfrancis@email.taylorandfrancis.com","""Co-creating solutions with social housing users: a Living lab case"" is ready to read",2024-04-23T17:16:02-06:00,General education or professional development,Misrepresenting/too broad — generic or off-profile label,Generic academic promotion,"Publisher recommendation, survey, or sales campaign; topical overlap is not evidence of research identity.",No
Mentioned by Paniz Hosseini premium@academia-mail.com,"50% Off, 2 days only - Are you the “H. Lee” cited in Capacitive Sensing papers?",2024-04-21T23:55:20+00:00,Capacitive/electric-field sensing and hand-motion interfaces,Historical — Capacitive/electric-field sensing,Secondary or historical match,"Exact-title or topic alert matches genuine older capacitive/hand-motion work or a secondary application, but not the present core identity.",No
Mentioned by Myung Hwan Na premium@academia-mail.com,“Hunmin Lee” cited by “Myung Hwan Na”,2024-04-19T22:40:31+00:00,Generic academic/research,Misrepresenting/too broad — generic or off-profile label,Individually named but unverified,The subject names a citing/mentioning person but the body does not identify the cited work; retain for manual identity verification.,No
"""Taylor & Francis"" taylorandfrancis@email.taylorandfrancis.com",Recruiting for Associate Editors | International Journal of Computers and Applications,2024-04-19T06:30:44-06:00,Generic academic/research,Misrepresenting/too broad — generic or off-profile label,Generic academic promotion,"Publisher recommendation, survey, or sales campaign; topical overlap is not evidence of research identity.",No
"""Academia.edu"" premium@academia-mail.com",People in 2 countries have read your papers,2024-04-19T05:09:14+00:00,Generic academic/research,Misrepresenting/too broad — generic or off-profile label,Generic academic promotion,"Platform upsell, readership/profile metric, search-view notice, or other campaign that does not establish research relevance.",No
Mentioned by Paniz Hosseini premium@academia-mail.com,Are you the “H. Lee” cited in Computer Science papers?,2024-04-17T21:22:38+00:00,Generic AI/ML/computing,Misrepresenting/too broad — generic or off-profile label,Possible namesake,"The alert relies on H. Lee/name matching or an off-profile field and does not identify a verified paper, author list, venue, or DOI.",No
"""Taylor & Francis Editorial Development"" tfdevelopment@email.taylorandfrancis.com",Taylor & Francis Survey on AI Ethics,2024-04-16T10:31:59-06:00,Generic AI/ML/computing,Misrepresenting/too broad — generic or off-profile label,Generic academic promotion,"Publisher recommendation, survey, or sales campaign; topical overlap is not evidence of research identity.",No
Routledge Books routledgebooks@email.routledge.com,Get 20% Off Everything,2024-04-16T07:02:16-06:00,General education or professional development,Misrepresenting/too broad — generic or off-profile label,Generic academic promotion,Recurring book-sale/bestseller campaign with no verified connection to the current research profile.,No
Mentioned by Paniz Hosseini premium@academia-mail.com,“H. Lee” cited by “Paniz Hosseini”,2024-04-15T20:10:34+00:00,Generic academic/research,Misrepresenting/too broad — generic or off-profile label,Possible namesake,"The alert relies on H. Lee/name matching or an off-profile field and does not identify a verified paper, author list, venue, or DOI.",No
Mentioned by Jie Ma premium@academia-mail.com,"50% Off, 2 days only - Are you the “Hunmin Lee” cited in arXiv papers?",2024-04-14T19:35:59+00:00,Generic academic/research,Misrepresenting/too broad — generic or off-profile label,Weak keyword matching,"The alert uses only the name plus a broad topic such as computer science, engineering, AI, or gesture recognition, with no verified paper identity.",No
"""Academia.edu"" premium@academia-mail.com","A paper published by a member of the Energy Technologies Area department at Lawrence Berkeley National Laboratory mentions the name ""Hunmin Lee""",2024-04-14T10:26:26+00:00,Generic academic/research,Misrepresenting/too broad — generic or off-profile label,Possible namesake,"The alert relies on H. Lee/name matching or an off-profile field and does not identify a verified paper, author list, venue, or DOI.",No
Mentioned by Myung Hwan Na premium@academia-mail.com,“Hunmin Lee” cited by “Myung Hwan Na”,2024-04-12T18:28:50+00:00,Generic academic/research,Misrepresenting/too broad — generic or off-profile label,Individually named but unverified,The subject names a citing/mentioning person but the body does not identify the cited work; retain for manual identity verification.,No
"""Taylor & Francis"" taylorandfrancis@email.taylorandfrancis.com",Recruiting for Editor-in-Chief | Connection Science,2024-04-11T10:01:03-06:00,Generic academic/research,Misrepresenting/too broad — generic or off-profile label,Generic academic promotion,"Publisher recommendation, survey, or sales campaign; topical overlap is not evidence of research identity.",No
Mentioned by Paniz Hosseini premium@academia-mail.com,Are you the “H. Lee” cited in Capacitive Sensing papers?,2024-04-10T17:19:43+00:00,Capacitive/electric-field sensing and hand-motion interfaces,Historical — Capacitive/electric-field sensing,Secondary or historical match,"Exact-title or topic alert matches genuine older capacitive/hand-motion work or a secondary application, but not the present core identity.",No
"""Taylor & Francis"" taylorandfrancis@email.taylorandfrancis.com","""Improving aggregate production planning considering maximum inventory area and service level with demand uncertainty: a nearshoring context in Mexican companies"" is ready to read",2024-04-09T15:17:11-06:00,General education or professional development,Misrepresenting/too broad — generic or off-profile label,Generic academic promotion,"Publisher recommendation, survey, or sales campaign; topical overlap is not evidence of research identity.",No
Routledge Books routledgebooks@email.routledge.com,Unlock April Savings with Our Exclusive Deals!,2024-04-09T09:04:18-06:00,General education or professional development,Misrepresenting/too broad — generic or off-profile label,Generic academic promotion,Recurring book-sale/bestseller campaign with no verified connection to the current research profile.,No
"""Academia.edu"" premium@academia-mail.com","Hunmin Lee and ""A BPRCNN Based Hand Motion Classifier Using Electric Field Sensors"" are mentioned in a paper uploaded to Academia",2024-04-09T05:59:09+00:00,Capacitive/electric-field sensing and hand-motion interfaces,Historical — Capacitive/electric-field sensing,Secondary or historical match,"Exact-title or topic alert matches genuine older capacitive/hand-motion work or a secondary application, but not the present core identity.",No
Mentioned by Paniz Hosseini premium@academia-mail.com,“H. Lee” cited by “Paniz Hosseini”,2024-04-08T16:08:39+00:00,Generic academic/research,Misrepresenting/too broad — generic or off-profile label,Possible namesake,"The alert relies on H. Lee/name matching or an off-profile field and does not identify a verified paper, author list, venue, or DOI.",No
"""Academia.edu"" premium@academia-mail.com",A Modern Showcase for Your Research,2024-04-05T03:52:32+00:00,Generic academic/research,Misrepresenting/too broad — generic or off-profile label,Generic academic promotion,"Platform upsell, readership/profile metric, search-view notice, or other campaign that does not establish research relevance.",No
Mentioned by Wan Hyun Cho premium@academia-mail.com,“Hunmin Lee” cited by “Wan Hyun Cho”,2024-04-04T13:44:59+00:00,Generic academic/research,Misrepresenting/too broad — generic or off-profile label,Individually named but unverified,The subject names a citing/mentioning person but the body does not identify the cited work; retain for manual identity verification.,No
Mentioned by Paniz Hosseini premium@academia-mail.com,Are you the “H. Lee” cited in Computer Science papers?,2024-04-03T13:09:02+00:00,Generic AI/ML/computing,Misrepresenting/too broad — generic or off-profile label,Possible namesake,"The alert relies on H. Lee/name matching or an off-profile field and does not identify a verified paper, author list, venue, or DOI.",No
Routledge Books routledgebooks@email.routledge.com,Save 20% Off Everything,2024-04-03T08:02:00-06:00,General education or professional development,Misrepresenting/too broad — generic or off-profile label,Generic academic promotion,Recurring book-sale/bestseller campaign with no verified connection to the current research profile.,No
Mentioned by Myung Hwan Na premium@academia-mail.com,“Hunmin Lee” cited by “Myung Hwan Na”,2024-04-01T11:55:52+00:00,Generic academic/research,Misrepresenting/too broad — generic or off-profile label,Individually named but unverified,The subject names a citing/mentioning person but the body does not identify the cited work; retain for manual identity verification.,No
"""Academia.edu"" premium@academia-mail.com","The name ""Hunmin Lee"" is mentioned in a PDF uploaded to Academia by Jae Sung Lee",2024-04-01T08:51:27+00:00,Generic academic/research,Misrepresenting/too broad — generic or off-profile label,Weak keyword matching,"The alert uses only the name plus a broad topic such as computer science, engineering, AI, or gesture recognition, with no verified paper identity.",No
"""Academia.edu"" premium@academia-mail.com","Someone saw ""An Attention Score Based At..."" in an Academia search",2024-03-31T18:54:13+00:00,Generic academic/research,Misrepresenting/too broad — generic or off-profile label,Secondary or historical match,"Exact-title or topic alert matches genuine older capacitive/hand-motion work or a secondary application, but not the present core identity.",No
Georgia State Graduate Studies GeorgiaState@info.grad.gsu.edu,Be sure to make your deadline for fall enrollment!,2024-03-30T15:21:34+00:00,General education or professional development,Misrepresenting/too broad — generic or off-profile label,Generic academic promotion,Generic education or admissions promotion that is outdated or mismatched to the current PhD/research-career stage.,No
Mentioned by Paniz Hosseini premium@academia-mail.com,"$1, 30 day trial. Are you the “H. Lee” cited in Capacitive Sensing papers?",2024-03-30T10:46:34+00:00,Capacitive/electric-field sensing and hand-motion interfaces,Historical — Capacitive/electric-field sensing,Secondary or historical match,"Exact-title or topic alert matches genuine older capacitive/hand-motion work or a secondary application, but not the present core identity.",No
Mentioned by Paniz Hosseini premium@academia-mail.com,“H. Lee” cited by “Paniz Hosseini”,2024-03-28T09:32:24+00:00,Generic academic/research,Misrepresenting/too broad — generic or off-profile label,Possible namesake,"The alert relies on H. Lee/name matching or an off-profile field and does not identify a verified paper, author list, venue, or DOI.",No
Routledge Books routledgebooks@email.routledge.com,Your End of Month Treat,2024-03-27T10:07:05-06:00,General education or professional development,Misrepresenting/too broad — generic or off-profile label,Generic academic promotion,Recurring book-sale/bestseller campaign with no verified connection to the current research profile.,No
"""Academia.edu"" premium@academia-mail.com","A paper published by a member of the Mechanical Engineering department at University of Tehran mentions the name ""Hunmin Lee""",2024-03-27T05:26:46+00:00,Generic AI/ML/computing,Misrepresenting/too broad — generic or off-profile label,Possible namesake,"The alert relies on H. Lee/name matching or an off-profile field and does not identify a verified paper, author list, venue, or DOI.",No
Mentioned by Paniz Hosseini premium@academia-mail.com,Are you the “H. Lee” cited in Capacitive Sensing papers?,2024-03-26T08:27:07+00:00,Capacitive/electric-field sensing and hand-motion interfaces,Historical — Capacitive/electric-field sensing,Secondary or historical match,"Exact-title or topic alert matches genuine older capacitive/hand-motion work or a secondary application, but not the present core identity.",No
Mentioned by Myung Hwan Na premium@academia-mail.com,“Hunmin Lee” cited by “Myung Hwan Na”,2024-03-24T07:09:50+00:00,Generic academic/research,Misrepresenting/too broad — generic or off-profile label,Individually named but unverified,The subject names a citing/mentioning person but the body does not identify the cited work; retain for manual identity verification.,No
Mentioned by Paniz Hosseini premium@academia-mail.com,"$1, 30 day trial. Are you the “H. Lee” cited in Computer Science papers?",2024-03-22T07:09:17+00:00,Generic AI/ML/computing,Misrepresenting/too broad — generic or off-profile label,Possible namesake,"The alert relies on H. Lee/name matching or an off-profile field and does not identify a verified paper, author list, venue, or DOI.",No
"""Academia.edu"" premium@academia-mail.com","Hunmin Lee and ""Real-time Interface Control with Motion Gesture Recognition based on Non-contact Capacitive Sensing"" are mentioned in a paper uploaded to Academia",2024-03-22T04:19:07+00:00,Capacitive/electric-field sensing and hand-motion interfaces,Historical — Capacitive/electric-field sensing,Secondary or historical match,"Exact-title or topic alert matches genuine older capacitive/hand-motion work or a secondary application, but not the present core identity.",No
Mentioned by Paniz Hosseini premium@academia-mail.com,“H. Lee” cited by “Paniz Hosseini”,2024-03-21T07:09:17+00:00,Generic academic/research,Misrepresenting/too broad — generic or off-profile label,Possible namesake,"The alert relies on H. Lee/name matching or an off-profile field and does not identify a verified paper, author list, venue, or DOI.",No
Mentioned by Paniz Hosseini premium@academia-mail.com,Are you the “H. Lee” cited in Computer Science papers?,2024-03-19T04:06:03+00:00,Generic AI/ML/computing,Misrepresenting/too broad — generic or off-profile label,Possible namesake,"The alert relies on H. Lee/name matching or an off-profile field and does not identify a verified paper, author list, venue, or DOI.",No
Georgia State Graduate Studies GeorgiaState@info.grad.gsu.edu,Many of our master's programs have deadlines coming up soon!,2024-03-18T15:14:59+00:00,Generic academic/research,Misrepresenting/too broad — generic or off-profile label,Generic academic promotion,Generic education or admissions promotion that is outdated or mismatched to the current PhD/research-career stage.,No
"""Academia.edu"" premium@academia-mail.com",1 person has read your papers,2024-03-18T04:16:49+00:00,Generic academic/research,Misrepresenting/too broad — generic or off-profile label,Generic academic promotion,"Platform upsell, readership/profile metric, search-view notice, or other campaign that does not establish research relevance.",No
Mentioned by Myung Hwan Na premium@academia-mail.com,"50% Off, 2 days only - “Hunmin Lee” cited by “Myung Hwan Na”",2024-03-15T01:37:34+00:00,Generic academic/research,Misrepresenting/too broad — generic or off-profile label,Individually named but unverified,The subject names a citing/mentioning person but the body does not identify the cited work; retain for manual identity verification.,No
"""Academia.edu"" premium@academia-mail.com","The name ""Hunmin Lee"" is mentioned in a paper published in Electronics",2024-03-13T10:38:20+00:00,Generic academic/research,Misrepresenting/too broad — generic or off-profile label,Weak keyword matching,"The alert uses only the name plus a broad topic such as computer science, engineering, AI, or gesture recognition, with no verified paper identity.",No
Mentioned by Paniz Hosseini premium@academia-mail.com,Are you the “H. Lee” cited in Computer Science papers?,2024-03-13T00:25:40+00:00,Generic AI/ML/computing,Misrepresenting/too broad — generic or off-profile label,Possible namesake,"The alert relies on H. Lee/name matching or an off-profile field and does not identify a verified paper, author list, venue, or DOI.",No
"""Taylor & Francis"" taylorandfrancis@email.taylorandfrancis.com","""Human-Centered Interaction in Virtual Worlds: A New Era of Generative Artificial Intelligence and Metaverse"" is ready to read",2024-03-12T16:50:16-06:00,Generic AI/ML/computing,Misrepresenting/too broad — generic or off-profile label,Generic academic promotion,"Publisher recommendation, survey, or sales campaign; topical overlap is not evidence of research identity.",No
Routledge Books routledgebooks@email.routledge.com,25% Off 500 Bestsellers,2024-03-11T04:06:03-06:00,General education or professional development,Misrepresenting/too broad — generic or off-profile label,Generic academic promotion,Recurring book-sale/bestseller campaign with no verified connection to the current research profile.,No
Georgia State Graduate Studies GeorgiaState@info.grad.gsu.edu,Go further with Georgia State,2024-03-10T21:03:10+00:00,Generic academic/research,Misrepresenting/too broad — generic or off-profile label,Generic academic promotion,Generic education or admissions promotion that is outdated or mismatched to the current PhD/research-career stage.,No
Mentioned by Paniz Hosseini premium@academia-mail.com,Are you the “H. Lee” cited in Capacitive Sensing papers?,2024-03-09T22:33:40+00:00,Capacitive/electric-field sensing and hand-motion interfaces,Historical — Capacitive/electric-field sensing,Secondary or historical match,"Exact-title or topic alert matches genuine older capacitive/hand-motion work or a secondary application, but not the present core identity.",No
"""Academia.edu"" premium@academia-mail.com","A paper published by a member of the Energy Technologies Area department at Lawrence Berkeley National Laboratory mentions the name ""Hunmin Lee""",2024-03-09T04:41:00+00:00,Generic academic/research,Misrepresenting/too broad — generic or off-profile label,Possible namesake,"The alert relies on H. Lee/name matching or an off-profile field and does not identify a verified paper, author list, venue, or DOI.",No
Mentioned by Jie Ma premium@academia-mail.com,"50% Off, 2 days only - Are you the “Hunmin Lee” cited in arXiv papers?",2024-03-07T21:27:57+00:00,Generic academic/research,Misrepresenting/too broad — generic or off-profile label,Weak keyword matching,"The alert uses only the name plus a broad topic such as computer science, engineering, AI, or gesture recognition, with no verified paper identity.",No
Routledge Books routledgebooks@email.routledge.com,Happy International Women's Day,2024-03-06T11:04:47-06:00,General education or professional development,Misrepresenting/too broad — generic or off-profile label,Generic academic promotion,Recurring book-sale/bestseller campaign with no verified connection to the current research profile.,No
Mentioned by Myung Hwan Na premium@academia-mail.com,“Hunmin Lee” cited by “Myung Hwan Na”,2024-03-05T19:58:37+00:00,Generic academic/research,Misrepresenting/too broad — generic or off-profile label,Individually named but unverified,The subject names a citing/mentioning person but the body does not identify the cited work; retain for manual identity verification.,No
"""Academia.edu"" premium@academia-mail.com","The name ""H. Lee"" is mentioned in a PDF uploaded to Academia by Paniz Hosseini",2024-03-05T08:57:23+00:00,Generic academic/research,Misrepresenting/too broad — generic or off-profile label,Possible namesake,"The alert relies on H. Lee/name matching or an off-profile field and does not identify a verified paper, author list, venue, or DOI.",No
Mentioned by Paniz Hosseini premium@academia-mail.com,Are you the “H. Lee” cited in Computer Science papers?,2024-03-03T18:42:59+00:00,Generic AI/ML/computing,Misrepresenting/too broad — generic or off-profile label,Possible namesake,"The alert relies on H. Lee/name matching or an off-profile field and does not identify a verified paper, author list, venue, or DOI.",No
Mentioned by Paniz Hosseini premium@academia-mail.com,“H. Lee” cited by “Paniz Hosseini”,2024-03-01T17:29:51+00:00,Generic academic/research,Misrepresenting/too broad — generic or off-profile label,Possible namesake,"The alert relies on H. Lee/name matching or an off-profile field and does not identify a verified paper, author list, venue, or DOI.",No
Mentioned by Paniz Hosseini premium@academia-mail.com,"50% Off, 2 days only - Are you the “H. Lee” cited in Capacitive Sensing papers?",2024-02-28T16:14:59+00:00,Capacitive/electric-field sensing and hand-motion interfaces,Historical — Capacitive/electric-field sensing,Secondary or historical match,"Exact-title or topic alert matches genuine older capacitive/hand-motion work or a secondary application, but not the present core identity.",No
Routledge Books routledgebooks@email.routledge.com,Get 25% Off All eBooks,2024-02-28T14:06:35-06:00,General education or professional development,Misrepresenting/too broad — generic or off-profile label,Generic academic promotion,Recurring book-sale/bestseller campaign with no verified connection to the current research profile.,No
"""Taylor & Francis"" taylorandfrancis@email.taylorandfrancis.com","""The Influence of Midsole Thickness on Running Turns"" is ready to read",2024-02-28T13:20:40-06:00,General education or professional development,Misrepresenting/too broad — generic or off-profile label,Generic academic promotion,"Publisher recommendation, survey, or sales campaign; topical overlap is not evidence of research identity.",No
Mentioned by Wan Hyun Cho premium@academia-mail.com,“Hunmin Lee” cited by “Wan Hyun Cho”,2024-02-27T15:35:50+00:00,Generic academic/research,Misrepresenting/too broad — generic or off-profile label,Individually named but unverified,The subject names a citing/mentioning person but the body does not identify the cited work; retain for manual identity verification.,No
"""Academia.edu"" premium@academia-mail.com","The name ""Hunmin Lee"" is mentioned by a Multidisciplinary researcher in a paper uploaded to Academia",2024-02-26T04:34:12+00:00,Generic academic/research,Misrepresenting/too broad — generic or off-profile label,Weak keyword matching,"The alert uses only the name plus a broad topic such as computer science, engineering, AI, or gesture recognition, with no verified paper identity.",No
Mentioned by Paniz Hosseini premium@academia-mail.com,Are you the “H. Lee” cited in Capacitive Sensing papers?,2024-02-25T14:23:13+00:00,Capacitive/electric-field sensing and hand-motion interfaces,Historical — Capacitive/electric-field sensing,Secondary or historical match,"Exact-title or topic alert matches genuine older capacitive/hand-motion work or a secondary application, but not the present core identity.",No
Mentioned by Myung Hwan Na premium@academia-mail.com,“Hunmin Lee” cited by “Myung Hwan Na”,2024-02-23T13:05:51+00:00,Generic academic/research,Misrepresenting/too broad — generic or off-profile label,Individually named but unverified,The subject names a citing/mentioning person but the body does not identify the cited work; retain for manual identity verification.,No
Georgia State Graduate Studies GeorgiaState@info.grad.gsu.edu,Problem solve with Georgia State University,2024-02-21T21:03:08+00:00,Generic academic/research,Misrepresenting/too broad — generic or off-profile label,Generic academic promotion,Generic education or admissions promotion that is outdated or mismatched to the current PhD/research-career stage.,No
Mentioned by Paniz Hosseini premium@academia-mail.com,"50% Off, 2 days only - Are you the “H. Lee” cited in Computer Science papers?",2024-02-21T12:03:37+00:00,Generic AI/ML/computing,Misrepresenting/too broad — generic or off-profile label,Possible namesake,"The alert relies on H. Lee/name matching or an off-profile field and does not identify a verified paper, author list, venue, or DOI.",No
"""Academia.edu"" premium@academia-mail.com","A paper published by a member of the Mechanical Engineering department at University of Tehran mentions the name ""Hunmin Lee""",2024-02-21T05:19:10+00:00,Generic AI/ML/computing,Misrepresenting/too broad — generic or off-profile label,Possible namesake,"The alert relies on H. Lee/name matching or an off-profile field and does not identify a verified paper, author list, venue, or DOI.",No
Routledge Books routledgebooks@email.routledge.com,Save 25% Off All eBooks,2024-02-20T12:06:45-06:00,General education or professional development,Misrepresenting/too broad — generic or off-profile label,Generic academic promotion,Recurring book-sale/bestseller campaign with no verified connection to the current research profile.,No
Mentioned by Paniz Hosseini premium@academia-mail.com,“H. Lee” cited by “Paniz Hosseini”,2024-02-19T10:50:30+00:00,Generic academic/research,Misrepresenting/too broad — generic or off-profile label,Possible namesake,"The alert relies on H. Lee/name matching or an off-profile field and does not identify a verified paper, author list, venue, or DOI.",No
Mentioned by Jie Ma premium@academia-mail.com,Are you the “Hunmin Lee” cited in arXiv papers?,2024-02-17T09:39:58+00:00,Generic academic/research,Misrepresenting/too broad — generic or off-profile label,Weak keyword matching,"The alert uses only the name plus a broad topic such as computer science, engineering, AI, or gesture recognition, with no verified paper identity.",No
"""Academia.edu"" premium@academia-mail.com","The name ""Hunmin Lee"" is mentioned in a paper published in Electronics",2024-02-16T10:31:25+00:00,Generic academic/research,Misrepresenting/too broad — generic or off-profile label,Weak keyword matching,"The alert uses only the name plus a broad topic such as computer science, engineering, AI, or gesture recognition, with no verified paper identity.",No
Georgia State Graduate Studies GeorgiaState@info.grad.gsu.edu,Today is the last day to apply for fall admission,2024-02-15T16:22:11+00:00,Generic academic/research,Misrepresenting/too broad — generic or off-profile label,Generic academic promotion,Generic education or admissions promotion that is outdated or mismatched to the current PhD/research-career stage.,No
Mentioned by Myung Hwan Na premium@academia-mail.com,“Hunmin Lee” cited by “Myung Hwan Na”,2024-02-15T08:21:28+00:00,Generic academic/research,Misrepresenting/too broad — generic or off-profile label,Individually named but unverified,The subject names a citing/mentioning person but the body does not identify the cited work; retain for manual identity verification.,No
Georgia State Graduate Studies GeorgiaState@info.grad.gsu.edu,You can still get started this fall. Apply by 2/15!,2024-02-13T16:14:45+00:00,Generic academic/research,Misrepresenting/too broad — generic or off-profile label,Generic academic promotion,Generic education or admissions promotion that is outdated or mismatched to the current PhD/research-career stage.,No
"""Taylor & Francis"" taylorandfrancis@email.taylorandfrancis.com","""A knowledge graph-based bio-inspired design approach for knowledge retrieval and reasoning"" is ready to read",2024-02-13T15:30:55-06:00,Graph machine learning,Secondary — Graph/interpretable biomedical ML,Generic academic promotion,"Publisher recommendation, survey, or sales campaign; topical overlap is not evidence of research identity.",No
Routledge Books routledgebooks@email.routledge.com,25% Off All Paperbacks & Hardbacks,2024-02-12T07:28:43-06:00,Generic academic/research,Misrepresenting/too broad — generic or off-profile label,Generic academic promotion,Recurring book-sale/bestseller campaign with no verified connection to the current research profile.,No
Mentioned by Paniz Hosseini premium@academia-mail.com,“H. Lee” cited by “Paniz Hosseini”,2024-02-12T06:38:48+00:00,Generic academic/research,Misrepresenting/too broad — generic or off-profile label,Possible namesake,"The alert relies on H. Lee/name matching or an off-profile field and does not identify a verified paper, author list, venue, or DOI.",No
"""Academia.edu"" premium@academia-mail.com","The name ""Hunmin Lee"" is mentioned by a Physical sciences researcher in a paper uploaded to Academia",2024-02-12T04:33:54+00:00,Chemistry/materials/physical sciences,Misrepresenting/too broad — generic or off-profile label,Possible namesake,"The alert relies on H. Lee/name matching or an off-profile field and does not identify a verified paper, author list, venue, or DOI.",No
Mentioned by Paniz Hosseini premium@academia-mail.com,Are you the “H. Lee” cited in Capacitive Sensing papers?,2024-02-10T05:20:56+00:00,Capacitive/electric-field sensing and hand-motion interfaces,Historical — Capacitive/electric-field sensing,Secondary or historical match,"Exact-title or topic alert matches genuine older capacitive/hand-motion work or a secondary application, but not the present core identity.",No
Georgia State Graduate Studies GeorgiaState@info.grad.gsu.edu,One week left to apply for the fall term,2024-02-08T16:22:00+00:00,Generic academic/research,Misrepresenting/too broad — generic or off-profile label,Generic academic promotion,Generic education or admissions promotion that is outdated or mismatched to the current PhD/research-career stage.,No
Mentioned by Jie Ma premium@academia-mail.com,Are you the “Hunmin Lee” cited in arXiv papers?,2024-02-08T03:57:23+00:00,Generic academic/research,Misrepresenting/too broad — generic or off-profile label,Weak keyword matching,"The alert uses only the name plus a broad topic such as computer science, engineering, AI, or gesture recognition, with no verified paper identity.",No
Routledge Books routledgebooks@email.routledge.com,25% Off All eBooks,2024-02-07T08:02:37-06:00,General education or professional development,Misrepresenting/too broad — generic or off-profile label,Generic academic promotion,Recurring book-sale/bestseller campaign with no verified connection to the current research profile.,No
Georgia State Graduate Studies GeorgiaState@info.grad.gsu.edu,Got a minute?,2024-02-06T21:03:07+00:00,General education or professional development,Misrepresenting/too broad — generic or off-profile label,Generic academic promotion,Generic education or admissions promotion that is outdated or mismatched to the current PhD/research-career stage.,No
"""Academia.edu"" premium@academia-mail.com","The name ""Hunmin Lee"" is mentioned in a Computer Science paper uploaded to Academia",2024-02-06T03:05:09+00:00,Generic AI/ML/computing,Misrepresenting/too broad — generic or off-profile label,Weak keyword matching,"The alert uses only the name plus a broad topic such as computer science, engineering, AI, or gesture recognition, with no verified paper identity.",No
Mentioned by Myung Hwan Na premium@academia-mail.com,"50% Off, 2 days only - “Hunmin Lee” cited by “Myung Hwan Na”",2024-02-06T02:43:45+00:00,Generic academic/research,Misrepresenting/too broad — generic or off-profile label,Individually named but unverified,The subject names a citing/mentioning person but the body does not identify the cited work; retain for manual identity verification.,No
Mentioned by Paniz Hosseini premium@academia-mail.com,Are you the “H. Lee” cited in Capacitive Sensing papers?,2024-02-04T01:30:56+00:00,Capacitive/electric-field sensing and hand-motion interfaces,Historical — Capacitive/electric-field sensing,Secondary or historical match,"Exact-title or topic alert matches genuine older capacitive/hand-motion work or a secondary application, but not the present core identity.",No
Mentioned by Paniz Hosseini premium@academia-mail.com,“H. Lee” cited by “Paniz Hosseini”,2024-02-03T00:53:31+00:00,Generic academic/research,Misrepresenting/too broad — generic or off-profile label,Possible namesake,"The alert relies on H. Lee/name matching or an off-profile field and does not identify a verified paper, author list, venue, or DOI.",No
Mentioned by Paniz Hosseini premium@academia-mail.com,Are you the “H. Lee” cited in Computer Science papers?,2024-01-31T23:37:46+00:00,Generic AI/ML/computing,Misrepresenting/too broad — generic or off-profile label,Possible namesake,"The alert relies on H. Lee/name matching or an off-profile field and does not identify a verified paper, author list, venue, or DOI.",No
"""Taylor & Francis"" taylorandfrancis@email.taylorandfrancis.com","""Transformer based 3D semantic segmentation of urban bicycle infrastructure"" is ready to read",2024-01-30T17:59:44-06:00,General education or professional development,Misrepresenting/too broad — generic or off-profile label,Generic academic promotion,"Publisher recommendation, survey, or sales campaign; topical overlap is not evidence of research identity.",No
Mentioned by Paniz Hosseini premium@academia-mail.com,"50% Off, 2 days only - Are you the “H. Lee” cited in Technologies papers?",2024-01-29T22:21:49+00:00,Generic academic/research,Misrepresenting/too broad — generic or off-profile label,Possible namesake,"The alert relies on H. Lee/name matching or an off-profile field and does not identify a verified paper, author list, venue, or DOI.",No
Georgia State Graduate Studies GeorgiaState@info.grad.gsu.edu,Make it to the finish line with Georgia State,2024-01-28T21:03:06+00:00,Generic academic/research,Misrepresenting/too broad — generic or off-profile label,Generic academic promotion,Generic education or admissions promotion that is outdated or mismatched to the current PhD/research-career stage.,No
Mentioned by Paniz Hosseini premium@academia-mail.com,Are you the “H. Lee” cited in Applied Sciences papers?,2024-01-27T21:11:24+00:00,Generic academic/research,Misrepresenting/too broad — generic or off-profile label,Possible namesake,"The alert relies on H. Lee/name matching or an off-profile field and does not identify a verified paper, author list, venue, or DOI.",No
Mentioned by Paniz Hosseini premium@academia-mail.com,Are you the “H. Lee” cited in Analytical Chemistry papers?,2024-01-25T19:53:03+00:00,Chemistry/materials/physical sciences,Misrepresenting/too broad — generic or off-profile label,Possible namesake,"The alert relies on H. Lee/name matching or an off-profile field and does not identify a verified paper, author list, venue, or DOI.",No
"""Academia.edu"" premium@academia-mail.com",“Hunmin Lee” is mentioned in this PDF recently read by 3 people,2024-01-24T03:03:18+00:00,Generic academic/research,Misrepresenting/too broad — generic or off-profile label,Weak keyword matching,"The alert uses only the name plus a broad topic such as computer science, engineering, AI, or gesture recognition, with no verified paper identity.",No
Mentioned by Paniz Hosseini premium@academia-mail.com,Are you the “H. Lee” cited in Electrical And Electronic Engineering papers?,2024-01-23T18:39:47+00:00,Generic AI/ML/computing,Misrepresenting/too broad — generic or off-profile label,Possible namesake,"The alert relies on H. Lee/name matching or an off-profile field and does not identify a verified paper, author list, venue, or DOI.",No
"""Taylor & Francis"" taylorandfrancis@email.taylorandfrancis.com",REMINDER: Editor-in-Chief needed for Cybernetics and Systems. DEADLINE: 31 January 2024 ⏰,2024-01-23T12:31:50-06:00,General education or professional development,Misrepresenting/too broad — generic or off-profile label,Generic academic promotion,"Publisher recommendation, survey, or sales campaign; topical overlap is not evidence of research identity.",No
Mentioned by Paniz Hosseini premium@academia-mail.com,"50% Off, 2 days only - Are you the “H. Lee” cited in Sensors papers?",2024-01-22T18:07:45+00:00,Generic academic/research,Misrepresenting/too broad — generic or off-profile label,Possible namesake,"The alert relies on H. Lee/name matching or an off-profile field and does not identify a verified paper, author list, venue, or DOI.",No
Mentioned by Paniz Hosseini premium@academia-mail.com,Are you the “H. Lee” cited in Engineering papers?,2024-01-20T16:51:39+00:00,Generic AI/ML/computing,Misrepresenting/too broad — generic or off-profile label,Possible namesake,"The alert relies on H. Lee/name matching or an off-profile field and does not identify a verified paper, author list, venue, or DOI.",No
"""Academia.edu"" premium@academia-mail.com","The name ""Hunmin Lee"" is mentioned in a Materials Science paper uploaded to Academia",2024-01-20T07:14:46+00:00,Chemistry/materials/physical sciences,Misrepresenting/too broad — generic or off-profile label,Possible namesake,"The alert relies on H. Lee/name matching or an off-profile field and does not identify a verified paper, author list, venue, or DOI.",No
Georgia State Graduate Studies GeorgiaState@info.grad.gsu.edu,Innovation awaits you,2024-01-19T21:03:07+00:00,General education or professional development,Misrepresenting/too broad — generic or off-profile label,Generic academic promotion,Generic education or admissions promotion that is outdated or mismatched to the current PhD/research-career stage.,No
Mentioned by Paniz Hosseini premium@academia-mail.com,Are you the “H. Lee” cited in Capacitive Sensing papers?,2024-01-18T15:37:29+00:00,Capacitive/electric-field sensing and hand-motion interfaces,Historical — Capacitive/electric-field sensing,Secondary or historical match,"Exact-title or topic alert matches genuine older capacitive/hand-motion work or a secondary application, but not the present core identity.",No
Routledge Books routledgebooks@email.routledge.com,January Sale Is Ending Soon,2024-01-18T08:16:24-06:00,General education or professional development,Misrepresenting/too broad — generic or off-profile label,Generic academic promotion,Recurring book-sale/bestseller campaign with no verified connection to the current research profile.,No
Routledge Books routledgebooks@email.routledge.com,Buy 1 Get 20% Off or Buy 2+ Get 25% Off,2024-01-18T08:03:16-06:00,General education or professional development,Misrepresenting/too broad — generic or off-profile label,Generic academic promotion,Recurring book-sale/bestseller campaign with no verified connection to the current research profile.,No
"""Academia.edu"" premium@academia-mail.com",Last chance. 50% off the improved Academia Premium.,2024-01-17T03:06:12+00:00,Generic academic/research,Misrepresenting/too broad — generic or off-profile label,Generic academic promotion,"Platform upsell, readership/profile metric, search-view notice, or other campaign that does not establish research relevance.",No
Mentioned by Paniz Hosseini premium@academia-mail.com,Are you the “H. Lee” cited in Computer Science papers?,2024-01-16T14:13:28+00:00,Generic AI/ML/computing,Misrepresenting/too broad — generic or off-profile label,Possible namesake,"The alert relies on H. Lee/name matching or an off-profile field and does not identify a verified paper, author list, venue, or DOI.",No
Mentioned by Myung Hwan Na premium@academia-mail.com,"50% Off, 2 days only - Are you the “Hunmin Lee” cited in Artificial Intelligence papers?",2024-01-14T12:57:54+00:00,Generic AI/ML/computing,Misrepresenting/too broad — generic or off-profile label,Weak keyword matching,"The alert uses only the name plus a broad topic such as computer science, engineering, AI, or gesture recognition, with no verified paper identity.",No
"""Academia.edu"" premium@academia-mail.com","The name ""Hunmin Lee"" is mentioned in an Engineering paper uploaded to Academia",2024-01-14T05:14:18+00:00,Generic AI/ML/computing,Misrepresenting/too broad — generic or off-profile label,Weak keyword matching,"The alert uses only the name plus a broad topic such as computer science, engineering, AI, or gesture recognition, with no verified paper identity.",No
Mentioned by Paniz Hosseini premium@academia-mail.com,“H. Lee” cited by “Paniz Hosseini”,2024-01-12T11:51:43+00:00,Generic academic/research,Misrepresenting/too broad — generic or off-profile label,Possible namesake,"The alert relies on H. Lee/name matching or an off-profile field and does not identify a verified paper, author list, venue, or DOI.",No
"""Academia.edu"" premium@academia-mail.com",12 hours left. 50% off the improved Academia Premium.,2024-01-11T05:29:34+00:00,Generic academic/research,Misrepresenting/too broad — generic or off-profile label,Generic academic promotion,"Platform upsell, readership/profile metric, search-view notice, or other campaign that does not establish research relevance.",No
Georgia State Graduate Studies GeorgiaState@info.grad.gsu.edu,"Together, we can change the world",2024-01-10T21:03:06+00:00,Generic academic/research,Misrepresenting/too broad — generic or off-profile label,Generic academic promotion,Generic education or admissions promotion that is outdated or mismatched to the current PhD/research-career stage.,No
Mentioned by In Seop Na premium@academia-mail.com,“Hunmin Lee” cited by “In Seop Na”,2024-01-10T10:32:54+00:00,Generic academic/research,Misrepresenting/too broad — generic or off-profile label,Individually named but unverified,The subject names a citing/mentioning person but the body does not identify the cited work; retain for manual identity verification.,No
Georgia State Graduate Studies GeorgiaState@info.grad.gsu.edu,We've extended your application deadline!,2024-01-09T16:00:44+00:00,Generic academic/research,Misrepresenting/too broad — generic or off-profile label,Generic academic promotion,Generic education or admissions promotion that is outdated or mismatched to the current PhD/research-career stage.,No
"""Academia.edu"" premium@academia-mail.com","Hunmin Lee and ""A BPRCNN Based Hand Motion Classifier Using Electric Field Sensors"" are mentioned in a paper uploaded to Academia",2024-01-09T10:14:49+00:00,Capacitive/electric-field sensing and hand-motion interfaces,Historical — Capacitive/electric-field sensing,Secondary or historical match,"Exact-title or topic alert matches genuine older capacitive/hand-motion work or a secondary application, but not the present core identity.",No
Mentioned by Paniz Hosseini premium@academia-mail.com,“H. Lee”: 1 citation in a Capacitive Sensing paper,2024-01-09T09:52:48+00:00,Capacitive/electric-field sensing and hand-motion interfaces,Historical — Capacitive/electric-field sensing,Secondary or historical match,"Exact-title or topic alert matches genuine older capacitive/hand-motion work or a secondary application, but not the present core identity.",No
Routledge Books routledgebooks@email.routledge.com,January Sale is Here,2024-01-09T09:01:57-06:00,General education or professional development,Misrepresenting/too broad — generic or off-profile label,Generic academic promotion,Recurring book-sale/bestseller campaign with no verified connection to the current research profile.,No
Mentioned by Sang Kyoon Kim premium@academia-mail.com,"50% Off, 2 days only - “Hunmin Lee” cited by “Sang Kyoon Kim”",2024-01-07T08:37:35+00:00,Generic academic/research,Misrepresenting/too broad — generic or off-profile label,Individually named but unverified,The subject names a citing/mentioning person but the body does not identify the cited work; retain for manual identity verification.,No
"""Academia.edu"" premium@academia-mail.com",Last day. 50% off the improved Academia Premium.,2024-01-06T10:58:48+00:00,Generic academic/research,Misrepresenting/too broad — generic or off-profile label,Generic academic promotion,"Platform upsell, readership/profile metric, search-view notice, or other campaign that does not establish research relevance.",No
Mentioned by Paniz Hosseini premium@academia-mail.com,“H. Lee”: 1 citation in a C paper,2024-01-05T07:24:54+00:00,Generic academic/research,Misrepresenting/too broad — generic or off-profile label,Possible namesake,"The alert relies on H. Lee/name matching or an off-profile field and does not identify a verified paper, author list, venue, or DOI.",No
"""Academia.edu"" premium@academia-mail.com","A paper published by a member of the Energy Technologies Area department at Lawrence Berkeley National Laboratory mentions the name ""Hunmin Lee""",2024-01-03T09:41:25+00:00,Generic academic/research,Misrepresenting/too broad — generic or off-profile label,Possible namesake,"The alert relies on H. Lee/name matching or an off-profile field and does not identify a verified paper, author list, venue, or DOI.",No
Mentioned by Wan Hyun Cho premium@academia-mail.com,“Hunmin Lee” cited by “Wan Hyun Cho”,2024-01-03T06:13:42+00:00,Generic academic/research,Misrepresenting/too broad — generic or off-profile label,Individually named but unverified,The subject names a citing/mentioning person but the body does not identify the cited work; retain for manual identity verification.,No
Georgia State Graduate Studies GeorgiaState@info.grad.gsu.edu,More than 150 graduate programs,2024-01-02T21:03:05+00:00,Generic academic/research,Misrepresenting/too broad — generic or off-profile label,Generic academic promotion,Generic education or admissions promotion that is outdated or mismatched to the current PhD/research-career stage.,No
"""Taylor & Francis"" taylorandfrancis@email.taylorandfrancis.com","""Brand community motives and engagement: The impact of gender"" is ready to read",2024-01-02T15:37:11-06:00,General education or professional development,Misrepresenting/too broad — generic or off-profile label,Generic academic promotion,"Publisher recommendation, survey, or sales campaign; topical overlap is not evidence of research identity.",No
Routledge Books routledgebooks@email.routledge.com,End of Year Sale. 20% Off Everything,2024-01-02T11:05:05-06:00,General education or professional development,Misrepresenting/too broad — generic or off-profile label,Generic academic promotion,Recurring book-sale/bestseller campaign with no verified connection to the current research profile.,No
Mentioned by Paniz Hosseini premium@academia-mail.com,“H. Lee”: 1 citation in a Computer Science paper,2024-01-01T05:04:59+00:00,Generic AI/ML/computing,Misrepresenting/too broad — generic or off-profile label,Possible namesake,"The alert relies on H. Lee/name matching or an off-profile field and does not identify a verified paper, author list, venue, or DOI.",No
"""Academia.edu"" premium@academia-mail.com",2 days left. 50% off the improved Academia Premium.,2024-01-01T03:23:05+00:00,Generic academic/research,Misrepresenting/too broad — generic or off-profile label,Generic academic promotion,"Platform upsell, readership/profile metric, search-view notice, or other campaign that does not establish research relevance.",No
Mentioned by Myung Hwan Na premium@academia-mail.com,"50% Off, 2 days only - “Hunmin Lee” cited by “Myung Hwan Na”",2023-12-30T03:56:56+00:00,Generic academic/research,Misrepresenting/too broad — generic or off-profile label,Individually named but unverified,The subject names a citing/mentioning person but the body does not identify the cited work; retain for manual identity verification.,No
Mentioned by Paniz Hosseini premium@academia-mail.com,Are you the “H. Lee” cited in CHEMICAL SCIENCES papers?,2023-12-29T03:17:19+00:00,Chemistry/materials/physical sciences,Misrepresenting/too broad — generic or off-profile label,Possible namesake,"The alert relies on H. Lee/name matching or an off-profile field and does not identify a verified paper, author list, venue, or DOI.",No
Georgia State Graduate Studies GeorgiaState@info.grad.gsu.edu,You're invited to apply!,2023-12-27T21:03:05+00:00,Generic AI/ML/computing,Misrepresenting/too broad — generic or off-profile label,Generic academic promotion,Generic education or admissions promotion that is outdated or mismatched to the current PhD/research-career stage.,No
Mentioned by Myung Hwan Na premium@academia-mail.com,Are you the “Hunmin Lee” cited in Artificial Intelligence papers?,2023-12-27T02:06:49+00:00,Generic AI/ML/computing,Misrepresenting/too broad — generic or off-profile label,Weak keyword matching,"The alert uses only the name plus a broad topic such as computer science, engineering, AI, or gesture recognition, with no verified paper identity.",No
Mentioned by Paniz Hosseini premium@academia-mail.com,Are you the “H. Lee” cited in Physical sciences papers?,2023-12-25T00:53:34+00:00,Chemistry/materials/physical sciences,Misrepresenting/too broad — generic or off-profile label,Possible namesake,"The alert relies on H. Lee/name matching or an off-profile field and does not identify a verified paper, author list, venue, or DOI.",No
Mentioned by In Seop Na premium@academia-mail.com,"50% Off, 2 days only - “Hunmin Lee” cited by “In Seop Na”",2023-12-22T23:45:11+00:00,Generic academic/research,Misrepresenting/too broad — generic or off-profile label,Individually named but unverified,The subject names a citing/mentioning person but the body does not identify the cited work; retain for manual identity verification.,No
"""Academia.edu"" premium@academia-mail.com",A Stunning Showcase for Your Research,2023-12-22T07:31:29+00:00,Generic academic/research,Misrepresenting/too broad — generic or off-profile label,Generic academic promotion,"Platform upsell, readership/profile metric, search-view notice, or other campaign that does not establish research relevance.",No
Mentioned by Paniz Hosseini premium@academia-mail.com,Are you the “H. Lee” cited in Technologies papers?,2023-12-20T22:29:48+00:00,Generic academic/research,Misrepresenting/too broad — generic or off-profile label,Possible namesake,"The alert relies on H. Lee/name matching or an off-profile field and does not identify a verified paper, author list, venue, or DOI.",No
"""Taylor & Francis"" taylorandfrancis@email.taylorandfrancis.com","""Microfluidic-assisted preparation of PLGA nanoparticles loaded with insulin: A comparison with double emulsion solvent evaporation method"" is ready to read",2023-12-19T16:20:48-06:00,General education or professional development,Misrepresenting/too broad — generic or off-profile label,Generic academic promotion,"Publisher recommendation, survey, or sales campaign; topical overlap is not evidence of research identity.",No
Mentioned by Sang Kyoon Kim premium@academia-mail.com,“Hunmin Lee” cited by “Sang Kyoon Kim”,2023-12-18T21:16:27+00:00,Generic academic/research,Misrepresenting/too broad — generic or off-profile label,Individually named but unverified,The subject names a citing/mentioning person but the body does not identify the cited work; retain for manual identity verification.,No
Routledge Books routledgebooks@email.routledge.com,Get it in time for Christmas with an Extra 10% Off eBooks,2023-12-18T10:02:54-06:00,General education or professional development,Misrepresenting/too broad — generic or off-profile label,Generic academic promotion,Recurring book-sale/bestseller campaign with no verified connection to the current research profile.,No
"""Academia.edu"" premium@academia-mail.com","The name ""Hunmin Lee"" is mentioned by a CHEMICAL SCIENCES researcher in a paper uploaded to Academia",2023-12-18T07:32:14+00:00,Chemistry/materials/physical sciences,Misrepresenting/too broad — generic or off-profile label,Possible namesake,"The alert relies on H. Lee/name matching or an off-profile field and does not identify a verified paper, author list, venue, or DOI.",No
Mentioned by Paniz Hosseini premium@academia-mail.com,Are you the “H. Lee” cited in Applied Sciences papers?,2023-12-16T20:05:36+00:00,Generic academic/research,Misrepresenting/too broad — generic or off-profile label,Possible namesake,"The alert relies on H. Lee/name matching or an off-profile field and does not identify a verified paper, author list, venue, or DOI.",No
Mentioned by Wan Hyun Cho premium@academia-mail.com,"50% Off, 2 days only: “Hunmin Lee” cited by “Wan Hyun Cho”",2023-12-15T19:31:51+00:00,Generic academic/research,Misrepresenting/too broad — generic or off-profile label,Individually named but unverified,The subject names a citing/mentioning person but the body does not identify the cited work; retain for manual identity verification.,No
Mentioned by Paniz Hosseini premium@academia-mail.com,Are you the “H. Lee” cited in Analytical Chemistry papers?,2023-12-13T18:10:05+00:00,Chemistry/materials/physical sciences,Misrepresenting/too broad — generic or off-profile label,Possible namesake,"The alert relies on H. Lee/name matching or an off-profile field and does not identify a verified paper, author list, venue, or DOI.",No
Coursera Coursera@email.coursera.org,Explore University of Illinois’ interdisciplinary MCS & MCS-DS program today,2023-12-13T08:13:24-06:00,Generic AI/ML/computing,Misrepresenting/too broad — generic or off-profile label,Generic academic promotion,"Course, competition, or scholarship marketing; potentially skill-related when current, but not evidence of the research profile.",No
"""Academia.edu"" premium@academia-mail.com","Hunmin Lee and ""Real-time Interface Control with Motion Gesture Recognition based on Non-contact Capacitive Sensing"" are mentioned in a paper uploaded to Academia",2023-12-13T05:54:27+00:00,Capacitive/electric-field sensing and hand-motion interfaces,Historical — Capacitive/electric-field sensing,Secondary or historical match,"Exact-title or topic alert matches genuine older capacitive/hand-motion work or a secondary application, but not the present core identity.",No
Mentioned by Myung Hwan Na premium@academia-mail.com,“Hunmin Lee” cited by “Myung Hwan Na”,2023-12-11T16:51:30+00:00,Generic academic/research,Misrepresenting/too broad — generic or off-profile label,Individually named but unverified,The subject names a citing/mentioning person but the body does not identify the cited work; retain for manual identity verification.,No
Routledge Books routledgebooks@email.routledge.com,Get an Extra 10% Off Everything,2023-12-11T08:03:25-06:00,General education or professional development,Misrepresenting/too broad — generic or off-profile label,Generic academic promotion,Recurring book-sale/bestseller campaign with no verified connection to the current research profile.,No
Mentioned by Paniz Hosseini premium@academia-mail.com,Are you the “H. Lee” cited in Electrical And Electronic Engineering papers?,2023-12-09T12:25:41+00:00,Generic AI/ML/computing,Misrepresenting/too broad — generic or off-profile label,Possible namesake,"The alert relies on H. Lee/name matching or an off-profile field and does not identify a verified paper, author list, venue, or DOI.",No
"""Academia.edu"" premium@academia-mail.com",1 person has read your papers,2023-12-09T04:30:03+00:00,Generic academic/research,Misrepresenting/too broad — generic or off-profile label,Generic academic promotion,"Platform upsell, readership/profile metric, search-view notice, or other campaign that does not establish research relevance.",No
Mentioned by Myung Hwan Na premium@academia-mail.com,"50% Off, 2 days only: Are you the “Hunmin Lee” cited in Artificial Intelligence papers?",2023-12-08T10:13:39+00:00,Generic AI/ML/computing,Misrepresenting/too broad — generic or off-profile label,Weak keyword matching,"The alert uses only the name plus a broad topic such as computer science, engineering, AI, or gesture recognition, with no verified paper identity.",No
Routledge Books routledgebooks@email.routledge.com,Save 20% Off All Books & eBooks,2023-12-06T09:02:23-06:00,General education or professional development,Misrepresenting/too broad — generic or off-profile label,Generic academic promotion,Recurring book-sale/bestseller campaign with no verified connection to the current research profile.,No
Mentioned by Paniz Hosseini premium@academia-mail.com,Are you the “H. Lee” cited in Sensors papers?,2023-12-06T05:52:03+00:00,Generic academic/research,Misrepresenting/too broad — generic or off-profile label,Possible namesake,"The alert relies on H. Lee/name matching or an off-profile field and does not identify a verified paper, author list, venue, or DOI.",No
"""Taylor & Francis"" taylorandfrancis@email.taylorandfrancis.com","""Analysis of the BP neural network comprehensive competitiveness evaluation model for the development evaluation of B2B E-commerce enterprises"" is ready to read",2023-12-05T19:07:55-06:00,Neural decoding and rehabilitation,Core — Neural decoding and rehabilitation,Generic academic promotion,"Publisher recommendation, survey, or sales campaign; topical overlap is not evidence of research identity.",No
"""Academia.edu"" premium@academia-mail.com","A paper published by a member of the Mechanical Engineering department at University of Tehran mentions the name ""Hunmin Lee""",2023-12-04T05:55:29+00:00,Generic AI/ML/computing,Misrepresenting/too broad — generic or off-profile label,Possible namesake,"The alert relies on H. Lee/name matching or an off-profile field and does not identify a verified paper, author list, venue, or DOI.",No
Mentioned by In Seop Na premium@academia-mail.com,“Hunmin Lee” cited by “In Seop Na”,2023-12-04T01:34:02+00:00,Generic academic/research,Misrepresenting/too broad — generic or off-profile label,Individually named but unverified,The subject names a citing/mentioning person but the body does not identify the cited work; retain for manual identity verification.,No
Mentioned by Paniz Hosseini premium@academia-mail.com,Are you the “H. Lee” cited in Engineering papers?,2023-12-01T21:18:32+00:00,Generic AI/ML/computing,Misrepresenting/too broad — generic or off-profile label,Possible namesake,"The alert relies on H. Lee/name matching or an off-profile field and does not identify a verified paper, author list, venue, or DOI.",No
Mentioned by Sang Kyoon Kim premium@academia-mail.com,"50% Off, 2 days only: “Hunmin Lee” cited by “Sang Kyoon Kim”",2023-11-30T19:15:23+00:00,Generic academic/research,Misrepresenting/too broad — generic or off-profile label,Individually named but unverified,The subject names a citing/mentioning person but the body does not identify the cited work; retain for manual identity verification.,No
Routledge Books routledgebooks@email.routledge.com,Save an Extra 10% Off All Books,2023-11-30T14:06:51-06:00,General education or professional development,Misrepresenting/too broad — generic or off-profile label,Generic academic promotion,Recurring book-sale/bestseller campaign with no verified connection to the current research profile.,No
Mentioned by Paniz Hosseini premium@academia-mail.com,Are you the “H. Lee” cited in Capacitive Sensing papers?,2023-11-28T14:59:55+00:00,Capacitive/electric-field sensing and hand-motion interfaces,Historical — Capacitive/electric-field sensing,Secondary or historical match,"Exact-title or topic alert matches genuine older capacitive/hand-motion work or a secondary application, but not the present core identity.",No
"""Academia.edu"" premium@academia-mail.com","Hunmin Lee and ""A BPRCNN Based Hand Motion Classifier Using Electric Field Sensors"" are mentioned in a paper uploaded to Academia",2023-11-28T04:57:16+00:00,Capacitive/electric-field sensing and hand-motion interfaces,Historical — Capacitive/electric-field sensing,Secondary or historical match,"Exact-title or topic alert matches genuine older capacitive/hand-motion work or a secondary application, but not the present core identity.",No
Routledge Books routledgebooks@email.routledge.com,Save an Extra 10% Off All Books,2023-11-27T14:06:39-06:00,General education or professional development,Misrepresenting/too broad — generic or off-profile label,Generic academic promotion,Recurring book-sale/bestseller campaign with no verified connection to the current research profile.,No
Mentioned by Wan Hyun Cho premium@academia-mail.com,“Hunmin Lee” cited by “Wan Hyun Cho”,2023-11-26T10:42:46+00:00,Generic academic/research,Misrepresenting/too broad — generic or off-profile label,Individually named but unverified,The subject names a citing/mentioning person but the body does not identify the cited work; retain for manual identity verification.,No
Routledge Books routledgebooks@email.routledge.com,Black Friday Sale: 25% Off Everything,2023-11-24T12:04:55-06:00,General education or professional development,Misrepresenting/too broad — generic or off-profile label,Generic academic promotion,Recurring book-sale/bestseller campaign with no verified connection to the current research profile.,No
Mentioned by Paniz Hosseini premium@academia-mail.com,Are you the “H. Lee” cited in Computer Science papers?,2023-11-24T06:35:54+00:00,Generic AI/ML/computing,Misrepresenting/too broad — generic or off-profile label,Possible namesake,"The alert relies on H. Lee/name matching or an off-profile field and does not identify a verified paper, author list, venue, or DOI.",No
"""Academia.edu"" premium@academia-mail.com","The name ""Lee, Hunmin"" is mentioned in 3 papers",2023-11-23T04:19:40+00:00,Generic academic/research,Misrepresenting/too broad — generic or off-profile label,Generic academic promotion,"Platform upsell, readership/profile metric, search-view notice, or other campaign that does not establish research relevance.",No
"""Taylor & Francis"" taylorandfrancis@email.taylorandfrancis.com",Editor-in-Chief needed for Cybernetics and Systems.,2023-11-22T12:01:08-06:00,General education or professional development,Misrepresenting/too broad — generic or off-profile label,Generic academic promotion,"Publisher recommendation, survey, or sales campaign; topical overlap is not evidence of research identity.",No
Routledge Books routledgebooks@email.routledge.com,Black Friday Sale: 25% Off Everything,2023-11-20T09:02:05-06:00,General education or professional development,Misrepresenting/too broad — generic or off-profile label,Generic academic promotion,Recurring book-sale/bestseller campaign with no verified connection to the current research profile.,No
Mentioned by Paniz Hosseini premium@academia-mail.com,Are you the “H. Lee” cited in CHEMICAL SCIENCES papers?,2023-11-18T20:34:50+00:00,Chemistry/materials/physical sciences,Misrepresenting/too broad — generic or off-profile label,Possible namesake,"The alert relies on H. Lee/name matching or an off-profile field and does not identify a verified paper, author list, venue, or DOI.",No
"""Academia.edu"" premium@academia-mail.com","A paper published by a member of the Energy Technologies Area department at Lawrence Berkeley National Laboratory mentions the name ""Hunmin Lee""",2023-11-17T03:13:02+00:00,Generic academic/research,Misrepresenting/too broad — generic or off-profile label,Possible namesake,"The alert relies on H. Lee/name matching or an off-profile field and does not identify a verified paper, author list, venue, or DOI.",No
Mentioned by Paniz Hosseini premium@academia-mail.com,Are you the “H. Lee” cited in Physical sciences papers?,2023-11-16T16:43:45+00:00,Chemistry/materials/physical sciences,Misrepresenting/too broad — generic or off-profile label,Possible namesake,"The alert relies on H. Lee/name matching or an off-profile field and does not identify a verified paper, author list, venue, or DOI.",No
Mentioned by Paniz Hosseini premium@academia-mail.com,"50% Off, 2 days only - Are you the “H. Lee” cited in Technologies papers?",2023-11-15T14:48:50+00:00,Generic academic/research,Misrepresenting/too broad — generic or off-profile label,Possible namesake,"The alert relies on H. Lee/name matching or an off-profile field and does not identify a verified paper, author list, venue, or DOI.",No
Mentioned by Paniz Hosseini premium@academia-mail.com,Are you the “H. Lee” cited in Electrical And Electronic Engineering papers?,2023-11-13T10:52:14+00:00,Generic AI/ML/computing,Misrepresenting/too broad — generic or off-profile label,Possible namesake,"The alert relies on H. Lee/name matching or an off-profile field and does not identify a verified paper, author list, venue, or DOI.",No
Routledge Books routledgebooks@email.routledge.com,25% Off When You Buy 2 or More Books,2023-11-13T10:03:55-06:00,General education or professional development,Misrepresenting/too broad — generic or off-profile label,Generic academic promotion,Recurring book-sale/bestseller campaign with no verified connection to the current research profile.,No
Mentioned by Paniz Hosseini premium@academia-mail.com,Are you the “H. Lee” cited in Applied Sciences papers?,2023-11-11T07:05:37+00:00,Generic academic/research,Misrepresenting/too broad — generic or off-profile label,Possible namesake,"The alert relies on H. Lee/name matching or an off-profile field and does not identify a verified paper, author list, venue, or DOI.",No
"""Academia.edu"" premium@academia-mail.com","The name ""Hunmin Lee"" is mentioned in a PDF uploaded to Academia by WON-JUN JO",2023-11-09T09:04:01+00:00,Generic academic/research,Misrepresenting/too broad — generic or off-profile label,Weak keyword matching,"The alert uses only the name plus a broad topic such as computer science, engineering, AI, or gesture recognition, with no verified paper identity.",No
Mentioned by Paniz Hosseini premium@academia-mail.com,Are you the “H. Lee” cited in Analytical Chemistry papers?,2023-11-09T03:27:12+00:00,Chemistry/materials/physical sciences,Misrepresenting/too broad — generic or off-profile label,Possible namesake,"The alert relies on H. Lee/name matching or an off-profile field and does not identify a verified paper, author list, venue, or DOI.",No
Mentioned by Paniz Hosseini premium@academia-mail.com,"50% Off, 2 days only - Are you the “H. Lee” cited in Sensors papers?",2023-11-08T01:29:46+00:00,Generic academic/research,Misrepresenting/too broad — generic or off-profile label,Possible namesake,"The alert relies on H. Lee/name matching or an off-profile field and does not identify a verified paper, author list, venue, or DOI.",No
"""Taylor & Francis"" taylorandfrancis@email.taylorandfrancis.com","""Development of a torque transducer applying a new elastic structure, and a vibration damping device based on the principle of eddy current brake"" is ready to read",2023-11-07T16:20:35-06:00,General education or professional development,Misrepresenting/too broad — generic or off-profile label,Generic academic promotion,"Publisher recommendation, survey, or sales campaign; topical overlap is not evidence of research identity.",No
Routledge Books routledgebooks@email.routledge.com,25% Off Selected Hardbacks,2023-11-06T06:04:39-06:00,General education or professional development,Misrepresenting/too broad — generic or off-profile label,Generic academic promotion,Recurring book-sale/bestseller campaign with no verified connection to the current research profile.,No
Mentioned by Paniz Hosseini premium@academia-mail.com,Are you the “H. Lee” cited in Engineering papers?,2023-11-05T21:51:16+00:00,Generic AI/ML/computing,Misrepresenting/too broad — generic or off-profile label,Possible namesake,"The alert relies on H. Lee/name matching or an off-profile field and does not identify a verified paper, author list, venue, or DOI.",No
Mentioned by Paniz Hosseini premium@academia-mail.com,Are you the “H. Lee” cited in Computer Science papers?,2023-11-03T18:13:55+00:00,Generic AI/ML/computing,Misrepresenting/too broad — generic or off-profile label,Possible namesake,"The alert relies on H. Lee/name matching or an off-profile field and does not identify a verified paper, author list, venue, or DOI.",No
Mentioned by In Seop Na premium@academia-mail.com,“Hunmin Lee” cited by “In Seop Na”,2023-11-02T16:29:53+00:00,Generic academic/research,Misrepresenting/too broad — generic or off-profile label,Individually named but unverified,The subject names a citing/mentioning person but the body does not identify the cited work; retain for manual identity verification.,No
Coursera Coursera@email.coursera.org,Your next career move is just $1 away,2023-11-02T15:14:11-06:00,General education or professional development,Misrepresenting/too broad — generic or off-profile label,Generic academic promotion,"Course, competition, or scholarship marketing; potentially skill-related when current, but not evidence of the research profile.",No
"""Academia.edu"" premium@academia-mail.com","The name ""Hunmin Lee"" is mentioned in a paper published in Electronics",2023-11-01T09:19:10+00:00,Generic academic/research,Misrepresenting/too broad — generic or off-profile label,Weak keyword matching,"The alert uses only the name plus a broad topic such as computer science, engineering, AI, or gesture recognition, with no verified paper identity.",No
Mentioned by Paniz Hosseini premium@academia-mail.com,"50% Off, 2 days only - Are you the “H. Lee” cited in Capacitive Sensing papers?",2023-10-31T12:54:28+00:00,Capacitive/electric-field sensing and hand-motion interfaces,Historical — Capacitive/electric-field sensing,Secondary or historical match,"Exact-title or topic alert matches genuine older capacitive/hand-motion work or a secondary application, but not the present core identity.",No
Mentioned by Sang Kyoon Kim premium@academia-mail.com,“Hunmin Lee” cited by “Sang Kyoon Kim”,2023-10-29T09:25:26+00:00,Generic academic/research,Misrepresenting/too broad — generic or off-profile label,Individually named but unverified,The subject names a citing/mentioning person but the body does not identify the cited work; retain for manual identity verification.,No
"""Academia.edu"" premium@academia-mail.com","A paper published by a member of the Mechanical Engineering department at University of Tehran mentions the name ""Hunmin Lee""",2023-10-28T09:57:30+00:00,Generic AI/ML/computing,Misrepresenting/too broad — generic or off-profile label,Possible namesake,"The alert relies on H. Lee/name matching or an off-profile field and does not identify a verified paper, author list, venue, or DOI.",No
Mentioned by Paniz Hosseini premium@academia-mail.com,“H. Lee”: 1 citation in a Capacitive Sensing paper,2023-10-27T05:56:15+00:00,Capacitive/electric-field sensing and hand-motion interfaces,Historical — Capacitive/electric-field sensing,Secondary or historical match,"Exact-title or topic alert matches genuine older capacitive/hand-motion work or a secondary application, but not the present core identity.",No
Mentioned by Wan Hyun Cho premium@academia-mail.com,“Hunmin Lee” cited by “Wan Hyun Cho”,2023-10-26T04:13:48+00:00,Generic academic/research,Misrepresenting/too broad — generic or off-profile label,Individually named but unverified,The subject names a citing/mentioning person but the body does not identify the cited work; retain for manual identity verification.,No
"""Taylor & Francis"" taylorandfrancis@email.taylorandfrancis.com","""Aerosol penetration study for FFP2 half masks regarding protection against diesel particles in underground mines"" is ready to read",2023-10-25T15:56:05-06:00,General education or professional development,Misrepresenting/too broad — generic or off-profile label,Generic academic promotion,"Publisher recommendation, survey, or sales campaign; topical overlap is not evidence of research identity.",No
Routledge Books routledgebooks@email.routledge.com,Buy 1 Get 20% Off or Buy 2+ Get 25% Off,2023-10-24T08:01:16-06:00,General education or professional development,Misrepresenting/too broad — generic or off-profile label,Generic academic promotion,Recurring book-sale/bestseller campaign with no verified connection to the current research profile.,No
Mentioned by Paniz Hosseini premium@academia-mail.com,"50% Off, 2 days only - “H. Lee”: 1 citation in a C paper",2023-10-24T00:55:25+00:00,Generic academic/research,Misrepresenting/too broad — generic or off-profile label,Possible namesake,"The alert relies on H. Lee/name matching or an off-profile field and does not identify a verified paper, author list, venue, or DOI.",No
"""Academia.edu"" premium@academia-mail.com","Hunmin Lee and ""Real-time Interface Control with Motion Gesture Recognition based on Non-contact Capacitive Sensing"" are mentioned in a paper uploaded to Academia",2023-10-23T06:00:38+00:00,Capacitive/electric-field sensing and hand-motion interfaces,Historical — Capacitive/electric-field sensing,Secondary or historical match,"Exact-title or topic alert matches genuine older capacitive/hand-motion work or a secondary application, but not the present core identity.",No
Mentioned by Myung Hwan Na premium@academia-mail.com,“Hunmin Lee” cited by “Myung Hwan Na”,2023-10-21T22:29:45+00:00,Generic academic/research,Misrepresenting/too broad — generic or off-profile label,Individually named but unverified,The subject names a citing/mentioning person but the body does not identify the cited work; retain for manual identity verification.,No
Mentioned by Paniz Hosseini premium@academia-mail.com,“H. Lee”: 1 citation in a Computer Science paper,2023-10-19T18:21:21+00:00,Generic AI/ML/computing,Misrepresenting/too broad — generic or off-profile label,Possible namesake,"The alert relies on H. Lee/name matching or an off-profile field and does not identify a verified paper, author list, venue, or DOI.",No
"""DeepLearning.AI"" no-reply@m.mail.coursera.org",Generative AI for Everyone: A new course from Andrew Ng,2023-10-18T17:52:32+00:00,Generic AI/ML/computing,Misrepresenting/too broad — generic or off-profile label,Generic academic promotion,"Course, competition, or scholarship marketing; potentially skill-related when current, but not evidence of the research profile.",No
Mentioned by Myung Hwan Na premium@academia-mail.com,“Hunmin Lee”: Are you the “Hunmin Lee” cited in Artificial Intelligence papers?,2023-10-18T16:47:38+00:00,Generic AI/ML/computing,Misrepresenting/too broad — generic or off-profile label,Weak keyword matching,"The alert uses only the name plus a broad topic such as computer science, engineering, AI, or gesture recognition, with no verified paper identity.",No
"""Academia.edu"" premium@academia-mail.com","The name ""Lee, Hunmin"" is mentioned in 3 papers",2023-10-18T05:10:59+00:00,Generic academic/research,Misrepresenting/too broad — generic or off-profile label,Generic academic promotion,"Platform upsell, readership/profile metric, search-view notice, or other campaign that does not establish research relevance.",No
Mentioned by Paniz Hosseini premium@academia-mail.com,"50% Off, 2 days only - “H. Lee” cited by “Paniz Hosseini”",2023-10-16T13:36:43+00:00,Generic academic/research,Misrepresenting/too broad — generic or off-profile label,Possible namesake,"The alert relies on H. Lee/name matching or an off-profile field and does not identify a verified paper, author list, venue, or DOI.",No
Routledge Books routledgebooks@email.routledge.com,September's Most Popular Books,2023-10-16T07:34:24-06:00,General education or professional development,Misrepresenting/too broad — generic or off-profile label,Generic academic promotion,Recurring book-sale/bestseller campaign with no verified connection to the current research profile.,No
Mentioned by In Seop Na premium@academia-mail.com,“Hunmin Lee” cited by “In Seop Na”,2023-10-14T10:31:23+00:00,Generic academic/research,Misrepresenting/too broad — generic or off-profile label,Individually named but unverified,The subject names a citing/mentioning person but the body does not identify the cited work; retain for manual identity verification.,No
"""Academia.edu"" premium@academia-mail.com","Hunmin Lee and ""A BPRCNN Based Hand Motion Classifier Using Electric Field Sensors"" are mentioned in a paper uploaded to Academia",2023-10-13T07:50:48+00:00,Capacitive/electric-field sensing and hand-motion interfaces,Historical — Capacitive/electric-field sensing,Secondary or historical match,"Exact-title or topic alert matches genuine older capacitive/hand-motion work or a secondary application, but not the present core identity.",No
Mentioned by Paniz Hosseini premium@academia-mail.com,Are you the “H. Lee” cited in CHEMICAL SCIENCES papers?,2023-10-12T07:27:37+00:00,Chemistry/materials/physical sciences,Misrepresenting/too broad — generic or off-profile label,Possible namesake,"The alert relies on H. Lee/name matching or an off-profile field and does not identify a verified paper, author list, venue, or DOI.",No
Mentioned by Sang Kyoon Kim premium@academia-mail.com,“Hunmin Lee” cited by “Sang Kyoon Kim”,2023-10-11T05:57:44+00:00,Generic academic/research,Misrepresenting/too broad — generic or off-profile label,Individually named but unverified,The subject names a citing/mentioning person but the body does not identify the cited work; retain for manual identity verification.,No
"""Taylor & Francis"" taylorandfrancis@email.taylorandfrancis.com","""Conservation and restoration efforts have promoted increases in shorebird populations and the area and quality of their habitat in the Yellow River Delta, China"" is ready to read",2023-10-10T16:53:15-06:00,General education or professional development,Misrepresenting/too broad — generic or off-profile label,Generic academic promotion,"Publisher recommendation, survey, or sales campaign; topical overlap is not evidence of research identity.",No
Routledge Books routledgebooks@email.routledge.com,Buy 1 Get 20% Off or Buy 2+ Get 25% Off,2023-10-10T10:04:15-06:00,General education or professional development,Misrepresenting/too broad — generic or off-profile label,Generic academic promotion,Recurring book-sale/bestseller campaign with no verified connection to the current research profile.,No
Mentioned by Paniz Hosseini premium@academia-mail.com,"50% Off, 2 days only - Are you the “H. Lee” cited in Physical sciences papers?",2023-10-09T02:59:42+00:00,Chemistry/materials/physical sciences,Misrepresenting/too broad — generic or off-profile label,Possible namesake,"The alert relies on H. Lee/name matching or an off-profile field and does not identify a verified paper, author list, venue, or DOI.",No
"""Academia.edu"" premium@academia-mail.com",1 person has read your papers,2023-10-08T03:45:10+00:00,Generic academic/research,Misrepresenting/too broad — generic or off-profile label,Generic academic promotion,"Platform upsell, readership/profile metric, search-view notice, or other campaign that does not establish research relevance.",No
Mentioned by Wan Hyun Cho premium@academia-mail.com,“Hunmin Lee” cited by “Wan Hyun Cho”,2023-10-07T00:00:15+00:00,Generic academic/research,Misrepresenting/too broad — generic or off-profile label,Individually named but unverified,The subject names a citing/mentioning person but the body does not identify the cited work; retain for manual identity verification.,No
"""DeepLearning.AI"" no-reply@m.mail.coursera.org",Boost Your GenAI Skills: Free Courses Now on Coursera!,2023-10-04T22:05:59+00:00,Generic AI/ML/computing,Misrepresenting/too broad — generic or off-profile label,Generic academic promotion,"Course, competition, or scholarship marketing; potentially skill-related when current, but not evidence of the research profile.",No
Mentioned by Paniz Hosseini premium@academia-mail.com,Are you the “H. Lee” cited in Technologies papers?,2023-10-04T21:15:23+00:00,Generic academic/research,Misrepresenting/too broad — generic or off-profile label,Possible namesake,"The alert relies on H. Lee/name matching or an off-profile field and does not identify a verified paper, author list, venue, or DOI.",No
Routledge Books routledgebooks@email.routledge.com,Buy 1 Get 20% Off or Buy 2+ Get 25% Off,2023-10-04T11:04:11-06:00,General education or professional development,Misrepresenting/too broad — generic or off-profile label,Generic academic promotion,Recurring book-sale/bestseller campaign with no verified connection to the current research profile.,No
"""Academia.edu"" premium@academia-mail.com","The name ""Hunmin Lee"" is mentioned in a Computer Science paper uploaded to Academia",2023-10-04T05:37:06+00:00,Generic AI/ML/computing,Misrepresenting/too broad — generic or off-profile label,Weak keyword matching,"The alert uses only the name plus a broad topic such as computer science, engineering, AI, or gesture recognition, with no verified paper identity.",No
Mentioned by Myung Hwan Na premium@academia-mail.com,“Hunmin Lee” cited by “Myung Hwan Na”,2023-10-03T19:44:49+00:00,Generic academic/research,Misrepresenting/too broad — generic or off-profile label,Individually named but unverified,The subject names a citing/mentioning person but the body does not identify the cited work; retain for manual identity verification.,No
Georgia State Graduate Studies GeorgiaState@info.grad.gsu.edu,We've extended your application deadline!,2023-10-02T13:09:13+00:00,Generic academic/research,Misrepresenting/too broad — generic or off-profile label,Generic academic promotion,Generic education or admissions promotion that is outdated or mismatched to the current PhD/research-career stage.,No
Routledge Books routledgebooks@email.routledge.com,25% Off All Books & eBooks,2023-10-01T20:19:03-06:00,General education or professional development,Misrepresenting/too broad — generic or off-profile label,Generic academic promotion,Recurring book-sale/bestseller campaign with no verified connection to the current research profile.,No
Mentioned by Paniz Hosseini premium@academia-mail.com,"50% Off, 2 days only - Are you the “H. Lee” cited in Electrical And Electronic Engineering papers?",2023-10-01T17:05:18+00:00,Generic AI/ML/computing,Misrepresenting/too broad — generic or off-profile label,Possible namesake,"The alert relies on H. Lee/name matching or an off-profile field and does not identify a verified paper, author list, venue, or DOI.",No
Georgia State Graduate Studies GeorgiaState@info.grad.gsu.edu,Submit your application today!,2023-10-01T13:05:24+00:00,Generic academic/research,Misrepresenting/too broad — generic or off-profile label,Generic academic promotion,Generic education or admissions promotion that is outdated or mismatched to the current PhD/research-career stage.,No
Mentioned by Myung Hwan Na premium@academia-mail.com,“Hunmin Lee”: Are you the “Hunmin Lee” cited in Artificial Intelligence papers?,2023-09-30T08:05:31+00:00,Generic AI/ML/computing,Misrepresenting/too broad — generic or off-profile label,Weak keyword matching,"The alert uses only the name plus a broad topic such as computer science, engineering, AI, or gesture recognition, with no verified paper identity.",No
"""Academia.edu"" premium@academia-mail.com","A paper published by a member of the Energy Technologies Area department at Lawrence Berkeley National Laboratory mentions the name ""Hunmin Lee""",2023-09-30T03:05:40+00:00,Generic academic/research,Misrepresenting/too broad — generic or off-profile label,Possible namesake,"The alert relies on H. Lee/name matching or an off-profile field and does not identify a verified paper, author list, venue, or DOI.",No
Mentioned by Paniz Hosseini premium@academia-mail.com,Are you the “H. Lee” cited in Applied Sciences papers?,2023-09-29T01:22:06+00:00,Generic academic/research,Misrepresenting/too broad — generic or off-profile label,Possible namesake,"The alert relies on H. Lee/name matching or an off-profile field and does not identify a verified paper, author list, venue, or DOI.",No
"""Taylor & Francis"" taylorandfrancis@email.taylorandfrancis.com","""Investigating Injury Severity Interaction between Urban and Urban-rural Fringe Areas: A Grouped Random Parameters Seemingly Unrelated Bivariate Probit Approach"" is ready to read",2023-09-26T15:55:56-06:00,General education or professional development,Misrepresenting/too broad — generic or off-profile label,Generic academic promotion,"Publisher recommendation, survey, or sales campaign; topical overlap is not evidence of research identity.",No
Mentioned by In Seop Na premium@academia-mail.com,“Hunmin Lee” cited by “In Seop Na”,2023-09-26T10:21:10+00:00,Generic academic/research,Misrepresenting/too broad — generic or off-profile label,Individually named but unverified,The subject names a citing/mentioning person but the body does not identify the cited work; retain for manual identity verification.,No
Georgia State Graduate Studies GeorgiaState@info.grad.gsu.edu,Pursue greater change: Apply by 10/1,2023-09-24T13:08:07+00:00,Generic academic/research,Misrepresenting/too broad — generic or off-profile label,Generic academic promotion,Generic education or admissions promotion that is outdated or mismatched to the current PhD/research-career stage.,No
Mentioned by Paniz Hosseini premium@academia-mail.com,"50% Off, 2 days only - Are you the “H. Lee” cited in Analytical Chemistry papers?",2023-09-24T07:43:27+00:00,Chemistry/materials/physical sciences,Misrepresenting/too broad — generic or off-profile label,Possible namesake,"The alert relies on H. Lee/name matching or an off-profile field and does not identify a verified paper, author list, venue, or DOI.",No
Mentioned by Sang Kyoon Kim premium@academia-mail.com,“Hunmin Lee” cited by “Sang Kyoon Kim”,2023-09-23T06:27:07+00:00,Generic academic/research,Misrepresenting/too broad — generic or off-profile label,Individually named but unverified,The subject names a citing/mentioning person but the body does not identify the cited work; retain for manual identity verification.,No
"""Academia.edu"" premium@academia-mail.com","The name ""H. Lee"" is mentioned in a PDF uploaded to Academia by Paniz Hosseini",2023-09-22T04:31:09+00:00,Generic academic/research,Misrepresenting/too broad — generic or off-profile label,Possible namesake,"The alert relies on H. Lee/name matching or an off-profile field and does not identify a verified paper, author list, venue, or DOI.",No
"""DeepLearning.AI"" no-reply@m.mail.coursera.org",How the AI for Good Specialization is Empowering Learners Around the World,2023-09-21T23:56:13+00:00,Generic AI/ML/computing,Misrepresenting/too broad — generic or off-profile label,Generic academic promotion,"Course, competition, or scholarship marketing; potentially skill-related when current, but not evidence of the research profile.",No
Mentioned by Paniz Hosseini premium@academia-mail.com,Are you the “H. Lee” cited in Sensors papers?,2023-09-21T02:53:41+00:00,Generic academic/research,Misrepresenting/too broad — generic or off-profile label,Possible namesake,"The alert relies on H. Lee/name matching or an off-profile field and does not identify a verified paper, author list, venue, or DOI.",No
Routledge Books routledgebooks@email.routledge.com,Get 20% Off All Books,2023-09-20T08:01:09-06:00,General education or professional development,Misrepresenting/too broad — generic or off-profile label,Generic academic promotion,Recurring book-sale/bestseller campaign with no verified connection to the current research profile.,No
Mentioned by Wan Hyun Cho premium@academia-mail.com,“Hunmin Lee” cited by “Wan Hyun Cho”,2023-09-20T01:42:12+00:00,Generic academic/research,Misrepresenting/too broad — generic or off-profile label,Individually named but unverified,The subject names a citing/mentioning person but the body does not identify the cited work; retain for manual identity verification.,No
"""Academia.edu"" premium@academia-mail.com","Someone saw ""An Attention Score Based At..."" in an Academia search",2023-09-19T10:36:30+00:00,Generic academic/research,Misrepresenting/too broad — generic or off-profile label,Secondary or historical match,"Exact-title or topic alert matches genuine older capacitive/hand-motion work or a secondary application, but not the present core identity.",No
Mentioned by Paniz Hosseini premium@academia-mail.com,Are you the “H. Lee” cited in Computer Science papers?,2023-09-14T19:47:48+00:00,Generic AI/ML/computing,Misrepresenting/too broad — generic or off-profile label,Possible namesake,"The alert relies on H. Lee/name matching or an off-profile field and does not identify a verified paper, author list, venue, or DOI.",No
"""Academia.edu"" premium@academia-mail.com","Someone saw ""An Attention Score Based At..."" in an Academia search",2023-09-14T10:36:29+00:00,Generic academic/research,Misrepresenting/too broad — generic or off-profile label,Secondary or historical match,"Exact-title or topic alert matches genuine older capacitive/hand-motion work or a secondary application, but not the present core identity.",No
"""Academia.edu"" premium@academia-mail.com",12 hours left. 50% off the improved Academia Premium.,2023-09-14T07:06:41+00:00,Generic academic/research,Misrepresenting/too broad — generic or off-profile label,Generic academic promotion,"Platform upsell, readership/profile metric, search-view notice, or other campaign that does not establish research relevance.",No
Mentioned by Myung Hwan Na premium@academia-mail.com,“Hunmin Lee”: Are you the “Hunmin Lee” cited in Artificial Intelligence papers?,2023-09-13T18:37:14+00:00,Generic AI/ML/computing,Misrepresenting/too broad — generic or off-profile label,Weak keyword matching,"The alert uses only the name plus a broad topic such as computer science, engineering, AI, or gesture recognition, with no verified paper identity.",No
"""Taylor & Francis"" taylorandfrancis@email.taylorandfrancis.com","""A hypergraph model of product function recombination based on online reviews"" is ready to read",2023-09-12T17:03:03-06:00,Graph machine learning,Secondary — Graph/interpretable biomedical ML,Generic academic promotion,"Publisher recommendation, survey, or sales campaign; topical overlap is not evidence of research identity.",No
Mentioned by Paniz Hosseini premium@academia-mail.com,Are you the “H. Lee” cited in Capacitive Sensing papers?,2023-09-11T16:22:01+00:00,Capacitive/electric-field sensing and hand-motion interfaces,Historical — Capacitive/electric-field sensing,Secondary or historical match,"Exact-title or topic alert matches genuine older capacitive/hand-motion work or a secondary application, but not the present core identity.",No
"""Academia.edu"" premium@academia-mail.com","The name ""Lee, Hunmin"" is mentioned in 3 papers",2023-09-10T03:29:28+00:00,Generic academic/research,Misrepresenting/too broad — generic or off-profile label,Generic academic promotion,"Platform upsell, readership/profile metric, search-view notice, or other campaign that does not establish research relevance.",No
Mentioned by Paniz Hosseini premium@academia-mail.com,"50% Off, 2 days only - Are you the “H. Lee” cited in Capacitive Sensing papers?",2023-09-09T14:12:59+00:00,Capacitive/electric-field sensing and hand-motion interfaces,Historical — Capacitive/electric-field sensing,Secondary or historical match,"Exact-title or topic alert matches genuine older capacitive/hand-motion work or a secondary application, but not the present core identity.",No
"""Academia.edu"" premium@academia-mail.com","Someone saw ""An Attention Score Based At..."" in an Academia search",2023-09-09T10:36:28+00:00,Generic academic/research,Misrepresenting/too broad — generic or off-profile label,Secondary or historical match,"Exact-title or topic alert matches genuine older capacitive/hand-motion work or a secondary application, but not the present core identity.",No
"""Academia.edu"" premium@academia-mail.com",Last day. 50% off the improved Academia Premium.,2023-09-09T10:25:37+00:00,Generic academic/research,Misrepresenting/too broad — generic or off-profile label,Generic academic promotion,"Platform upsell, readership/profile metric, search-view notice, or other campaign that does not establish research relevance.",No
Mentioned by In Seop Na premium@academia-mail.com,“Hunmin Lee” cited by “In Seop Na”,2023-09-08T13:05:53+00:00,Generic academic/research,Misrepresenting/too broad — generic or off-profile label,Individually named but unverified,The subject names a citing/mentioning person but the body does not identify the cited work; retain for manual identity verification.,No
"""Weights & Biases"" no-reply@mail.wandb.ai",Have you given up on Weights & Biases?,2023-09-07T13:05:39-05:00,Generic AI/ML/computing,Misrepresenting/too broad — generic or off-profile label,Generic academic promotion,Generic research-tool or professional-development promotion without project-specific relevance.,No
Routledge Books routledgebooks@email.routledge.com,Save 20% Off All Books,2023-09-06T12:04:49-06:00,General education or professional development,Misrepresenting/too broad — generic or off-profile label,Generic academic promotion,Recurring book-sale/bestseller campaign with no verified connection to the current research profile.,No
Mentioned by Paniz Hosseini premium@academia-mail.com,Are you the “H. Lee” cited in Computer Science papers?,2023-09-06T10:58:34+00:00,Generic AI/ML/computing,Misrepresenting/too broad — generic or off-profile label,Possible namesake,"The alert relies on H. Lee/name matching or an off-profile field and does not identify a verified paper, author list, venue, or DOI.",No
"""Academia.edu"" premium@academia-mail.com","Hunmin Lee and ""A BPRCNN Based Hand Motion Classifier Using Electric Field Sensors"" are mentioned in a paper uploaded to Academia",2023-09-06T09:00:09+00:00,Capacitive/electric-field sensing and hand-motion interfaces,Historical — Capacitive/electric-field sensing,Secondary or historical match,"Exact-title or topic alert matches genuine older capacitive/hand-motion work or a secondary application, but not the present core identity.",No
Mentioned by Sang Kyoon Kim premium@academia-mail.com,“Hunmin Lee” cited by “Sang Kyoon Kim”,2023-09-05T09:54:35+00:00,Generic academic/research,Misrepresenting/too broad — generic or off-profile label,Individually named but unverified,The subject names a citing/mentioning person but the body does not identify the cited work; retain for manual identity verification.,No
Mentioned by Wan Hyun Cho premium@academia-mail.com,"50% Off, 2 days only: “Hunmin Lee” cited by “Wan Hyun Cho”",2023-09-02T06:50:49+00:00,Generic academic/research,Misrepresenting/too broad — generic or off-profile label,Individually named but unverified,The subject names a citing/mentioning person but the body does not identify the cited work; retain for manual identity verification.,No
"""Academia.edu"" premium@academia-mail.com","We created a Personal Website for you, powered by your Academia Profile",2023-09-02T04:51:00+00:00,Generic academic/research,Misrepresenting/too broad — generic or off-profile label,Generic academic promotion,"Platform upsell, readership/profile metric, search-view notice, or other campaign that does not establish research relevance.",No
Mentioned by Paniz Hosseini premium@academia-mail.com,“H. Lee”: 1 citation in a C paper,2023-08-31T04:50:32+00:00,Generic academic/research,Misrepresenting/too broad — generic or off-profile label,Possible namesake,"The alert relies on H. Lee/name matching or an off-profile field and does not identify a verified paper, author list, venue, or DOI.",No
"""Academia.edu"" premium@academia-mail.com","A paper published by a member of the Mechanical Engineering department at University of Tehran mentions the name ""Hunmin Lee""",2023-08-29T10:58:40+00:00,Generic AI/ML/computing,Misrepresenting/too broad — generic or off-profile label,Possible namesake,"The alert relies on H. Lee/name matching or an off-profile field and does not identify a verified paper, author list, venue, or DOI.",No
Mentioned by Myung Hwan Na premium@academia-mail.com,“Hunmin Lee” cited by “Myung Hwan Na”,2023-08-29T02:54:57+00:00,Generic academic/research,Misrepresenting/too broad — generic or off-profile label,Individually named but unverified,The subject names a citing/mentioning person but the body does not identify the cited work; retain for manual identity verification.,No
Routledge Books routledgebooks@email.routledge.com,Get 20% Off All Books,2023-08-28T08:00:52-06:00,General education or professional development,Misrepresenting/too broad — generic or off-profile label,Generic academic promotion,Recurring book-sale/bestseller campaign with no verified connection to the current research profile.,No
Mentioned by Paniz Hosseini premium@academia-mail.com,“H. Lee”: 1 citation in a Computer Science paper,2023-08-28T01:57:49+00:00,Generic AI/ML/computing,Misrepresenting/too broad — generic or off-profile label,Possible namesake,"The alert relies on H. Lee/name matching or an off-profile field and does not identify a verified paper, author list, venue, or DOI.",No
Mentioned by Myung Hwan Na premium@academia-mail.com,“Hunmin Lee”: Are you the “Hunmin Lee” cited in Artificial Intelligence papers?,2023-08-26T02:40:47+00:00,Generic AI/ML/computing,Misrepresenting/too broad — generic or off-profile label,Weak keyword matching,"The alert uses only the name plus a broad topic such as computer science, engineering, AI, or gesture recognition, with no verified paper identity.",No
Mentioned by Paniz Hosseini premium@academia-mail.com,"50% Off, 2 days only - “H. Lee” cited by “Paniz Hosseini”",2023-08-25T02:40:48+00:00,Generic academic/research,Misrepresenting/too broad — generic or off-profile label,Possible namesake,"The alert relies on H. Lee/name matching or an off-profile field and does not identify a verified paper, author list, venue, or DOI.",No
"""Academia.edu"" premium@academia-mail.com","Hunmin Lee and ""Real-time Interface Control with Motion Gesture Recognition based on Non-contact Capacitive Sensing"" are mentioned in a paper uploaded to Academia",2023-08-24T04:35:51+00:00,Capacitive/electric-field sensing and hand-motion interfaces,Historical — Capacitive/electric-field sensing,Secondary or historical match,"Exact-title or topic alert matches genuine older capacitive/hand-motion work or a secondary application, but not the present core identity.",No
Coursera Coursera@email.coursera.org,Earn a Master of Applied Data Science - 100% online,2023-08-23T08:21:01-06:00,Generic AI/ML/computing,Misrepresenting/too broad — generic or off-profile label,Generic academic promotion,"Course, competition, or scholarship marketing; potentially skill-related when current, but not evidence of the research profile.",No
Mentioned by In Seop Na premium@academia-mail.com,“Hunmin Lee” cited by “In Seop Na”,2023-08-22T21:18:56+00:00,Generic academic/research,Misrepresenting/too broad — generic or off-profile label,Individually named but unverified,The subject names a citing/mentioning person but the body does not identify the cited work; retain for manual identity verification.,No
"""Academia.edu"" premium@academia-mail.com","Still interested in mentions, Hunmin?",2023-08-20T20:46:48+00:00,Generic academic/research,Misrepresenting/too broad — generic or off-profile label,Generic academic promotion,"Platform upsell, readership/profile metric, search-view notice, or other campaign that does not establish research relevance.",No
Mentioned by Sang Kyoon Kim premium@academia-mail.com,“Hunmin Lee” cited by “Sang Kyoon Kim”,2023-08-19T18:40:02+00:00,Generic academic/research,Misrepresenting/too broad — generic or off-profile label,Individually named but unverified,The subject names a citing/mentioning person but the body does not identify the cited work; retain for manual identity verification.,No
Mentioned by Paniz Hosseini premium@academia-mail.com,"50% Off, 2 days only - Are you the “H. Lee” cited in Physical sciences papers?",2023-08-17T16:57:03+00:00,Chemistry/materials/physical sciences,Misrepresenting/too broad — generic or off-profile label,Possible namesake,"The alert relies on H. Lee/name matching or an off-profile field and does not identify a verified paper, author list, venue, or DOI.",No
Mentioned by Wan Hyun Cho premium@academia-mail.com,“Hunmin Lee” cited by “Wan Hyun Cho”,2023-08-16T16:06:14+00:00,Generic academic/research,Misrepresenting/too broad — generic or off-profile label,Individually named but unverified,The subject names a citing/mentioning person but the body does not identify the cited work; retain for manual identity verification.,No
Routledge Books routledgebooks@email.routledge.com,Get 20% Off All Books,2023-08-16T12:04:44-06:00,General education or professional development,Misrepresenting/too broad — generic or off-profile label,Generic academic promotion,Recurring book-sale/bestseller campaign with no verified connection to the current research profile.,No
"""Taylor & Francis"" taylorandfrancis@email.taylorandfrancis.com","""Flexible Simulation of Traffic with Microservices, Agents & REST"" is ready to read",2023-08-15T14:52:49-06:00,General education or professional development,Misrepresenting/too broad — generic or off-profile label,Generic academic promotion,"Publisher recommendation, survey, or sales campaign; topical overlap is not evidence of research identity.",No
"""Academia.edu"" premium@academia-mail.com","Someone saw ""A BPRCNN Based Hand Motion ..."" in an Academia search",2023-08-13T22:37:46+00:00,Capacitive/electric-field sensing and hand-motion interfaces,Historical — Capacitive/electric-field sensing,Secondary or historical match,"Exact-title or topic alert matches genuine older capacitive/hand-motion work or a secondary application, but not the present core identity.",No
Mentioned by Myung Hwan Na premium@academia-mail.com,“Hunmin Lee” cited by “Myung Hwan Na”,2023-08-13T13:37:00+00:00,Generic academic/research,Misrepresenting/too broad — generic or off-profile label,Individually named but unverified,The subject names a citing/mentioning person but the body does not identify the cited work; retain for manual identity verification.,No
Mentioned by Paniz Hosseini premium@academia-mail.com,Are you the “H. Lee” cited in Analytical Chemistry papers?,2023-08-11T11:59:03+00:00,Chemistry/materials/physical sciences,Misrepresenting/too broad — generic or off-profile label,Possible namesake,"The alert relies on H. Lee/name matching or an off-profile field and does not identify a verified paper, author list, venue, or DOI.",No
Mentioned by Myung Hwan Na premium@academia-mail.com,"50% Off, 2 days only: Are you the “Hunmin Lee” cited in Artificial Intelligence papers?",2023-08-10T11:10:21+00:00,Generic AI/ML/computing,Misrepresenting/too broad — generic or off-profile label,Weak keyword matching,"The alert uses only the name plus a broad topic such as computer science, engineering, AI, or gesture recognition, with no verified paper identity.",No
"""Academia.edu"" premium@academia-mail.com","A paper published by a member of the Energy Technologies Area department at Lawrence Berkeley National Laboratory mentions the name ""Hunmin Lee""",2023-08-10T05:07:12+00:00,Generic academic/research,Misrepresenting/too broad — generic or off-profile label,Possible namesake,"The alert relies on H. Lee/name matching or an off-profile field and does not identify a verified paper, author list, venue, or DOI.",No
Lavanya Shukla lavanyashukla@wandb.com,Celebrating a W&B Milestone with You,2023-08-10T03:35:58+00:00,General education or professional development,Misrepresenting/too broad — generic or off-profile label,Generic academic promotion,Generic research-tool or professional-development promotion without project-specific relevance.,No
Routledge Books routledgebooks@email.routledge.com,25% off all Books to Celebrate Book Lover's Day,2023-08-09T08:04:37-06:00,General education or professional development,Misrepresenting/too broad — generic or off-profile label,Generic academic promotion,Recurring book-sale/bestseller campaign with no verified connection to the current research profile.,No
Mentioned by Paniz Hosseini premium@academia-mail.com,Are you the “H. Lee” cited in Sensors papers?,2023-08-08T09:37:51+00:00,Generic academic/research,Misrepresenting/too broad — generic or off-profile label,Possible namesake,"The alert relies on H. Lee/name matching or an off-profile field and does not identify a verified paper, author list, venue, or DOI.",No
Mentioned by In Seop Na premium@academia-mail.com,“Hunmin Lee” cited by “In Seop Na”,2023-08-07T08:53:04+00:00,Generic academic/research,Misrepresenting/too broad — generic or off-profile label,Individually named but unverified,The subject names a citing/mentioning person but the body does not identify the cited work; retain for manual identity verification.,No
Mentioned by Paniz Hosseini premium@academia-mail.com,Are you the “H. Lee” cited in Applied Sciences papers?,2023-08-05T07:22:47+00:00,Generic academic/research,Misrepresenting/too broad — generic or off-profile label,Possible namesake,"The alert relies on H. Lee/name matching or an off-profile field and does not identify a verified paper, author list, venue, or DOI.",No
"""Academia.edu"" premium@academia-mail.com","The name ""Hunmin Lee"" is mentioned in an Engineering paper uploaded to Academia",2023-08-05T03:02:21+00:00,Generic AI/ML/computing,Misrepresenting/too broad — generic or off-profile label,Weak keyword matching,"The alert uses only the name plus a broad topic such as computer science, engineering, AI, or gesture recognition, with no verified paper identity.",No
Mentioned by Sang Kyoon Kim premium@academia-mail.com,“Hunmin Lee” cited by “Sang Kyoon Kim”,2023-08-03T05:56:01+00:00,Generic academic/research,Misrepresenting/too broad — generic or off-profile label,Individually named but unverified,The subject names a citing/mentioning person but the body does not identify the cited work; retain for manual identity verification.,No
Routledge Books routledgebooks@email.routledge.com,Hunmin July's Most Popular Books,2023-08-02T08:03:41-06:00,General education or professional development,Misrepresenting/too broad — generic or off-profile label,Generic academic promotion,Recurring book-sale/bestseller campaign with no verified connection to the current research profile.,No
Mentioned by Paniz Hosseini premium@academia-mail.com,"50% Off, 2 days only - Are you the “H. Lee” cited in Electrical And Electronic Engineering papers?",2023-08-02T05:39:32+00:00,Generic AI/ML/computing,Misrepresenting/too broad — generic or off-profile label,Possible namesake,"The alert relies on H. Lee/name matching or an off-profile field and does not identify a verified paper, author list, venue, or DOI.",No
"""Taylor & Francis"" taylorandfrancis@email.taylorandfrancis.com","""Effect of seat back angle on preferred seat pan inclination for the development of highly automated vehicles"" is ready to read",2023-08-01T17:49:46-06:00,General education or professional development,Misrepresenting/too broad — generic or off-profile label,Generic academic promotion,"Publisher recommendation, survey, or sales campaign; topical overlap is not evidence of research identity.",No
"""Academia.edu"" premium@academia-mail.com",1 person has read your papers,2023-08-01T04:06:48+00:00,Generic academic/research,Misrepresenting/too broad — generic or off-profile label,Generic academic promotion,"Platform upsell, readership/profile metric, search-view notice, or other campaign that does not establish research relevance.",No
Mentioned by Wan Hyun Cho premium@academia-mail.com,“Hunmin Lee” cited by “Wan Hyun Cho”,2023-07-31T03:48:09+00:00,Generic academic/research,Misrepresenting/too broad — generic or off-profile label,Individually named but unverified,The subject names a citing/mentioning person but the body does not identify the cited work; retain for manual identity verification.,No
Mentioned by Paniz Hosseini premium@academia-mail.com,Are you the “H. Lee” cited in Engineering papers?,2023-07-30T03:06:58+00:00,Generic AI/ML/computing,Misrepresenting/too broad — generic or off-profile label,Possible namesake,"The alert relies on H. Lee/name matching or an off-profile field and does not identify a verified paper, author list, venue, or DOI.",No
Mentioned by Myung Hwan Na premium@academia-mail.com,“Hunmin Lee” cited by “Myung Hwan Na”,2023-07-28T01:46:05+00:00,Generic academic/research,Misrepresenting/too broad — generic or off-profile label,Individually named but unverified,The subject names a citing/mentioning person but the body does not identify the cited work; retain for manual identity verification.,No
Routledge Books routledgebooks@email.routledge.com,Materials & Chemical Engineering Highlights,2023-07-27T12:03:47-06:00,Chemistry/materials/physical sciences,Misrepresenting/too broad — generic or off-profile label,Generic academic promotion,Recurring book-sale/bestseller campaign with no verified connection to the current research profile.,No
Mentioned by Myung Hwan Na premium@academia-mail.com,"50% Off, 2 days only: Are you the “Hunmin Lee” cited in Artificial Intelligence papers?",2023-07-24T23:48:28+00:00,Generic AI/ML/computing,Misrepresenting/too broad — generic or off-profile label,Weak keyword matching,"The alert uses only the name plus a broad topic such as computer science, engineering, AI, or gesture recognition, with no verified paper identity.",No
"""Academia.edu"" premium@academia-mail.com","Hunmin Lee and ""A BPRCNN Based Hand Motion Classifier Using Electric Field Sensors"" are mentioned in a paper uploaded to Academia",2023-07-23T09:34:06+00:00,Capacitive/electric-field sensing and hand-motion interfaces,Historical — Capacitive/electric-field sensing,Secondary or historical match,"Exact-title or topic alert matches genuine older capacitive/hand-motion work or a secondary application, but not the present core identity.",No
Mentioned by Paniz Hosseini premium@academia-mail.com,Are you the “H. Lee” cited in Computer Science papers?,2023-07-22T22:32:36+00:00,Generic AI/ML/computing,Misrepresenting/too broad — generic or off-profile label,Possible namesake,"The alert relies on H. Lee/name matching or an off-profile field and does not identify a verified paper, author list, venue, or DOI.",No
Routledge Books routledgebooks@email.routledge.com,"Request an Inspection Copy | Juvenile Justice: An Introduction, 10th Edition",2023-07-21T01:55:49-06:00,General education or professional development,Misrepresenting/too broad — generic or off-profile label,Generic academic promotion,Recurring book-sale/bestseller campaign with no verified connection to the current research profile.,No
"""Taylor & Francis"" taylorandfrancis@email.taylorandfrancis.com",REMINDER: An invitation to apply for roles on Cybernetics and Systems.,2023-07-20T12:01:49-06:00,General education or professional development,Misrepresenting/too broad — generic or off-profile label,Generic academic promotion,"Publisher recommendation, survey, or sales campaign; topical overlap is not evidence of research identity.",No
"""Academia.edu"" premium@academia-mail.com","A paper published by a member of the Mechanical Engineering department at University of Tehran mentions the name ""Hunmin Lee""",2023-07-19T09:40:36+00:00,Generic AI/ML/computing,Misrepresenting/too broad — generic or off-profile label,Possible namesake,"The alert relies on H. Lee/name matching or an off-profile field and does not identify a verified paper, author list, venue, or DOI.",No
"""Taylor & Francis"" taylorandfrancis@email.taylorandfrancis.com","""An Adaptive Approach for Compression Format Based on Bagging Algorithm"" is ready to read",2023-07-18T15:34:22-06:00,General education or professional development,Misrepresenting/too broad — generic or off-profile label,Generic academic promotion,"Publisher recommendation, survey, or sales campaign; topical overlap is not evidence of research identity.",No
Mentioned by Myung Hwan Na premium@academia-mail.com,"50% Off, 2 days only: Are you the “Hunmin Lee” mentioned in Artificial Intelligence papers?",2023-07-16T18:54:45+00:00,Generic AI/ML/computing,Misrepresenting/too broad — generic or off-profile label,Weak keyword matching,"The alert uses only the name plus a broad topic such as computer science, engineering, AI, or gesture recognition, with no verified paper identity.",No
"""Academia.edu"" premium@academia-mail.com","The name ""Hunmin Lee"" is mentioned in a PDF uploaded to Academia by WON-JUN JO",2023-07-14T05:59:18+00:00,Generic academic/research,Misrepresenting/too broad — generic or off-profile label,Weak keyword matching,"The alert uses only the name plus a broad topic such as computer science, engineering, AI, or gesture recognition, with no verified paper identity.",No
"""Academia.edu"" premium@academia-mail.com","Hunmin Lee and ""Real-time Interface Control with Motion Gesture Recognition based on Non-contact Capacitive Sensing"" are mentioned in a paper uploaded to Academia",2023-07-10T09:06:23+00:00,Capacitive/electric-field sensing and hand-motion interfaces,Historical — Capacitive/electric-field sensing,Secondary or historical match,"Exact-title or topic alert matches genuine older capacitive/hand-motion work or a secondary application, but not the present core identity.",No
"""Taylor & Francis"" taylorandfrancis@email.taylorandfrancis.com","""Effects of high heels on medial tibiofemoral cartilage mechanics; an exploration using musculoskeletal simulation and a probabilistic cartilage failure model."" is ready to read",2023-07-04T14:54:35-06:00,General education or professional development,Misrepresenting/too broad — generic or off-profile label,Generic academic promotion,"Publisher recommendation, survey, or sales campaign; topical overlap is not evidence of research identity.",No
Routledge Books routledgebooks@email.routledge.com,"Hunmin, Buy 1 Get 20% Off or Buy 2 or more & Get 25% Off",2023-07-04T07:01:19-06:00,General education or professional development,Misrepresenting/too broad — generic or off-profile label,Generic academic promotion,Recurring book-sale/bestseller campaign with no verified connection to the current research profile.,No
"""Academia.edu"" premium@academia-mail.com","A paper published by a member of the Energy Technologies Area department at Lawrence Berkeley National Laboratory mentions the name ""Hunmin Lee""",2023-07-01T10:11:05+00:00,Generic academic/research,Misrepresenting/too broad — generic or off-profile label,Possible namesake,"The alert relies on H. Lee/name matching or an off-profile field and does not identify a verified paper, author list, venue, or DOI.",No
Mentioned by WON-JUN JO premium@academia-mail.com,Congratulations on your 5th Mention! Get 50% off now. Are you the “Hunmin Lee” mentioned in Engineering papers?,2023-06-30T11:10:02+00:00,Generic AI/ML/computing,Misrepresenting/too broad — generic or off-profile label,Weak keyword matching,"The alert uses only the name plus a broad topic such as computer science, engineering, AI, or gesture recognition, with no verified paper identity.",No
"""DeepLearning.AI"" no-reply@m.mail.coursera.org",Live now: AI for Good Specialization,2023-06-29T18:57:38+00:00,Generic AI/ML/computing,Misrepresenting/too broad — generic or off-profile label,Generic academic promotion,"Course, competition, or scholarship marketing; potentially skill-related when current, but not evidence of the research profile.",No
"""DeepLearning.AI"" no-reply@m.mail.coursera.org",New course with AWS: Generative AI with Large Language Models now available!,2023-06-28T20:13:42+00:00,Generic AI/ML/computing,Misrepresenting/too broad — generic or off-profile label,Generic academic promotion,"Course, competition, or scholarship marketing; potentially skill-related when current, but not evidence of the research profile.",No
"""Academia.edu"" premium@academia-mail.com","Hunmin Lee and ""A BPRCNN Based Hand Motion Classifier Using Electric Field Sensors"" are mentioned in a paper uploaded to Academia",2023-06-27T04:49:54+00:00,Capacitive/electric-field sensing and hand-motion interfaces,Historical — Capacitive/electric-field sensing,Secondary or historical match,"Exact-title or topic alert matches genuine older capacitive/hand-motion work or a secondary application, but not the present core identity.",No
"""Taylor & Francis"" taylorandfrancis@email.taylorandfrancis.com","""Virtual Metrology in Long Batch Processes using Machine Learning"" is ready to read",2023-06-23T18:34:26-06:00,Generic AI/ML/computing,Misrepresenting/too broad — generic or off-profile label,Generic academic promotion,"Publisher recommendation, survey, or sales campaign; topical overlap is not evidence of research identity.",No
Mentioned by Neng Wan premium@academia-mail.com,“Hunmin Lee”: Are you the “Hunmin Lee” mentioned in arXiv papers?,2023-06-18T20:42:39+00:00,Generic academic/research,Misrepresenting/too broad — generic or off-profile label,Weak keyword matching,"The alert uses only the name plus a broad topic such as computer science, engineering, AI, or gesture recognition, with no verified paper identity.",No
"""Academia.edu"" premium@academia-mail.com","Hunmin Lee and ""Real-time Interface Control with Motion Gesture Recognition based on Non-contact Capacitive Sensing"" are mentioned in a paper uploaded to Academia",2023-06-16T06:14:25+00:00,Capacitive/electric-field sensing and hand-motion interfaces,Historical — Capacitive/electric-field sensing,Secondary or historical match,"Exact-title or topic alert matches genuine older capacitive/hand-motion work or a secondary application, but not the present core identity.",No
Mentioned by Paniz Hosseini premium@academia-mail.com,"50% Off, 2 days only - Your paper Real-time Interface Control... was mentioned by a Computer Science paper",2023-06-15T06:01:06+00:00,Capacitive/electric-field sensing and hand-motion interfaces,Historical — Capacitive/electric-field sensing,Secondary or historical match,"Exact-title or topic alert matches genuine older capacitive/hand-motion work or a secondary application, but not the present core identity.",No
Routledge Books routledgebooks@email.routledge.com,"Hunmin, Get 30% Off eBooks",2023-06-13T07:03:23-06:00,General education or professional development,Misrepresenting/too broad — generic or off-profile label,Generic academic promotion,Recurring book-sale/bestseller campaign with no verified connection to the current research profile.,No
"""Academia.edu"" premium@academia-mail.com","The name ""Hunmin Lee"" is mentioned in a Computer Science paper uploaded to Academia",2023-06-12T09:19:15+00:00,Generic AI/ML/computing,Misrepresenting/too broad — generic or off-profile label,Weak keyword matching,"The alert uses only the name plus a broad topic such as computer science, engineering, AI, or gesture recognition, with no verified paper identity.",No
Routledge Books routledgebooks@email.routledge.com,25% Off Hardback Best Sellers,2023-06-12T07:02:06-06:00,General education or professional development,Misrepresenting/too broad — generic or off-profile label,Generic academic promotion,Recurring book-sale/bestseller campaign with no verified connection to the current research profile.,No
"""Academia.edu"" premium@academia-mail.com","A paper published by a member of the Mechanical Engineering department at University of Tehran mentions the name ""Hunmin Lee""",2023-06-08T05:27:23+00:00,Generic AI/ML/computing,Misrepresenting/too broad — generic or off-profile label,Possible namesake,"The alert relies on H. Lee/name matching or an off-profile field and does not identify a verified paper, author list, venue, or DOI.",No
"""Academia.edu"" premium@academia-mail.com",A Beautiful Showcase for Your Research,2023-06-02T07:44:22+00:00,Generic academic/research,Misrepresenting/too broad — generic or off-profile label,Generic academic promotion,"Platform upsell, readership/profile metric, search-view notice, or other campaign that does not establish research relevance.",No
Routledge Books routledgebooks@email.routledge.com,25% Off Environment & Sustainability Titles,2023-06-01T07:06:31-06:00,General education or professional development,Misrepresenting/too broad — generic or off-profile label,Generic academic promotion,Recurring book-sale/bestseller campaign with no verified connection to the current research profile.,No
Mentioned by Myung Hwan Na premium@academia-mail.com,"50% Off, 2 days only: Are you the “Hunmin Lee” cited in Artificial Intelligence papers?",2023-05-31T03:13:08+00:00,Generic AI/ML/computing,Misrepresenting/too broad — generic or off-profile label,Weak keyword matching,"The alert uses only the name plus a broad topic such as computer science, engineering, AI, or gesture recognition, with no verified paper identity.",No
Georgia State Graduate Studies GeorgiaState@info.grad.gsu.edu,You can still get started this fall. Apply by 6/1!,2023-05-30T13:04:26+00:00,Generic academic/research,Misrepresenting/too broad — generic or off-profile label,Generic academic promotion,Generic education or admissions promotion that is outdated or mismatched to the current PhD/research-career stage.,No
"""Taylor & Francis"" taylorandfrancis@email.taylorandfrancis.com",An invitation to apply for roles on Cybernetics and Systems.,2023-05-26T11:01:51-06:00,General education or professional development,Misrepresenting/too broad — generic or off-profile label,Generic academic promotion,"Publisher recommendation, survey, or sales campaign; topical overlap is not evidence of research identity.",No
Georgia State Graduate Studies GeorgiaState@info.grad.gsu.edu,One week left to apply for the fall term,2023-05-25T13:05:13+00:00,Generic academic/research,Misrepresenting/too broad — generic or off-profile label,Generic academic promotion,Generic education or admissions promotion that is outdated or mismatched to the current PhD/research-career stage.,No
"""Taylor & Francis"" taylorandfrancis@email.taylorandfrancis.com",An invitation to apply for roles on Brain-Apparatus Communication: A Journal of Bacomics.,2023-05-24T11:03:15-06:00,Generic academic/research,Misrepresenting/too broad — generic or off-profile label,Generic academic promotion,"Publisher recommendation, survey, or sales campaign; topical overlap is not evidence of research identity.",No
Routledge Books routledgebooks@email.routledge.com,25% Off All Titles,2023-05-24T07:05:56-06:00,General education or professional development,Misrepresenting/too broad — generic or off-profile label,Generic academic promotion,Recurring book-sale/bestseller campaign with no verified connection to the current research profile.,No
Routledge Books routledgebooks@email.routledge.com,25% Off All Titles,2023-05-24T06:02:09-06:00,General education or professional development,Misrepresenting/too broad — generic or off-profile label,Generic academic promotion,Recurring book-sale/bestseller campaign with no verified connection to the current research profile.,No
"""Academia.edu"" premium@academia-mail.com","Hunmin Lee and ""A BPRCNN Based Hand Motion Classifier Using Electric Field Sensors"" are mentioned in a paper uploaded to Academia",2023-05-24T05:28:21+00:00,Capacitive/electric-field sensing and hand-motion interfaces,Historical — Capacitive/electric-field sensing,Secondary or historical match,"Exact-title or topic alert matches genuine older capacitive/hand-motion work or a secondary application, but not the present core identity.",No
"""Taylor & Francis"" taylorandfrancis@email.taylorandfrancis.com","""A proactive decision support tool for road safety audit of new Highway projects based on crash modification factors and analytical analysis: Algeria as a Case Study"" is ready to read",2023-05-23T14:58:24-06:00,General education or professional development,Misrepresenting/too broad — generic or off-profile label,Generic academic promotion,"Publisher recommendation, survey, or sales campaign; topical overlap is not evidence of research identity.",No
"""Academia.edu"" premium@academia-mail.com","The name ""H. Lee"" is mentioned in a PDF uploaded to Academia by Paniz Hosseini",2023-05-20T07:49:02+00:00,Generic academic/research,Misrepresenting/too broad — generic or off-profile label,Possible namesake,"The alert relies on H. Lee/name matching or an off-profile field and does not identify a verified paper, author list, venue, or DOI.",No
Georgia State Graduate Studies GeorgiaState@info.grad.gsu.edu,"Apply by June 1, ??",2023-05-19T20:07:11+00:00,Generic AI/ML/computing,Misrepresenting/too broad — generic or off-profile label,Generic academic promotion,Generic education or admissions promotion that is outdated or mismatched to the current PhD/research-career stage.,No
"""Academia.edu"" premium@academia-mail.com",Last chance. 50% off the improved Academia Premium.,2023-05-18T10:08:36+00:00,Generic academic/research,Misrepresenting/too broad — generic or off-profile label,Generic academic promotion,"Platform upsell, readership/profile metric, search-view notice, or other campaign that does not establish research relevance.",No
"""DeepLearning.AI"" no-reply@m.mail.coursera.org",Learn how to use AI for Good. Pre-enrollment for our new specialization is now available! 🌍,2023-05-17T21:26:21+00:00,Generic AI/ML/computing,Misrepresenting/too broad — generic or off-profile label,Generic academic promotion,"Course, competition, or scholarship marketing; potentially skill-related when current, but not evidence of the research profile.",No
Mentioned by Won Jun Jo premium@academia-mail.com,"50% Off, 2 days only: Are you the “Hunmin Lee” mentioned in Engineering papers?",2023-05-16T16:45:01+00:00,Generic AI/ML/computing,Misrepresenting/too broad — generic or off-profile label,Weak keyword matching,"The alert uses only the name plus a broad topic such as computer science, engineering, AI, or gesture recognition, with no verified paper identity.",No
"""Weights & Biases"" wandb@mail.wandb.ai",Introducing Prompts | The LLM solution from Weights & Biases,2023-05-15T12:03:53-05:00,General education or professional development,Misrepresenting/too broad — generic or off-profile label,Generic academic promotion,Generic research-tool or professional-development promotion without project-specific relevance.,No
Routledge Books routledgebooks@email.routledge.com,30% Off All eBooks Is Now Live,2023-05-15T11:03:41-06:00,General education or professional development,Misrepresenting/too broad — generic or off-profile label,Generic academic promotion,Recurring book-sale/bestseller campaign with no verified connection to the current research profile.,No
"""Academia.edu"" premium@academia-mail.com","A paper published by a member of the Mechanical Engineering department at University of Tehran mentions the name ""Hunmin Lee""",2023-05-15T03:49:18+00:00,Generic AI/ML/computing,Misrepresenting/too broad — generic or off-profile label,Possible namesake,"The alert relies on H. Lee/name matching or an off-profile field and does not identify a verified paper, author list, venue, or DOI.",No
"""Academia.edu"" premium@academia-mail.com",12 hours left. 50% off the improved Academia Premium.,2023-05-13T06:59:53+00:00,Generic academic/research,Misrepresenting/too broad — generic or off-profile label,Generic academic promotion,"Platform upsell, readership/profile metric, search-view notice, or other campaign that does not establish research relevance.",No
"""Academia.edu"" premium@academia-mail.com",1 person has read your papers,2023-05-10T10:56:28+00:00,Generic academic/research,Misrepresenting/too broad — generic or off-profile label,Generic academic promotion,"Platform upsell, readership/profile metric, search-view notice, or other campaign that does not establish research relevance.",No
"""Taylor & Francis"" taylorandfrancis@email.taylorandfrancis.com","""Forecasting in the Fashion Industry: A Model for Minimizing Supply-Chain Costs"" is ready to read",2023-05-09T14:55:47-06:00,General education or professional development,Misrepresenting/too broad — generic or off-profile label,Generic academic promotion,"Publisher recommendation, survey, or sales campaign; topical overlap is not evidence of research identity.",No
"""Academia.edu"" premium@academia-mail.com",Last day. 50% off the improved Academia Premium.,2023-05-08T09:42:27+00:00,Generic academic/research,Misrepresenting/too broad — generic or off-profile label,Generic academic promotion,"Platform upsell, readership/profile metric, search-view notice, or other campaign that does not establish research relevance.",No
Coursera no-reply@m.mail.coursera.org,Conoce la universidad No. 1 de Colombia,2023-05-06T00:37:10+00:00,General education or professional development,Misrepresenting/too broad — generic or off-profile label,Generic academic promotion,"Course, competition, or scholarship marketing; potentially skill-related when current, but not evidence of the research profile.",No
Routledge Books routledgebooks@email.routledge.com,25% Off Paperbacks & Hardbacks,2023-05-04T08:12:17-06:00,Generic academic/research,Misrepresenting/too broad — generic or off-profile label,Generic academic promotion,Recurring book-sale/bestseller campaign with no verified connection to the current research profile.,No
"""Academia.edu"" premium@academia-mail.com",“Hunmin Lee” is mentioned in this PDF recently read by 2 people,2023-05-04T03:15:23+00:00,Generic academic/research,Misrepresenting/too broad — generic or off-profile label,Weak keyword matching,"The alert uses only the name plus a broad topic such as computer science, engineering, AI, or gesture recognition, with no verified paper identity.",No
Routledge Books routledgebooks@email.routledge.com,30% Off All eBooks Is Now Live,2023-05-03T07:02:40-06:00,General education or professional development,Misrepresenting/too broad — generic or off-profile label,Generic academic promotion,Recurring book-sale/bestseller campaign with no verified connection to the current research profile.,No
"""Academia.edu"" premium@academia-mail.com",2 days left. 50% off the improved Academia Premium.,2023-05-03T04:12:09+00:00,Generic academic/research,Misrepresenting/too broad — generic or off-profile label,Generic academic promotion,"Platform upsell, readership/profile metric, search-view notice, or other campaign that does not establish research relevance.",No
"""Academia.edu"" premium@academia-mail.com","A paper published by a member of the Mechanical Engineering department at University of Tehran mentions the name ""Hunmin Lee""",2023-04-30T05:07:03+00:00,Generic AI/ML/computing,Misrepresenting/too broad — generic or off-profile label,Possible namesake,"The alert relies on H. Lee/name matching or an off-profile field and does not identify a verified paper, author list, venue, or DOI.",No
Mentioned by Paniz Hosseini premium@academia-mail.com,"50% Off, 2 days only - Are you the “Hunmin Lee” mentioned in Capacitive Sensing papers?",2023-04-29T16:53:24+00:00,Capacitive/electric-field sensing and hand-motion interfaces,Historical — Capacitive/electric-field sensing,Secondary or historical match,"Exact-title or topic alert matches genuine older capacitive/hand-motion work or a secondary application, but not the present core identity.",No
"""Taylor & Francis"" taylorandfrancis@email.taylorandfrancis.com","""Handwriting on touch screens through fingers and stylus: Investigating the optimal size of the input box for younger and older adults"" is ready to read",2023-04-25T16:00:50-06:00,General education or professional development,Misrepresenting/too broad — generic or off-profile label,Generic academic promotion,"Publisher recommendation, survey, or sales campaign; topical overlap is not evidence of research identity.",No
Routledge Books routledgebooks@email.routledge.com,20% Off All Titles,2023-04-25T09:01:46-06:00,General education or professional development,Misrepresenting/too broad — generic or off-profile label,Generic academic promotion,Recurring book-sale/bestseller campaign with no verified connection to the current research profile.,No
"""Taylor & Francis"" taylorandfrancis@email.taylorandfrancis.com",REMINDER: An invitation to apply for roles on Journal of Sports Science. 🏃,2023-04-21T11:01:55-06:00,Generic academic/research,Misrepresenting/too broad — generic or off-profile label,Generic academic promotion,"Publisher recommendation, survey, or sales campaign; topical overlap is not evidence of research identity.",No
"""Academia.edu"" premium@academia-mail.com","The name ""Hunmin Lee"" is mentioned in a paper published in Electronics",2023-04-20T10:47:36+00:00,Generic academic/research,Misrepresenting/too broad — generic or off-profile label,Weak keyword matching,"The alert uses only the name plus a broad topic such as computer science, engineering, AI, or gesture recognition, with no verified paper identity.",No
Routledge Books routledgebooks@email.routledge.com,20% Off All Titles,2023-04-20T07:00:39-06:00,General education or professional development,Misrepresenting/too broad — generic or off-profile label,Generic academic promotion,Recurring book-sale/bestseller campaign with no verified connection to the current research profile.,No
"""Academia.edu"" premium@academia-mail.com","Hunmin Lee and ""Real-time Interface Control with Motion Gesture Recognition based on Non-contact Capacitive Sensing"" are mentioned in a paper uploaded to Academia",2023-04-16T06:25:03+00:00,Capacitive/electric-field sensing and hand-motion interfaces,Historical — Capacitive/electric-field sensing,Secondary or historical match,"Exact-title or topic alert matches genuine older capacitive/hand-motion work or a secondary application, but not the present core identity.",No
Mentioned by Neng Wan premium@academia-mail.com,"50% Off, 2 days only: Are you the “H. Lee” mentioned in Computer Science papers?",2023-04-13T07:31:01+00:00,Generic AI/ML/computing,Misrepresenting/too broad — generic or off-profile label,Possible namesake,"The alert relies on H. Lee/name matching or an off-profile field and does not identify a verified paper, author list, venue, or DOI.",No
Routledge Books routledgebooks@email.routledge.com,20% Off All Titles,2023-04-12T07:01:34-06:00,General education or professional development,Misrepresenting/too broad — generic or off-profile label,Generic academic promotion,Recurring book-sale/bestseller campaign with no verified connection to the current research profile.,No
"""Academia.edu"" premium@academia-mail.com","The name ""Hunmin Lee"" is mentioned in 2 papers",2023-04-12T06:31:37+00:00,Generic academic/research,Misrepresenting/too broad — generic or off-profile label,Weak keyword matching,"The alert uses only the name plus a broad topic such as computer science, engineering, AI, or gesture recognition, with no verified paper identity.",No
"""Taylor & Francis"" taylorandfrancis@email.taylorandfrancis.com","""Evaluating supply chain resilience using supply chain management competencies in the garment industry: A post COVID analysis"" is ready to read",2023-04-11T15:00:43-06:00,General education or professional development,Misrepresenting/too broad — generic or off-profile label,Generic academic promotion,"Publisher recommendation, survey, or sales campaign; topical overlap is not evidence of research identity.",No
"""Academia.edu"" premium@academia-mail.com","A paper published by a member of the Mechanical Engineering department at University of Tehran mentions the name ""Hunmin Lee""",2023-04-08T07:04:55+00:00,Generic AI/ML/computing,Misrepresenting/too broad — generic or off-profile label,Possible namesake,"The alert relies on H. Lee/name matching or an off-profile field and does not identify a verified paper, author list, venue, or DOI.",No
"""Academia.edu"" premium@academia-mail.com","Someone saw ""A BPRCNN Based Hand Motion ..."" in an Academia search",2023-04-08T01:46:56+00:00,Capacitive/electric-field sensing and hand-motion interfaces,Historical — Capacitive/electric-field sensing,Secondary or historical match,"Exact-title or topic alert matches genuine older capacitive/hand-motion work or a secondary application, but not the present core identity.",No
Routledge Books routledgebooks@email.routledge.com,20% Off All Titles,2023-04-04T08:00:42-06:00,General education or professional development,Misrepresenting/too broad — generic or off-profile label,Generic academic promotion,Recurring book-sale/bestseller campaign with no verified connection to the current research profile.,No
Routledge Books routledgebooks@email.routledge.com,Interested in receiving free resources to help you at every stage of your career?,2023-04-04T07:33:40-06:00,General education or professional development,Misrepresenting/too broad — generic or off-profile label,Generic academic promotion,Recurring book-sale/bestseller campaign with no verified connection to the current research profile.,No
"""Academia.edu"" premium@academia-mail.com","Hunmin Lee and ""A BPRCNN Based Hand Motion Classifier Using Electric Field Sensors"" are mentioned in a paper recently uploaded to Academia",2023-04-03T10:39:22+00:00,Capacitive/electric-field sensing and hand-motion interfaces,Historical — Capacitive/electric-field sensing,Secondary or historical match,"Exact-title or topic alert matches genuine older capacitive/hand-motion work or a secondary application, but not the present core identity.",No
Georgia State Graduate Studies GeorgiaState@info.grad.gsu.edu,Apply today to make your fall master's degree deadline,2023-04-01T14:07:58+00:00,Generic academic/research,Misrepresenting/too broad — generic or off-profile label,Generic academic promotion,Generic education or admissions promotion that is outdated or mismatched to the current PhD/research-career stage.,No
Georgia State Graduate Studies GeorgiaState@info.grad.gsu.edu,Be sure to make your deadline for fall enrollment!,2023-03-30T14:09:08+00:00,General education or professional development,Misrepresenting/too broad — generic or off-profile label,Generic academic promotion,Generic education or admissions promotion that is outdated or mismatched to the current PhD/research-career stage.,No
Routledge Books routledgebooks@email.routledge.com,Would you like to receive complimetary inspection copies?,2023-03-30T07:18:40-06:00,General education or professional development,Misrepresenting/too broad — generic or off-profile label,Generic academic promotion,Recurring book-sale/bestseller campaign with no verified connection to the current research profile.,No
"""Taylor & Francis"" taylorandfrancis@email.taylorandfrancis.com",An invitation to apply for roles on Journal of Sports Science. 🏃,2023-03-30T04:33:17-06:00,Generic academic/research,Misrepresenting/too broad — generic or off-profile label,Generic academic promotion,"Publisher recommendation, survey, or sales campaign; topical overlap is not evidence of research identity.",No
Mentioned by Won Jun Jo premium@academia-mail.com,"50% Off, 2 days only: Are you the “Lee, Hunmin” mentioned in Engineering papers?",2023-03-30T00:32:05+00:00,Generic AI/ML/computing,Misrepresenting/too broad — generic or off-profile label,Weak keyword matching,"The alert uses only the name plus a broad topic such as computer science, engineering, AI, or gesture recognition, with no verified paper identity.",No
"""DeepLearning.AI"" no-reply@m.mail.coursera.org",The TL;DR on beginner-friendly specializations,2023-03-28T20:08:42+00:00,General education or professional development,Misrepresenting/too broad — generic or off-profile label,Generic academic promotion,"Course, competition, or scholarship marketing; potentially skill-related when current, but not evidence of the research profile.",No
"""Taylor & Francis"" taylorandfrancis@email.taylorandfrancis.com","""Processes and events in the center: a taxi trajectory-based approach to detecting traffic congestion and analyzing its causes"" is ready to read",2023-03-28T15:51:34-06:00,General education or professional development,Misrepresenting/too broad — generic or off-profile label,Generic academic promotion,"Publisher recommendation, survey, or sales campaign; topical overlap is not evidence of research identity.",No
Georgia State Graduate Studies GeorgiaState@info.grad.gsu.edu,Apply by 4/1 so you don't miss your master's program deadline,2023-03-25T13:06:24+00:00,Generic academic/research,Misrepresenting/too broad — generic or off-profile label,Generic academic promotion,Generic education or admissions promotion that is outdated or mismatched to the current PhD/research-career stage.,No
"""Academia.edu"" premium@academia-mail.com","Hunmin Lee and ""Real-time Interface Control with Motion Gesture Recognition based on Non-contact Capacitive Sensing"" are mentioned in a paper uploaded to Academia",2023-03-25T09:05:49+00:00,Capacitive/electric-field sensing and hand-motion interfaces,Historical — Capacitive/electric-field sensing,Secondary or historical match,"Exact-title or topic alert matches genuine older capacitive/hand-motion work or a secondary application, but not the present core identity.",No
"""Academia.edu"" premium@academia-mail.com","A paper published by a member of the Mechanical Engineering department at University of Tehran mentions the name ""Hunmin Lee""",2023-03-21T07:50:40+00:00,Generic AI/ML/computing,Misrepresenting/too broad — generic or off-profile label,Possible namesake,"The alert relies on H. Lee/name matching or an off-profile field and does not identify a verified paper, author list, venue, or DOI.",No
"""Academia.edu"" premium@academia-mail.com",⏰ Final hours! Get 50% off Academia Premium,2023-03-19T20:19:38+00:00,Generic academic/research,Misrepresenting/too broad — generic or off-profile label,Generic academic promotion,"Platform upsell, readership/profile metric, search-view notice, or other campaign that does not establish research relevance.",No
"""Academia.edu Membership"" premium@academia-mail.com",24 hours left: Get 50% off Academia Premium,2023-03-19T08:04:13+00:00,Generic academic/research,Misrepresenting/too broad — generic or off-profile label,Generic academic promotion,"Platform upsell, readership/profile metric, search-view notice, or other campaign that does not establish research relevance.",No
"""Academia.edu Membership"" premium@academia-mail.com",48 hours only: Get 50% off Academia Premium,2023-03-18T19:53:42+00:00,Generic AI/ML/computing,Misrepresenting/too broad — generic or off-profile label,Generic academic promotion,"Platform upsell, readership/profile metric, search-view notice, or other campaign that does not establish research relevance.",No
Georgia State Graduate Studies GeorgiaState@info.grad.gsu.edu,Many of our master's programs have deadlines coming up soon!,2023-03-18T13:06:40+00:00,Generic academic/research,Misrepresenting/too broad — generic or off-profile label,Generic academic promotion,Generic education or admissions promotion that is outdated or mismatched to the current PhD/research-career stage.,No
"""Academia.edu Membership"" premium@academia-mail.com","Hunmin, just one final step",2023-03-18T07:53:42+00:00,Generic academic/research,Misrepresenting/too broad — generic or off-profile label,Generic academic promotion,"Platform upsell, readership/profile metric, search-view notice, or other campaign that does not establish research relevance.",No
Books and Journals info@email.taylorandfrancis.com,"REMINDER: Editor-in-Chief required for a new fully open access journal, Applied Engineering. DEADLINE: 19 March ⏰",2023-03-17T11:01:55-06:00,Generic AI/ML/computing,Misrepresenting/too broad — generic or off-profile label,Generic academic promotion,"Publisher recommendation, survey, or sales campaign; topical overlap is not evidence of research identity.",No
"""Academia.edu"" premium@academia-mail.com","The name ""Hunmin Lee"" is mentioned in a paper published in Electronics",2023-03-16T10:18:14+00:00,Generic academic/research,Misrepresenting/too broad — generic or off-profile label,Weak keyword matching,"The alert uses only the name plus a broad topic such as computer science, engineering, AI, or gesture recognition, with no verified paper identity.",No
"""Taylor & Francis"" taylorandfrancis@email.taylorandfrancis.com","""Impulse noise measurement in view of noise hazard assessment and use of hearing protectors"" is ready to read",2023-03-14T15:58:03-06:00,General education or professional development,Misrepresenting/too broad — generic or off-profile label,Generic academic promotion,"Publisher recommendation, survey, or sales campaign; topical overlap is not evidence of research identity.",No
Routledge Books routledgebooks@email.routledge.com,25% Off Science & Technology Titles,2023-03-14T05:32:13-06:00,General education or professional development,Misrepresenting/too broad — generic or off-profile label,Generic academic promotion,Recurring book-sale/bestseller campaign with no verified connection to the current research profile.,No
"""Academia.edu"" premium@academia-mail.com","The name ""Hunmin Lee"" is mentioned in 2 papers",2023-03-12T03:20:47+00:00,Generic academic/research,Misrepresenting/too broad — generic or off-profile label,Weak keyword matching,"The alert uses only the name plus a broad topic such as computer science, engineering, AI, or gesture recognition, with no verified paper identity.",No
Routledge Books routledgebooks@email.routledge.com,25% Off All Titles,2023-03-08T10:03:24-06:00,General education or professional development,Misrepresenting/too broad — generic or off-profile label,Generic academic promotion,Recurring book-sale/bestseller campaign with no verified connection to the current research profile.,No
"""Academia.edu"" premium@academia-mail.com","Hunmin Lee and ""A BPRCNN Based Hand Motion Classifier Using Electric Field Sensors"" are mentioned in a paper recently uploaded to Academia",2023-03-08T09:39:24+00:00,Capacitive/electric-field sensing and hand-motion interfaces,Historical — Capacitive/electric-field sensing,Secondary or historical match,"Exact-title or topic alert matches genuine older capacitive/hand-motion work or a secondary application, but not the present core identity.",No
Morgan McGuire morgan@email.wandb.com,Weights & Biases | All the Academic initiatives!,2023-03-07T14:23:29+00:00,Generic AI/ML/computing,Misrepresenting/too broad — generic or off-profile label,Generic academic promotion,Generic research-tool or professional-development promotion without project-specific relevance.,No
"""Academia.edu"" premium@academia-mail.com","A paper published by a member of the Mechanical Engineering department at University of Tehran mentions the name ""Hunmin Lee""",2023-03-04T03:02:47+00:00,Generic AI/ML/computing,Misrepresenting/too broad — generic or off-profile label,Possible namesake,"The alert relies on H. Lee/name matching or an off-profile field and does not identify a verified paper, author list, venue, or DOI.",No
"""Weights & Biases Events"" events@email.wandb.com","Invitation: Weights & Biases User Conference, Fully Connected",2023-03-02T16:00:43+00:00,General education or professional development,Misrepresenting/too broad — generic or off-profile label,Generic academic promotion,Generic research-tool or professional-development promotion without project-specific relevance.,No
Routledge Books routledgebooks@email.routledge.com,25% Off eBooks Is Ending,2023-03-01T10:02:54-06:00,General education or professional development,Misrepresenting/too broad — generic or off-profile label,Generic academic promotion,Recurring book-sale/bestseller campaign with no verified connection to the current research profile.,No
Georgia State Graduate Studies GeorgiaState@info.grad.gsu.edu,More than 150 graduate programs,2023-02-28T19:27:10+00:00,Biomedical analytics,Secondary — Graph/interpretable biomedical ML,Generic academic promotion,Generic education or admissions promotion that is outdated or mismatched to the current PhD/research-career stage.,No
"""Taylor & Francis"" taylorandfrancis@email.taylorandfrancis.com","""Situational Support and Information Security Behavioural Intention: A comparative study using Conservation of Resources Theory"" is ready to read",2023-02-28T16:15:30-06:00,General education or professional development,Misrepresenting/too broad — generic or off-profile label,Generic academic promotion,"Publisher recommendation, survey, or sales campaign; topical overlap is not evidence of research identity.",No
"""Academia.edu"" premium@academia-mail.com","Hunmin Lee and ""Real-time Interface Control with Motion Gesture Recognition based on Non-contact Capacitive Sensing"" are mentioned in a paper recently uploaded to Academia",2023-02-24T03:43:36+00:00,Capacitive/electric-field sensing and hand-motion interfaces,Historical — Capacitive/electric-field sensing,Secondary or historical match,"Exact-title or topic alert matches genuine older capacitive/hand-motion work or a secondary application, but not the present core identity.",No
"""Academia.edu"" premium@academia-mail.com","The name ""Hunmin Lee"" is mentioned in a paper published in Electronics",2023-02-20T03:25:13+00:00,Generic academic/research,Misrepresenting/too broad — generic or off-profile label,Weak keyword matching,"The alert uses only the name plus a broad topic such as computer science, engineering, AI, or gesture recognition, with no verified paper identity.",No
Mentioned by Myung Hwan Na premium@academia-mail.com,“Hunmin Lee”: The name “Hunmin Lee” was mentioned in a paper found by Academia written by Myung Hwan Na,2023-02-16T14:42:57+00:00,Generic academic/research,Misrepresenting/too broad — generic or off-profile label,Weak keyword matching,"The alert uses only the name plus a broad topic such as computer science, engineering, AI, or gesture recognition, with no verified paper identity.",No
Georgia State Graduate Studies GeorgiaState@info.grad.gsu.edu,Apply to Georgia State today!,2023-02-15T15:31:53+00:00,Generic academic/research,Misrepresenting/too broad — generic or off-profile label,Generic academic promotion,Generic education or admissions promotion that is outdated or mismatched to the current PhD/research-career stage.,No
"""Academia.edu"" premium@academia-mail.com","A paper published by a member of the Mechanical Engineering department at University of Tehran mentions the name ""Hunmin Lee""",2023-02-15T08:48:51+00:00,Generic AI/ML/computing,Misrepresenting/too broad — generic or off-profile label,Possible namesake,"The alert relies on H. Lee/name matching or an off-profile field and does not identify a verified paper, author list, venue, or DOI.",No
Routledge Books routledgebooks@email.routledge.com,25% Off All Print Titles,2023-02-15T07:31:53-06:00,General education or professional development,Misrepresenting/too broad — generic or off-profile label,Generic academic promotion,Recurring book-sale/bestseller campaign with no verified connection to the current research profile.,No
"""Taylor & Francis"" taylorandfrancis@email.taylorandfrancis.com","""Deep learning-based model using DensNet201 for Mobile User Interface Evaluation"" is ready to read",2023-02-14T18:16:19-06:00,Generic AI/ML/computing,Misrepresenting/too broad — generic or off-profile label,Generic academic promotion,"Publisher recommendation, survey, or sales campaign; topical overlap is not evidence of research identity.",No
Mentioned by Paniz Hosseini premium@academia-mail.com,"50% Off, 2 days only - Are you the “Hunmin Lee” mentioned in Computer Science papers?",2023-02-14T16:41:26+00:00,Generic AI/ML/computing,Misrepresenting/too broad — generic or off-profile label,Weak keyword matching,"The alert uses only the name plus a broad topic such as computer science, engineering, AI, or gesture recognition, with no verified paper identity.",No
Georgia State Graduate Studies GeorgiaState@info.grad.gsu.edu,Touching base about Georgia State University,2023-02-13T19:00:37+00:00,Generic academic/research,Misrepresenting/too broad — generic or off-profile label,Generic academic promotion,Generic education or admissions promotion that is outdated or mismatched to the current PhD/research-career stage.,No
Routledge Books routledgebooks@email.routledge.com,Do You Love Books?,2023-02-13T09:02:11-06:00,General education or professional development,Misrepresenting/too broad — generic or off-profile label,Generic academic promotion,Recurring book-sale/bestseller campaign with no verified connection to the current research profile.,No
"""Academia.edu"" premium@academia-mail.com","Hunmin Lee and ""A BPRCNN Based Hand Motion Classifier Using Electric Field Sensors"" are mentioned in a paper recently uploaded to Academia",2023-02-11T07:15:44+00:00,Capacitive/electric-field sensing and hand-motion interfaces,Historical — Capacitive/electric-field sensing,Secondary or historical match,"Exact-title or topic alert matches genuine older capacitive/hand-motion work or a secondary application, but not the present core identity.",No
Routledge Books routledgebooks@email.routledge.com,25% Off eBooks Is Now Live,2023-02-09T08:02:07-06:00,General education or professional development,Misrepresenting/too broad — generic or off-profile label,Generic academic promotion,Recurring book-sale/bestseller campaign with no verified connection to the current research profile.,No
Georgia State Graduate Studies GeorgiaState@info.grad.gsu.edu,"Together, we can change the world",2023-02-07T19:28:42+00:00,Generic academic/research,Misrepresenting/too broad — generic or off-profile label,Generic academic promotion,Generic education or admissions promotion that is outdated or mismatched to the current PhD/research-career stage.,No
"""Academia.edu"" premium@academia-mail.com","The name ""Hunmin Lee"" is mentioned in a Computer Science paper uploaded to Academia",2023-02-07T03:45:16+00:00,Generic AI/ML/computing,Misrepresenting/too broad — generic or off-profile label,Weak keyword matching,"The alert uses only the name plus a broad topic such as computer science, engineering, AI, or gesture recognition, with no verified paper identity.",No
Coursera no-reply@m.mail.coursera.org,Recommended: Advanced Learning Algorithms,2023-02-07T00:10:30+00:00,General education or professional development,Misrepresenting/too broad — generic or off-profile label,Generic academic promotion,"Course, competition, or scholarship marketing; potentially skill-related when current, but not evidence of the research profile.",No
"""Academia.edu"" premium@academia-mail.com","Someone saw ""Real-time Interface Control..."" in an Academia search",2023-02-04T14:28:50+00:00,Capacitive/electric-field sensing and hand-motion interfaces,Historical — Capacitive/electric-field sensing,Secondary or historical match,"Exact-title or topic alert matches genuine older capacitive/hand-motion work or a secondary application, but not the present core identity.",No
"""Taylor & Francis"" taylorandfrancis@email.taylorandfrancis.com","""It was this wing wasn�t it? Identifying the importance of verbal communication in aviation maintenance"" is ready to read",2023-02-01T16:53:11-06:00,General education or professional development,Misrepresenting/too broad — generic or off-profile label,Generic academic promotion,"Publisher recommendation, survey, or sales campaign; topical overlap is not evidence of research identity.",No
"""Academia.edu"" premium@academia-mail.com","Someone saw ""Real-time Interface Control..."" in an Academia search",2023-01-30T14:28:50+00:00,Capacitive/electric-field sensing and hand-motion interfaces,Historical — Capacitive/electric-field sensing,Secondary or historical match,"Exact-title or topic alert matches genuine older capacitive/hand-motion work or a secondary application, but not the present core identity.",No
Routledge Books routledgebooks@email.routledge.com,"Hi Hunmin, Get 25% Off CRC Press Titles",2023-01-30T06:02:17-06:00,General education or professional development,Misrepresenting/too broad — generic or off-profile label,Generic academic promotion,Recurring book-sale/bestseller campaign with no verified connection to the current research profile.,No
"""Academia.edu"" premium@academia-mail.com","Hunmin Lee and ""Real-time Interface Control with Motion Gesture Recognition based on Non-contact Capacitive Sensing"" are mentioned in a paper recently uploaded to Academia",2023-01-30T05:05:55+00:00,Capacitive/electric-field sensing and hand-motion interfaces,Historical — Capacitive/electric-field sensing,Secondary or historical match,"Exact-title or topic alert matches genuine older capacitive/hand-motion work or a secondary application, but not the present core identity.",No
Mentioned by Neng Wan premium@academia-mail.com,"50% Off, 2 days only: Are you the “Hunmin Lee” mentioned in Computer Science papers?",2023-01-28T09:31:13+00:00,Generic AI/ML/computing,Misrepresenting/too broad — generic or off-profile label,Weak keyword matching,"The alert uses only the name plus a broad topic such as computer science, engineering, AI, or gesture recognition, with no verified paper identity.",No
"""Taylor & Francis"" taylorandfrancis@email.taylorandfrancis.com","""Impact resistance and structural optimization of POZD coated composite plates"" is ready to read",2023-01-25T13:32:48-06:00,General education or professional development,Misrepresenting/too broad — generic or off-profile label,Generic academic promotion,"Publisher recommendation, survey, or sales campaign; topical overlap is not evidence of research identity.",No
Books and Journals info@email.taylorandfrancis.com,"Editor-in-Chief required for a new fully open access journal, Applied Engineering.",2023-01-25T12:30:47-06:00,Generic AI/ML/computing,Misrepresenting/too broad — generic or off-profile label,Generic academic promotion,"Publisher recommendation, survey, or sales campaign; topical overlap is not evidence of research identity.",No
"""Academia.edu"" premium@academia-mail.com",Your Personal Website Is Waiting,2023-01-25T09:35:08+00:00,Generic academic/research,Misrepresenting/too broad — generic or off-profile label,Generic academic promotion,"Platform upsell, readership/profile metric, search-view notice, or other campaign that does not establish research relevance.",No
"""Academia.edu"" premium@academia-mail.com","The name ""Hunmin Lee"" is mentioned in a paper published in Electronics",2023-01-21T09:35:10+00:00,Generic academic/research,Misrepresenting/too broad — generic or off-profile label,Weak keyword matching,"The alert uses only the name plus a broad topic such as computer science, engineering, AI, or gesture recognition, with no verified paper identity.",No
Georgia State Graduate Studies GeorgiaState@info.grad.gsu.edu,Is this the best address for you?,2023-01-18T19:03:19+00:00,Generic academic/research,Misrepresenting/too broad — generic or off-profile label,Generic academic promotion,Generic education or admissions promotion that is outdated or mismatched to the current PhD/research-career stage.,No
"""Taylor & Francis"" taylorandfrancis@email.taylorandfrancis.com","""Hybrid uncertainty analysis and optimization based on Probability Box for Bus Powertrain Mounting System"" is ready to read",2023-01-17T15:59:13-06:00,General education or professional development,Misrepresenting/too broad — generic or off-profile label,Generic academic promotion,"Publisher recommendation, survey, or sales campaign; topical overlap is not evidence of research identity.",No
"""Academia.edu"" premium@academia-mail.com","A paper published by a member of the Mechanical Engineering department at University of Tehran mentions the name ""Hunmin Lee""",2023-01-17T09:35:10+00:00,Generic AI/ML/computing,Misrepresenting/too broad — generic or off-profile label,Possible namesake,"The alert relies on H. Lee/name matching or an off-profile field and does not identify a verified paper, author list, venue, or DOI.",No
"""Academia.edu"" premium@academia-mail.com",Last chance. 50% off the improved Academia Premium.,2023-01-16T09:35:04+00:00,Generic academic/research,Misrepresenting/too broad — generic or off-profile label,Generic academic promotion,"Platform upsell, readership/profile metric, search-view notice, or other campaign that does not establish research relevance.",No
"""Academia.edu"" premium@academia-mail.com","Hunmin Lee and ""A BPRCNN Based Hand Motion Classifier Using Electric Field Sensors"" are mentioned in a paper recently uploaded to Academia",2023-01-13T09:35:06+00:00,Capacitive/electric-field sensing and hand-motion interfaces,Historical — Capacitive/electric-field sensing,Secondary or historical match,"Exact-title or topic alert matches genuine older capacitive/hand-motion work or a secondary application, but not the present core identity.",No
"""DeepLearning.AI"" no-reply@m.mail.coursera.org",Free Andrew Ng eBook: How to Build Your AI Career,2023-01-12T19:09:41+00:00,Generic AI/ML/computing,Misrepresenting/too broad — generic or off-profile label,Generic academic promotion,"Course, competition, or scholarship marketing; potentially skill-related when current, but not evidence of the research profile.",No
"""Academia.edu"" premium@academia-mail.com",12 hours left. 50% off the improved Academia Premium.,2023-01-11T09:35:06+00:00,Generic academic/research,Misrepresenting/too broad — generic or off-profile label,Generic academic promotion,"Platform upsell, readership/profile metric, search-view notice, or other campaign that does not establish research relevance.",No
"""Taylor & Francis"" taylorandfrancis@email.taylorandfrancis.com","""Curcumin loaded gold nanoparticles �chitosan/ sodium alginate nanocomposite for nanotheranostic applications"" is ready to read",2023-01-06T14:51:37-06:00,General education or professional development,Misrepresenting/too broad — generic or off-profile label,Generic academic promotion,"Publisher recommendation, survey, or sales campaign; topical overlap is not evidence of research identity.",No
"""Academia.edu"" premium@academia-mail.com",Last day. 50% off the improved Academia Premium.,2023-01-06T09:35:05+00:00,Generic academic/research,Misrepresenting/too broad — generic or off-profile label,Generic academic promotion,"Platform upsell, readership/profile metric, search-view notice, or other campaign that does not establish research relevance.",No
"""Academia.edu"" premium@academia-mail.com","Hunmin Lee and ""Real-time Interface Control with Motion Gesture Recognition based on Non-contact Capacitive Sensing"" are mentioned in a paper recently uploaded to Academia",2023-01-04T09:35:09+00:00,Capacitive/electric-field sensing and hand-motion interfaces,Historical — Capacitive/electric-field sensing,Secondary or historical match,"Exact-title or topic alert matches genuine older capacitive/hand-motion work or a secondary application, but not the present core identity.",No
Lavanya Shukla lavanyashukla@wandb.com,Your year with Weights & Biases at a glance,2023-01-02T22:20:06+00:00,Generic AI/ML/computing,Misrepresenting/too broad — generic or off-profile label,Generic academic promotion,Generic research-tool or professional-development promotion without project-specific relevance.,No
"""Academia.edu"" premium@academia-mail.com",2 days left. 50% off the improved Academia Premium.,2023-01-01T09:35:10+00:00,Generic academic/research,Misrepresenting/too broad — generic or off-profile label,Generic academic promotion,"Platform upsell, readership/profile metric, search-view notice, or other campaign that does not establish research relevance.",No
"""Academia.edu"" premium@academia-mail.com","A paper published by a member of the Mechanical Engineering department at University of Tehran mentions the name ""Hunmin Lee""",2022-12-28T09:35:08+00:00,Generic AI/ML/computing,Misrepresenting/too broad — generic or off-profile label,Possible namesake,"The alert relies on H. Lee/name matching or an off-profile field and does not identify a verified paper, author list, venue, or DOI.",No
"""Academia.edu"" premium@academia-mail.com","The name ""Hunmin Lee"" is mentioned in 2 papers",2022-12-23T09:35:06+00:00,Generic academic/research,Misrepresenting/too broad — generic or off-profile label,Weak keyword matching,"The alert uses only the name plus a broad topic such as computer science, engineering, AI, or gesture recognition, with no verified paper identity.",No
"""Academia.edu"" premium@academia-mail.com","Someone saw ""An Attention Score Based At..."" in an Academia search",2022-12-21T05:21:31+00:00,Generic academic/research,Misrepresenting/too broad — generic or off-profile label,Secondary or historical match,"Exact-title or topic alert matches genuine older capacitive/hand-motion work or a secondary application, but not the present core identity.",No
Georgia State Graduate Studies GeorgiaState@info.grad.gsu.edu,Are you enjoying these?,2022-12-19T19:00:26+00:00,Generic academic/research,Misrepresenting/too broad — generic or off-profile label,Generic academic promotion,Generic education or admissions promotion that is outdated or mismatched to the current PhD/research-career stage.,No
"""Academia.edu"" premium@academia-mail.com","The name ""Hunmin Lee"" is mentioned in a paper published in Electronics",2022-12-18T05:19:14+00:00,Generic academic/research,Misrepresenting/too broad — generic or off-profile label,Weak keyword matching,"The alert uses only the name plus a broad topic such as computer science, engineering, AI, or gesture recognition, with no verified paper identity.",No
"""Academia.edu"" premium@academia-mail.com","Someone saw ""A BPRCNN Based Hand Motion ..."" in an Academia search",2022-12-13T11:06:42+00:00,Capacitive/electric-field sensing and hand-motion interfaces,Historical — Capacitive/electric-field sensing,Secondary or historical match,"Exact-title or topic alert matches genuine older capacitive/hand-motion work or a secondary application, but not the present core identity.",No
Mentioned by Won Jun Jo premium@academia-mail.com,"50% Off, 2 days only: The name “Lee, Hunmin” is mentioned in an Engineering paper",2022-12-04T12:00:20+00:00,Generic AI/ML/computing,Misrepresenting/too broad — generic or off-profile label,Generic academic promotion,"Platform upsell, readership/profile metric, search-view notice, or other campaign that does not establish research relevance.",No
"""Academia.edu"" premium@academia-mail.com","A paper published by a member of the Mechanical Engineering department at University of Tehran mentions the name ""Hunmin Lee""",2022-12-02T06:47:07+00:00,Generic AI/ML/computing,Misrepresenting/too broad — generic or off-profile label,Possible namesake,"The alert relies on H. Lee/name matching or an off-profile field and does not identify a verified paper, author list, venue, or DOI.",No
Georgia State Graduate Studies GeorgiaState@info.grad.gsu.edu,Today is the day to apply,2022-12-01T14:54:19+00:00,Generic AI/ML/computing,Misrepresenting/too broad — generic or off-profile label,Generic academic promotion,Generic education or admissions promotion that is outdated or mismatched to the current PhD/research-career stage.,No
Georgia State Graduate Studies GeorgiaState@info.grad.gsu.edu,Innovation awaits you,2022-11-30T19:06:14+00:00,General education or professional development,Misrepresenting/too broad — generic or off-profile label,Generic academic promotion,Generic education or admissions promotion that is outdated or mismatched to the current PhD/research-career stage.,No
Georgia State Graduate Studies GeorgiaState@info.grad.gsu.edu,Be sure to apply in the next two days,2022-11-29T14:55:16+00:00,Generic AI/ML/computing,Misrepresenting/too broad — generic or off-profile label,Generic academic promotion,Generic education or admissions promotion that is outdated or mismatched to the current PhD/research-career stage.,No
Georgia State Graduate Studies GeorgiaState@info.grad.gsu.edu,Touching base about Georgia State University,2022-11-21T19:00:13+00:00,Generic academic/research,Misrepresenting/too broad — generic or off-profile label,Generic academic promotion,Generic education or admissions promotion that is outdated or mismatched to the current PhD/research-career stage.,No
Georgia State Graduate Studies GeorgiaState@info.grad.gsu.edu,Apply by December 1,2022-11-21T18:05:09+00:00,Generic academic/research,Misrepresenting/too broad — generic or off-profile label,Generic academic promotion,Generic education or admissions promotion that is outdated or mismatched to the current PhD/research-career stage.,No
"""Academia.edu"" premium@academia-mail.com","The name ""Hunmin Lee"" is mentioned in 2 papers",2022-11-20T05:24:55+00:00,Generic academic/research,Misrepresenting/too broad — generic or off-profile label,Weak keyword matching,"The alert uses only the name plus a broad topic such as computer science, engineering, AI, or gesture recognition, with no verified paper identity.",No
Georgia State Graduate Studies GeorgiaState@info.grad.gsu.edu,"Together, we can change the world",2022-11-15T19:07:42+00:00,Generic academic/research,Misrepresenting/too broad — generic or off-profile label,Generic academic promotion,Generic education or admissions promotion that is outdated or mismatched to the current PhD/research-career stage.,No
"""Academia.edu"" premium@academia-mail.com","Hunmin Lee and ""Real-time Interface Control with Motion Gesture Recognition based on Non-contact Capacitive Sensing"" are mentioned in a paper recently uploaded to Academia",2022-11-15T06:03:54+00:00,Capacitive/electric-field sensing and hand-motion interfaces,Historical — Capacitive/electric-field sensing,Secondary or historical match,"Exact-title or topic alert matches genuine older capacitive/hand-motion work or a secondary application, but not the present core identity.",No
Udacity support@udacity.com,Only a few more days to save,2022-11-10T01:13:41+00:00,General education or professional development,Misrepresenting/too broad — generic or off-profile label,Generic academic promotion,"Course, competition, or scholarship marketing; potentially skill-related when current, but not evidence of the research profile.",No
"""Academia.edu"" premium@academia-mail.com","A paper published by a member of the Mechanical Engineering department at University of Tehran mentions the name ""Hunmin Lee""",2022-11-07T06:21:33+00:00,Generic AI/ML/computing,Misrepresenting/too broad — generic or off-profile label,Possible namesake,"The alert relies on H. Lee/name matching or an off-profile field and does not identify a verified paper, author list, venue, or DOI.",No
Udacity support@udacity.com,Don't miss our biggest annual sale.,2022-11-06T18:10:31+00:00,General education or professional development,Misrepresenting/too broad — generic or off-profile label,Generic academic promotion,"Course, competition, or scholarship marketing; potentially skill-related when current, but not evidence of the research profile.",No
"""Academia.edu"" premium@academia-mail.com","Hunmin Lee and ""A BPRCNN Based Hand Motion Classifier Using Electric Field Sensors"" are mentioned in a paper recently uploaded to Academia",2022-11-03T09:49:04+00:00,Capacitive/electric-field sensing and hand-motion interfaces,Historical — Capacitive/electric-field sensing,Secondary or historical match,"Exact-title or topic alert matches genuine older capacitive/hand-motion work or a secondary application, but not the present core identity.",No
"""Academia.edu"" premium@academia-mail.com","Someone saw ""Real-time Interface Control..."" in an Academia search",2022-11-03T02:53:41+00:00,Capacitive/electric-field sensing and hand-motion interfaces,Historical — Capacitive/electric-field sensing,Secondary or historical match,"Exact-title or topic alert matches genuine older capacitive/hand-motion work or a secondary application, but not the present core identity.",No
Udacity support@udacity.com,The biggest discount of the year starts now.,2022-11-02T03:04:52+00:00,General education or professional development,Misrepresenting/too broad — generic or off-profile label,Generic academic promotion,"Course, competition, or scholarship marketing; potentially skill-related when current, but not evidence of the research profile.",No
"""Academia.edu"" premium@academia-mail.com","The name ""Hunmin Lee"" is mentioned in a paper published in Electronics",2022-10-28T06:00:42+00:00,Generic academic/research,Misrepresenting/too broad — generic or off-profile label,Weak keyword matching,"The alert uses only the name plus a broad topic such as computer science, engineering, AI, or gesture recognition, with no verified paper identity.",No
Georgia State Graduate Studies GeorgiaState@info.grad.gsu.edu,Is this the best address for you?,2022-10-26T18:04:55+00:00,Generic academic/research,Misrepresenting/too broad — generic or off-profile label,Generic academic promotion,Generic education or admissions promotion that is outdated or mismatched to the current PhD/research-career stage.,No
"""Academia.edu"" premium@academia-mail.com","Hunmin Lee and ""Real-time Interface Control with Motion Gesture Recognition based on Non-contact Capacitive Sensing"" are mentioned in a paper recently uploaded to Academia",2022-10-24T05:02:47+00:00,Capacitive/electric-field sensing and hand-motion interfaces,Historical — Capacitive/electric-field sensing,Secondary or historical match,"Exact-title or topic alert matches genuine older capacitive/hand-motion work or a secondary application, but not the present core identity.",No
"""Academia.edu"" premium@academia-mail.com","The name ""Hunmin Lee"" is mentioned in 2 papers",2022-10-20T08:45:59+00:00,Generic academic/research,Misrepresenting/too broad — generic or off-profile label,Weak keyword matching,"The alert uses only the name plus a broad topic such as computer science, engineering, AI, or gesture recognition, with no verified paper identity.",No
"""Academia.edu"" premium@academia-mail.com","The name ""Hunmin Lee"" is mentioned by a Mechanical Engineering researcher in a paper uploaded to Academia",2022-10-16T08:41:58+00:00,Generic AI/ML/computing,Misrepresenting/too broad — generic or off-profile label,Weak keyword matching,"The alert uses only the name plus a broad topic such as computer science, engineering, AI, or gesture recognition, with no verified paper identity.",No
"""Academia.edu"" premium@academia-mail.com","The name ""Hunmin Lee"" is mentioned in a Computer Science paper uploaded to Academia",2022-10-10T08:12:45+00:00,Generic AI/ML/computing,Misrepresenting/too broad — generic or off-profile label,Weak keyword matching,"The alert uses only the name plus a broad topic such as computer science, engineering, AI, or gesture recognition, with no verified paper identity.",No
"""Academia.edu"" premium@academia-mail.com","The name ""Hunmin Lee"" is mentioned in a paper published in Electronics",2022-10-05T06:15:31+00:00,Generic academic/research,Misrepresenting/too broad — generic or off-profile label,Weak keyword matching,"The alert uses only the name plus a broad topic such as computer science, engineering, AI, or gesture recognition, with no verified paper identity.",No
Georgia State Graduate Studies GeorgiaState@info.grad.gsu.edu,We've extended your application!,2022-10-02T13:07:32+00:00,Generic academic/research,Misrepresenting/too broad — generic or off-profile label,Generic academic promotion,Generic education or admissions promotion that is outdated or mismatched to the current PhD/research-career stage.,No
"""Academia.edu"" premium@academia-mail.com","The name ""H. Lee"" is mentioned in a PDF uploaded to Academia by Paniz Hosseini",2022-09-30T04:09:01+00:00,Generic academic/research,Misrepresenting/too broad — generic or off-profile label,Possible namesake,"The alert relies on H. Lee/name matching or an off-profile field and does not identify a verified paper, author list, venue, or DOI.",No
Mentioned by Paniz Hosseini premium@academia-mail.com,"50% Off, 2 days only - “H. Lee”: 1 new mention in a Computer Science paper",2022-09-23T02:20:52+00:00,Generic AI/ML/computing,Misrepresenting/too broad — generic or off-profile label,Possible namesake,"The alert relies on H. Lee/name matching or an off-profile field and does not identify a verified paper, author list, venue, or DOI.",No
"""Academia.edu"" premium@academia-mail.com","Someone saw ""An Attention Score Based At..."" in an Academia search",2022-09-22T15:54:07+00:00,Generic academic/research,Misrepresenting/too broad — generic or off-profile label,Secondary or historical match,"Exact-title or topic alert matches genuine older capacitive/hand-motion work or a secondary application, but not the present core identity.",No
"""Academia.edu"" premium@academia-mail.com",Last chance. Our biggest discount EVER. 60% off Academia Premium.,2022-09-21T05:13:32+00:00,Generic academic/research,Misrepresenting/too broad — generic or off-profile label,Generic academic promotion,"Platform upsell, readership/profile metric, search-view notice, or other campaign that does not establish research relevance.",No
"""Academia.edu"" premium@academia-mail.com","Hunmin Lee and ""A BPRCNN Based Hand Motion Classifier Using Electric Field Sensors"" are mentioned in a paper recently uploaded to Academia",2022-09-17T07:20:58+00:00,Capacitive/electric-field sensing and hand-motion interfaces,Historical — Capacitive/electric-field sensing,Secondary or historical match,"Exact-title or topic alert matches genuine older capacitive/hand-motion work or a secondary application, but not the present core identity.",No
"""Academia.edu"" premium@academia-mail.com",12 hours left. Our biggest discount EVER. 60% off Academia Premium.,2022-09-16T03:34:07+00:00,Generic academic/research,Misrepresenting/too broad — generic or off-profile label,Generic academic promotion,"Platform upsell, readership/profile metric, search-view notice, or other campaign that does not establish research relevance.",No
Georgia State Graduate Studies GeorgiaState@info.grad.gsu.edu,Innovation awaits you,2022-09-14T18:06:11+00:00,General education or professional development,Misrepresenting/too broad — generic or off-profile label,Generic academic promotion,Generic education or admissions promotion that is outdated or mismatched to the current PhD/research-career stage.,No
"""Academia.edu"" premium@academia-mail.com",Last day. Our biggest discount EVER. 60% off Academia Premium.,2022-09-11T03:11:06+00:00,Generic academic/research,Misrepresenting/too broad — generic or off-profile label,Generic academic promotion,"Platform upsell, readership/profile metric, search-view notice, or other campaign that does not establish research relevance.",No
Udacity support@udacity.com,Don't miss these Labor Day savings!,2022-09-08T15:39:20+00:00,General education or professional development,Misrepresenting/too broad — generic or off-profile label,Generic academic promotion,"Course, competition, or scholarship marketing; potentially skill-related when current, but not evidence of the research profile.",No
"""Academia.edu"" premium@academia-mail.com","Hunmin Lee and ""A BPRCNN Based Hand Motion Classifier Using Electric Field Sensors"" are mentioned in a paper recently uploaded to Academia",2022-09-07T10:36:04+00:00,Capacitive/electric-field sensing and hand-motion interfaces,Historical — Capacitive/electric-field sensing,Secondary or historical match,"Exact-title or topic alert matches genuine older capacitive/hand-motion work or a secondary application, but not the present core identity.",No
Udacity support@udacity.com,Labor Day savings are here.,2022-09-05T17:33:37+00:00,General education or professional development,Misrepresenting/too broad — generic or off-profile label,Generic academic promotion,"Course, competition, or scholarship marketing; potentially skill-related when current, but not evidence of the research profile.",No
"""Academia.edu"" premium@academia-mail.com",2 days left. Our biggest discount EVER. 60% off Academia Premium.,2022-09-05T04:46:59+00:00,Generic academic/research,Misrepresenting/too broad — generic or off-profile label,Generic academic promotion,"Platform upsell, readership/profile metric, search-view notice, or other campaign that does not establish research relevance.",No
Georgia State Graduate Studies GeorgiaState@info.grad.gsu.edu,"Together, we can change the world",2022-08-31T18:01:42+00:00,Generic academic/research,Misrepresenting/too broad — generic or off-profile label,Generic academic promotion,Generic education or admissions promotion that is outdated or mismatched to the current PhD/research-career stage.,No
"""Academia.edu"" premium@academia-mail.com","Still interested in related works, Hunmin?",2022-08-29T04:19:58+00:00,Generic academic/research,Misrepresenting/too broad — generic or off-profile label,Generic academic promotion,"Platform upsell, readership/profile metric, search-view notice, or other campaign that does not establish research relevance.",No
Udacity support@udacity.com,This weekend only: Save big,2022-08-19T20:18:47+00:00,General education or professional development,Misrepresenting/too broad — generic or off-profile label,Generic academic promotion,"Course, competition, or scholarship marketing; potentially skill-related when current, but not evidence of the research profile.",No
Georgia State Graduate Studies GeorgiaState@info.grad.gsu.edu,You're invited to apply!,2022-08-17T18:02:19+00:00,Generic AI/ML/computing,Misrepresenting/too broad — generic or off-profile label,Generic academic promotion,Generic education or admissions promotion that is outdated or mismatched to the current PhD/research-career stage.,No
Udacity support@udacity.com,Save BIG with our 72-hour back-to-learning discount.,2022-08-16T18:43:35+00:00,General education or professional development,Misrepresenting/too broad — generic or off-profile label,Generic academic promotion,"Course, competition, or scholarship marketing; potentially skill-related when current, but not evidence of the research profile.",No
"""Academia.edu"" premium@academia-mail.com",Your Personal Website Is Available,2022-08-11T07:38:24+00:00,Generic academic/research,Misrepresenting/too broad — generic or off-profile label,Generic academic promotion,"Platform upsell, readership/profile metric, search-view notice, or other campaign that does not establish research relevance.",No
Udacity support@udacity.com,Claim your personal discount and start learning with your perfect program!,2022-07-21T14:26:52+00:00,General education or professional development,Misrepresenting/too broad — generic or off-profile label,Generic academic promotion,"Course, competition, or scholarship marketing; potentially skill-related when current, but not evidence of the research profile.",No
"""Academia.edu"" premium@academia-mail.com","The name ""Hunmin Lee"" is mentioned in a paper published in Electronics",2022-07-21T10:09:38+00:00,Generic academic/research,Misrepresenting/too broad — generic or off-profile label,Weak keyword matching,"The alert uses only the name plus a broad topic such as computer science, engineering, AI, or gesture recognition, with no verified paper identity.",No
Udacity support@udacity.com,"Save more with your personal discount, 훈민.",2022-07-16T14:10:03+00:00,General education or professional development,Misrepresenting/too broad — generic or off-profile label,Generic academic promotion,"Course, competition, or scholarship marketing; potentially skill-related when current, but not evidence of the research profile.",No
Georgia State Graduate Studies GeorgiaState@info.grad.gsu.edu,We've extended your application!,2022-07-02T14:07:23+00:00,General education or professional development,Misrepresenting/too broad — generic or off-profile label,Generic academic promotion,Generic education or admissions promotion that is outdated or mismatched to the current PhD/research-career stage.,No
Udacity support@udacity.com,Become a digital project manager. Enroll now!,2022-07-01T01:15:51+00:00,General education or professional development,Misrepresenting/too broad — generic or off-profile label,Generic academic promotion,"Course, competition, or scholarship marketing; potentially skill-related when current, but not evidence of the research profile.",No
Georgia State Graduate Studies GeorgiaState@info.grad.gsu.edu,Be sure to apply in the next two days,2022-06-29T14:08:09+00:00,Generic AI/ML/computing,Misrepresenting/too broad — generic or off-profile label,Generic academic promotion,Generic education or admissions promotion that is outdated or mismatched to the current PhD/research-career stage.,No
Georgia State Graduate Studies GeorgiaState@info.grad.gsu.edu,Apply by July 1,2022-06-27T18:38:41+00:00,Generic academic/research,Misrepresenting/too broad — generic or off-profile label,Generic academic promotion,Generic education or admissions promotion that is outdated or mismatched to the current PhD/research-career stage.,No
Udacity support@udacity.com,[Webinar] Paths to success for Women in STEM careers,2022-06-24T16:52:44+00:00,HRD and organizational analytics,Secondary — HRD/organizational analytics,Generic academic promotion,"Course, competition, or scholarship marketing; potentially skill-related when current, but not evidence of the research profile.",No
Udacity support@udacity.com,New Program: Digital Project Management,2022-06-24T01:11:36+00:00,General education or professional development,Misrepresenting/too broad — generic or off-profile label,Generic academic promotion,"Course, competition, or scholarship marketing; potentially skill-related when current, but not evidence of the research profile.",No
Georgia State Graduate Studies GeorgiaState@info.grad.gsu.edu,Innovation awaits you,2022-06-21T18:23:26+00:00,General education or professional development,Misrepresenting/too broad — generic or off-profile label,Generic academic promotion,Generic education or admissions promotion that is outdated or mismatched to the current PhD/research-career stage.,No
Mentioned by Myung Hwan Na premium@academia-mail.com,Congratulations on your 3rd Mention! Get 50% off now. “Hunmin Lee”: 1 new mention,2022-06-19T02:05:57+00:00,Generic academic/research,Misrepresenting/too broad — generic or off-profile label,Weak keyword matching,"The alert uses only the name plus a broad topic such as computer science, engineering, AI, or gesture recognition, with no verified paper identity.",No
"""DeepLearning.AI"" no-reply@m.mail.coursera.org",The new Machine Learning Specialization by Andrew Ng is now available on Coursera!,2022-06-16T17:25:37+00:00,Generic AI/ML/computing,Misrepresenting/too broad — generic or off-profile label,Generic academic promotion,"Course, competition, or scholarship marketing; potentially skill-related when current, but not evidence of the research profile.",No
Udacity support@udacity.com,"Accelerate your career with job-ready digital skills, 훈민.",2022-06-15T20:16:34+00:00,General education or professional development,Misrepresenting/too broad — generic or off-profile label,Generic academic promotion,"Course, competition, or scholarship marketing; potentially skill-related when current, but not evidence of the research profile.",No
Georgia State Graduate Studies GeorgiaState@info.grad.gsu.edu,"Together, we can change the world",2022-06-07T18:12:35+00:00,Generic academic/research,Misrepresenting/too broad — generic or off-profile label,Generic academic promotion,Generic education or admissions promotion that is outdated or mismatched to the current PhD/research-career stage.,No
Udacity support@udacity.com,[Webinar] Building a Technology-First Automotive Workforce,2022-06-03T17:23:36+00:00,General education or professional development,Misrepresenting/too broad — generic or off-profile label,Generic academic promotion,"Course, competition, or scholarship marketing; potentially skill-related when current, but not evidence of the research profile.",No
Udacity support@udacity.com,"Save more with your personal discount, 훈민.",2022-06-02T20:16:20+00:00,General education or professional development,Misrepresenting/too broad — generic or off-profile label,Generic academic promotion,"Course, competition, or scholarship marketing; potentially skill-related when current, but not evidence of the research profile.",No
Georgia State Graduate Studies GeorgiaState@info.grad.gsu.edu,Another day to apply,2022-06-02T17:06:07+00:00,Generic academic/research,Misrepresenting/too broad — generic or off-profile label,Generic academic promotion,Generic education or admissions promotion that is outdated or mismatched to the current PhD/research-career stage.,No
Georgia State Graduate Studies GeorgiaState@info.grad.gsu.edu,Be sure to apply in the next two days,2022-05-30T17:06:31+00:00,Generic AI/ML/computing,Misrepresenting/too broad — generic or off-profile label,Generic academic promotion,Generic education or admissions promotion that is outdated or mismatched to the current PhD/research-career stage.,No
Udacity support@udacity.com,"New programs, a special discount, and a webinar with Sebastian Thrun.",2022-05-29T15:33:11+00:00,General education or professional development,Misrepresenting/too broad — generic or off-profile label,Generic academic promotion,"Course, competition, or scholarship marketing; potentially skill-related when current, but not evidence of the research profile.",No
Dacon Service dacon@dacon.io,📫(광고) 에브리데이콘 Vol.5,2022-05-25T23:59:56+00:00,General education or professional development,Misrepresenting/too broad — generic or off-profile label,Generic academic promotion,"Course, competition, or scholarship marketing; potentially skill-related when current, but not evidence of the research profile.",No
Udacity support@udacity.com,"There is more than one way to save on your Nanodegree program enrollment, 훈민.",2022-05-24T17:12:36+00:00,General education or professional development,Misrepresenting/too broad — generic or off-profile label,Generic academic promotion,"Course, competition, or scholarship marketing; potentially skill-related when current, but not evidence of the research profile.",No
Georgia State Graduate Studies GeorgiaState@info.grad.gsu.edu,You're invited to apply!,2022-05-23T18:04:46+00:00,Generic AI/ML/computing,Misrepresenting/too broad — generic or off-profile label,Generic academic promotion,Generic education or admissions promotion that is outdated or mismatched to the current PhD/research-career stage.,No
Udacity support@udacity.com,"Save 15% over your personalised discount with bundle subscriptions, 훈민.",2022-05-22T07:23:43+00:00,General education or professional development,Misrepresenting/too broad — generic or off-profile label,Generic academic promotion,"Course, competition, or scholarship marketing; potentially skill-related when current, but not evidence of the research profile.",No
Georgia State Graduate Studies GeorgiaState@info.grad.gsu.edu,Apply by June 1,2022-05-18T17:06:29+00:00,Generic academic/research,Misrepresenting/too broad — generic or off-profile label,Generic academic promotion,Generic education or admissions promotion that is outdated or mismatched to the current PhD/research-career stage.,No
Udacity support@udacity.com,"Additional savings await inside, 훈민.",2022-05-17T16:46:34+00:00,General education or professional development,Misrepresenting/too broad — generic or off-profile label,Generic academic promotion,"Course, competition, or scholarship marketing; potentially skill-related when current, but not evidence of the research profile.",No
Udacity support@udacity.com,Enhance your resume with Google's Cloud Digital Leader course for free!,2022-05-16T21:35:15+00:00,General education or professional development,Misrepresenting/too broad — generic or off-profile label,Generic academic promotion,"Course, competition, or scholarship marketing; potentially skill-related when current, but not evidence of the research profile.",No
Udacity support@udacity.com,"Ready to commit to your success, 훈민?",2022-05-11T17:52:59+00:00,General education or professional development,Misrepresenting/too broad — generic or off-profile label,Generic academic promotion,"Course, competition, or scholarship marketing; potentially skill-related when current, but not evidence of the research profile.",No
Georgia State Graduate Studies GeorgiaState@info.grad.gsu.edu,Is this the best address for you?,2022-05-10T18:04:50+00:00,Generic academic/research,Misrepresenting/too broad — generic or off-profile label,Generic academic promotion,Generic education or admissions promotion that is outdated or mismatched to the current PhD/research-career stage.,No
Udacity support@udacity.com,"Ready to commit to your success, 훈민?",2022-05-08T16:02:09+00:00,General education or professional development,Misrepresenting/too broad — generic or off-profile label,Generic academic promotion,"Course, competition, or scholarship marketing; potentially skill-related when current, but not evidence of the research profile.",No
Dacon Service dacon@dacon.io,(광고)[데이콘]코드 유사성 판단 AI 경진대회 오픈,2022-05-04T02:04:22+00:00,Generic AI/ML/computing,Misrepresenting/too broad — generic or off-profile label,Generic academic promotion,"Course, competition, or scholarship marketing; potentially skill-related when current, but not evidence of the research profile.",No
Udacity support@udacity.com,Here's how to save even more on your Nanodegree program.,2022-05-03T19:59:33+00:00,General education or professional development,Misrepresenting/too broad — generic or off-profile label,Generic academic promotion,"Course, competition, or scholarship marketing; potentially skill-related when current, but not evidence of the research profile.",No
Dacon Service dacon@dacon.io,"더 나은 데이콘 교육을 위해, 설문 참여 부탁드려요! (커피쿠폰 제공, 10명)",2022-05-03T00:59:44+00:00,General education or professional development,Misrepresenting/too broad — generic or off-profile label,Generic academic promotion,"Course, competition, or scholarship marketing; potentially skill-related when current, but not evidence of the research profile.",No
Dacon Service dacon@dacon.io,(광고)[데이콘] Computer Vision 이상치 탐지 알고리즘 경진대회 오픈,2022-04-04T01:02:24+00:00,General education or professional development,Misrepresenting/too broad — generic or off-profile label,Generic academic promotion,"Course, competition, or scholarship marketing; potentially skill-related when current, but not evidence of the research profile.",No
Georgia State Graduate Studies GeorgiaState@info.grad.gsu.edu,Submit your application today!,2022-04-01T15:07:14+00:00,Generic academic/research,Misrepresenting/too broad — generic or off-profile label,Generic academic promotion,Generic education or admissions promotion that is outdated or mismatched to the current PhD/research-career stage.,No
Georgia State Graduate Studies GeorgiaState@info.grad.gsu.edu,Apply to Georgia State by 4/1,2022-03-30T15:06:59+00:00,General education or professional development,Misrepresenting/too broad — generic or off-profile label,Generic academic promotion,Generic education or admissions promotion that is outdated or mismatched to the current PhD/research-career stage.,No
Georgia State Graduate Studies GeorgiaState@info.grad.gsu.edu,Innovation awaits you,2022-03-29T18:37:51+00:00,General education or professional development,Misrepresenting/too broad — generic or off-profile label,Generic academic promotion,Generic education or admissions promotion that is outdated or mismatched to the current PhD/research-career stage.,No
Semantic Scholar info@semanticscholar.org,Welcome to Semantic Scholar!,2022-03-28T17:33:59-07:00,Generic AI/ML/computing,Misrepresenting/too broad — generic or off-profile label,Generic academic promotion,Generic research-tool or professional-development promotion without project-specific relevance.,No
Georgia State Graduate Studies GeorgiaState@info.grad.gsu.edu,"Together, we can change the world",2022-03-15T18:11:50+00:00,Generic academic/research,Misrepresenting/too broad — generic or off-profile label,Generic academic promotion,Generic education or admissions promotion that is outdated or mismatched to the current PhD/research-career stage.,No
Dacon Service dacon@dacon.io,[광고] 데이콘 스쿨 3기 수강생 모집,2022-03-07T03:28:55+00:00,Generic AI/ML/computing,Misrepresenting/too broad — generic or off-profile label,Generic academic promotion,"Course, competition, or scholarship marketing; potentially skill-related when current, but not evidence of the research profile.",No
Mentioned by Won Jun Jo premium@academia-mail.com,"50% Off, 2 days only: The name “Lee, Hunmin” was mentioned in a paper recently found by Academia written by Won Jun Jo",2022-03-05T15:06:24+00:00,Generic academic/research,Misrepresenting/too broad — generic or off-profile label,Weak keyword matching,"The alert uses only the name plus a broad topic such as computer science, engineering, AI, or gesture recognition, with no verified paper identity.",No
"""Academia.edu"" premium@academia-mail.com",4 humanities and social science grants and fellowships have upcoming deadlines,2022-03-04T05:59:57+00:00,Generic academic/research,Misrepresenting/too broad — generic or off-profile label,Generic academic promotion,"Platform upsell, readership/profile metric, search-view notice, or other campaign that does not establish research relevance.",No
Georgia State Graduate Studies GeorgiaState@info.grad.gsu.edu,You're invited to apply!,2022-03-01T19:45:27+00:00,Generic AI/ML/computing,Misrepresenting/too broad — generic or off-profile label,Generic academic promotion,Generic education or admissions promotion that is outdated or mismatched to the current PhD/research-career stage.,No
Udacity support@udacity.com,"Claim your personalized discount now, 훈민!",2022-03-01T18:26:00+00:00,General education or professional development,Misrepresenting/too broad — generic or off-profile label,Generic academic promotion,"Course, competition, or scholarship marketing; potentially skill-related when current, but not evidence of the research profile.",No
Georgia State Graduate Studies GeorgiaState@info.grad.gsu.edu,Explore Georgia State University,2022-02-18T19:00:23+00:00,Generic academic/research,Misrepresenting/too broad — generic or off-profile label,Generic academic promotion,Generic education or admissions promotion that is outdated or mismatched to the current PhD/research-career stage.,No
Udacity support@udacity.com,"Claim your personalized discount now, 훈민!",2022-02-16T19:53:35+00:00,General education or professional development,Misrepresenting/too broad — generic or off-profile label,Generic academic promotion,"Course, competition, or scholarship marketing; potentially skill-related when current, but not evidence of the research profile.",No
Udacity support@udacity.com,Introducing NEW personalized discounts for you!,2022-02-08T19:24:31+00:00,General education or professional development,Misrepresenting/too broad — generic or off-profile label,Generic academic promotion,"Course, competition, or scholarship marketing; potentially skill-related when current, but not evidence of the research profile.",No
Udacity support@udacity.com,"Explore our latest program launches, scholarship opportunities, and more!",2022-01-28T20:57:36+00:00,Generic AI/ML/computing,Misrepresenting/too broad — generic or off-profile label,Generic academic promotion,"Course, competition, or scholarship marketing; potentially skill-related when current, but not evidence of the research profile.",No
"""Academia.edu"" premium@academia-mail.com",Last chance. Our biggest discount EVER. 60% off Academia Premium.,2022-01-16T03:47:24+00:00,Generic academic/research,Misrepresenting/too broad — generic or off-profile label,Generic academic promotion,"Platform upsell, readership/profile metric, search-view notice, or other campaign that does not establish research relevance.",No
"""Academia.edu"" premium@academia-mail.com",12 hours left. Our biggest discount EVER. 60% off Academia Premium.,2022-01-12T07:19:29+00:00,Generic academic/research,Misrepresenting/too broad — generic or off-profile label,Generic academic promotion,"Platform upsell, readership/profile metric, search-view notice, or other campaign that does not establish research relevance.",No
"""Academia.edu"" premium@academia-mail.com",Last day. Our biggest discount EVER. 60% off Academia Premium.,2022-01-07T04:57:36+00:00,Generic academic/research,Misrepresenting/too broad — generic or off-profile label,Generic academic promotion,"Platform upsell, readership/profile metric, search-view notice, or other campaign that does not establish research relevance.",No
"""Academia.edu"" premium@academia-mail.com",2 days left. Our biggest discount EVER. 60% off Academia Premium.,2022-01-03T03:39:17+00:00,Generic academic/research,Misrepresenting/too broad — generic or off-profile label,Generic academic promotion,"Platform upsell, readership/profile metric, search-view notice, or other campaign that does not establish research relevance.",No
"""Academia.edu"" premium@academia-mail.com",A New Showcase for Your Research,2021-12-31T07:14:55+00:00,Generic academic/research,Misrepresenting/too broad — generic or off-profile label,Generic academic promotion,"Platform upsell, readership/profile metric, search-view notice, or other campaign that does not establish research relevance.",No
Dacon Service dacon@dacon.io,[광고] 데이콘 서포터즈 '데이크루(DACrew)' 1기 모집!!,2021-12-21T06:05:33+00:00,Generic AI/ML/computing,Misrepresenting/too broad — generic or off-profile label,Generic academic promotion,"Course, competition, or scholarship marketing; potentially skill-related when current, but not evidence of the research profile.",No
Udacity support@udacity.com,Get job-ready digital talent with your personalized discount.,2021-12-20T18:36:16+00:00,General education or professional development,Misrepresenting/too broad — generic or off-profile label,Generic academic promotion,"Course, competition, or scholarship marketing; potentially skill-related when current, but not evidence of the research profile.",No
Udacity support@udacity.com,"Explore our latest program launches, scholarship opportunities, free courses, and more!",2021-12-17T20:56:47+00:00,Generic AI/ML/computing,Misrepresenting/too broad — generic or off-profile label,Generic academic promotion,"Course, competition, or scholarship marketing; potentially skill-related when current, but not evidence of the research profile.",No
Udacity support@udacity.com,"Claim your personalized discount now, 훈민!",2021-12-13T17:26:39+00:00,General education or professional development,Misrepresenting/too broad — generic or off-profile label,Generic academic promotion,"Course, competition, or scholarship marketing; potentially skill-related when current, but not evidence of the research profile.",No
"""U.S. News Education"" education@messaging.usnews.com",Finish setting up your account to get started,2021-12-11T18:09:02+00:00,General education or professional development,Misrepresenting/too broad — generic or off-profile label,Generic academic promotion,Generic education or admissions promotion that is outdated or mismatched to the current PhD/research-career stage.,No
"""Academia.edu"" premium@academia-mail.com",6 humanities and social science grants and fellowships have upcoming deadlines,2021-12-03T05:40:34+00:00,Generic academic/research,Misrepresenting/too broad — generic or off-profile label,Generic academic promotion,"Platform upsell, readership/profile metric, search-view notice, or other campaign that does not establish research relevance.",No
Udacity support@udacity.com,"Extended: our buy 1, gift 1 offer",2021-11-30T19:25:47+00:00,General education or professional development,Misrepresenting/too broad — generic or off-profile label,Generic academic promotion,"Course, competition, or scholarship marketing; potentially skill-related when current, but not evidence of the research profile.",No
Udacity support@udacity.com,"Get our buy 1, gift 1 offer before it’s too late",2021-11-26T16:40:41+00:00,General education or professional development,Misrepresenting/too broad — generic or off-profile label,Generic academic promotion,"Course, competition, or scholarship marketing; potentially skill-related when current, but not evidence of the research profile.",No
Udacity support@udacity.com,"Buy 1, gift 1 Nanodegree programs offer",2021-11-23T21:59:28+00:00,General education or professional development,Misrepresenting/too broad — generic or off-profile label,Generic academic promotion,"Course, competition, or scholarship marketing; potentially skill-related when current, but not evidence of the research profile.",No
Udacity Scholarships Team support@udacity.com,Bertelsmann Technology Scholarship Program: Applications close on November 30!,2021-11-12T03:18:39+00:00,Generic AI/ML/computing,Misrepresenting/too broad — generic or off-profile label,Generic academic promotion,"Course, competition, or scholarship marketing; potentially skill-related when current, but not evidence of the research profile.",No
Dacon Service dacon@dacon.io,(광고)[데이콘] 주식 종료 가격 예측 경진대회 오픈!!,2021-11-11T02:16:00+00:00,General education or professional development,Misrepresenting/too broad — generic or off-profile label,Generic academic promotion,"Course, competition, or scholarship marketing; potentially skill-related when current, but not evidence of the research profile.",No
Udacity support@udacity.com,"Explore our latest program launches, scholarship opportunities, and more!",2021-11-05T20:00:41+00:00,Generic AI/ML/computing,Misrepresenting/too broad — generic or off-profile label,Generic academic promotion,"Course, competition, or scholarship marketing; potentially skill-related when current, but not evidence of the research profile.",No
Udacity Scholarships Team support@udacity.com,Bertelsmann Technology Scholarship Program: Applications close on November 30!,2021-11-04T18:08:05+00:00,Generic AI/ML/computing,Misrepresenting/too broad — generic or off-profile label,Generic academic promotion,"Course, competition, or scholarship marketing; potentially skill-related when current, but not evidence of the research profile.",No
Udacity support@udacity.com,You qualify for a personal discount,2021-10-18T20:53:19+00:00,General education or professional development,Misrepresenting/too broad — generic or off-profile label,Generic academic promotion,"Course, competition, or scholarship marketing; potentially skill-related when current, but not evidence of the research profile.",No
Udacity support@udacity.com,You qualify for a personal discount,2021-10-11T17:17:17+00:00,General education or professional development,Misrepresenting/too broad — generic or off-profile label,Generic academic promotion,"Course, competition, or scholarship marketing; potentially skill-related when current, but not evidence of the research profile.",No
Dacon Service dacon@dacon.io,(광고)[데이콘] 2021 AI Test-Bed Korea 산업지능화 경진대회/KOGAS 빅데이터・인공지능 스타트업 경진대회,2021-10-07T01:09:27+00:00,Generic AI/ML/computing,Misrepresenting/too broad — generic or off-profile label,Generic academic promotion,"Course, competition, or scholarship marketing; potentially skill-related when current, but not evidence of the research profile.",No
Dacon Service dacon@dacon.io,(광고)[데이콘] 컴퓨터 비전 AI 경진대회 오픈!!,2021-10-01T06:01:52+00:00,Generic AI/ML/computing,Misrepresenting/too broad — generic or off-profile label,Generic academic promotion,"Course, competition, or scholarship marketing; potentially skill-related when current, but not evidence of the research profile.",No
"""Academia.edu"" premium@academia-mail.com",Last chance. Our biggest discount EVER. 60% off Academia Premium.,2021-09-27T06:51:12+00:00,Generic academic/research,Misrepresenting/too broad — generic or off-profile label,Generic academic promotion,"Platform upsell, readership/profile metric, search-view notice, or other campaign that does not establish research relevance.",No
"""Academia.edu"" premium@academia-mail.com",12 hours left. Our biggest discount EVER. 60% off Academia Premium.,2021-09-23T06:48:47+00:00,Generic academic/research,Misrepresenting/too broad — generic or off-profile label,Generic academic promotion,"Platform upsell, readership/profile metric, search-view notice, or other campaign that does not establish research relevance.",No
Udacity support@udacity.com,Last chance to register for the conference!,2021-09-20T18:08:20+00:00,General education or professional development,Misrepresenting/too broad — generic or off-profile label,Generic academic promotion,"Course, competition, or scholarship marketing; potentially skill-related when current, but not evidence of the research profile.",No
"""Academia.edu"" premium@academia-mail.com",Our biggest discount EVER. 60% off Academia Premium.,2021-09-12T09:50:59+00:00,Generic academic/research,Misrepresenting/too broad — generic or off-profile label,Generic academic promotion,"Platform upsell, readership/profile metric, search-view notice, or other campaign that does not establish research relevance.",No
"""Academia.edu"" premium@academia-mail.com",27 humanities and social science grants and fellowships have upcoming deadlines,2021-09-03T08:27:58+00:00,Generic academic/research,Misrepresenting/too broad — generic or off-profile label,Generic academic promotion,"Platform upsell, readership/profile metric, search-view notice, or other campaign that does not establish research relevance.",No
Dacon Service dacon@dacon.io,(광고)[데이콘] 2021 농산물 가격예측 AI 경진대회 오픈!!,2021-08-30T05:17:32+00:00,Generic AI/ML/computing,Misrepresenting/too broad — generic or off-profile label,Generic academic promotion,"Course, competition, or scholarship marketing; potentially skill-related when current, but not evidence of the research profile.",No
Dacon Service dacon@dacon.io,[데이콘] HAICon2021 이벤트 안내,2021-08-27T09:27:31+00:00,Generic AI/ML/computing,Misrepresenting/too broad — generic or off-profile label,Generic academic promotion,"Course, competition, or scholarship marketing; potentially skill-related when current, but not evidence of the research profile.",No
Coursera Coursera@email.coursera.org,이번 주 Coursera 트렌드,2021-08-09T22:47:15-06:00,Generic AI/ML/computing,Misrepresenting/too broad — generic or off-profile label,Generic academic promotion,"Course, competition, or scholarship marketing; potentially skill-related when current, but not evidence of the research profile.",No
Udacity support@udacity.com,50% savings ends in 1 day! Use your discount now.,2021-08-02T19:47:06+00:00,Generic AI/ML/computing,Misrepresenting/too broad — generic or off-profile label,Generic academic promotion,"Course, competition, or scholarship marketing; potentially skill-related when current, but not evidence of the research profile.",No
Coursera Coursera@email.coursera.org,이번 주 Coursera 트렌드,2021-07-26T15:38:09-06:00,Generic AI/ML/computing,Misrepresenting/too broad — generic or off-profile label,Generic academic promotion,"Course, competition, or scholarship marketing; potentially skill-related when current, but not evidence of the research profile.",No
Coursera Coursera@email.coursera.org,이번 주 Coursera 트렌드,2021-07-20T19:00:33-06:00,Generic AI/ML/computing,Misrepresenting/too broad — generic or off-profile label,Generic academic promotion,"Course, competition, or scholarship marketing; potentially skill-related when current, but not evidence of the research profile.",No
Dacon Service dacon@dacon.io,(광고) [데이콘] 뉴스 토픽 분류 AI 경진대회 오픈,2021-07-05T01:01:11+00:00,Generic AI/ML/computing,Misrepresenting/too broad — generic or off-profile label,Generic academic promotion,"Course, competition, or scholarship marketing; potentially skill-related when current, but not evidence of the research profile.",No
Udacity support@udacity.com,"훈민, advance your tech career!",2021-07-01T19:34:00+00:00,General education or professional development,Misrepresenting/too broad — generic or off-profile label,Generic academic promotion,"Course, competition, or scholarship marketing; potentially skill-related when current, but not evidence of the research profile.",No
Udacity support@udacity.com,"Discover the fastest, most effective way to gain job-ready tech expertise.",2021-07-01T17:42:27+00:00,Generic AI/ML/computing,Misrepresenting/too broad — generic or off-profile label,Generic academic promotion,"Course, competition, or scholarship marketing; potentially skill-related when current, but not evidence of the research profile.",No
Udacity support@udacity.com,AWS Scholarship application window extended!,2021-06-30T18:24:12+00:00,General education or professional development,Misrepresenting/too broad — generic or off-profile label,Generic academic promotion,"Course, competition, or scholarship marketing; potentially skill-related when current, but not evidence of the research profile.",No
"""Academia.edu"" premium@academia-mail.com",A Modern Showcase for Your Research,2021-06-29T09:41:06+00:00,Generic academic/research,Misrepresenting/too broad — generic or off-profile label,Generic academic promotion,"Platform upsell, readership/profile metric, search-view notice, or other campaign that does not establish research relevance.",No
Coursera no-reply@m.mail.coursera.org,Thinking about a career in data science?,2021-06-29T07:57:37+00:00,Generic AI/ML/computing,Misrepresenting/too broad — generic or off-profile label,Generic academic promotion,"Course, competition, or scholarship marketing; potentially skill-related when current, but not evidence of the research profile.",No
Udacity support@udacity.com,New deadline for the AWS Scholarship program!,2021-06-27T20:09:58+00:00,General education or professional development,Misrepresenting/too broad — generic or off-profile label,Generic academic promotion,"Course, competition, or scholarship marketing; potentially skill-related when current, but not evidence of the research profile.",No
Udacity support@udacity.com,Financial support now available for online tech courses,2021-06-21T16:30:19+00:00,General education or professional development,Misrepresenting/too broad — generic or off-profile label,Generic academic promotion,"Course, competition, or scholarship marketing; potentially skill-related when current, but not evidence of the research profile.",No
Udacity support@udacity.com,Last chance to apply for the AWS Machine Learning Scholarship Program!,2021-06-20T08:30:55+00:00,Generic AI/ML/computing,Misrepresenting/too broad — generic or off-profile label,Generic academic promotion,"Course, competition, or scholarship marketing; potentially skill-related when current, but not evidence of the research profile.",No
Udacity support@udacity.com,Last chance to submit your application for the AWS Machine Learning Scholarship Program!,2021-06-17T02:46:08+00:00,Generic AI/ML/computing,Misrepresenting/too broad — generic or off-profile label,Generic academic promotion,"Course, competition, or scholarship marketing; potentially skill-related when current, but not evidence of the research profile.",No
Coursera no-reply@m.mail.coursera.org,Start next month! Earn your certificate from the University of Michigan—no application required,2021-06-14T19:42:22+00:00,Generic academic/research,Misrepresenting/too broad — generic or off-profile label,Generic academic promotion,"Course, competition, or scholarship marketing; potentially skill-related when current, but not evidence of the research profile.",No
Udacity support@udacity.com,Free online courses available!,2021-06-13T23:12:07+00:00,General education or professional development,Misrepresenting/too broad — generic or off-profile label,Generic academic promotion,"Course, competition, or scholarship marketing; potentially skill-related when current, but not evidence of the research profile.",No
Udacity support@udacity.com,Let us know what you want to hear about,2021-06-11T21:40:38+00:00,General education or professional development,Misrepresenting/too broad — generic or off-profile label,Generic academic promotion,"Course, competition, or scholarship marketing; potentially skill-related when current, but not evidence of the research profile.",No
Udacity support@udacity.com,73% of Udacity grads reported a favorable career outcome,2021-06-08T22:32:22+00:00,General education or professional development,Misrepresenting/too broad — generic or off-profile label,Generic academic promotion,"Course, competition, or scholarship marketing; potentially skill-related when current, but not evidence of the research profile.",No
Udacity support@udacity.com,Get hands-on experience and build job-ready skills tech companies want,2021-06-07T22:20:42+00:00,General education or professional development,Misrepresenting/too broad — generic or off-profile label,Generic academic promotion,"Course, competition, or scholarship marketing; potentially skill-related when current, but not evidence of the research profile.",No
"""Academia.edu"" premium@academia-mail.com",26 humanities and social science grants and fellowships have upcoming deadlines,2021-06-03T07:59:39+00:00,Generic academic/research,Misrepresenting/too broad — generic or off-profile label,Generic academic promotion,"Platform upsell, readership/profile metric, search-view notice, or other campaign that does not establish research relevance.",No
"""Academia.edu"" premium@academia-mail.com","12 hours left! 훈민 이, 50% off your make-life-easier superpower",2021-06-01T07:20:51+00:00,Generic academic/research,Misrepresenting/too broad — generic or off-profile label,Generic academic promotion,"Platform upsell, readership/profile metric, search-view notice, or other campaign that does not establish research relevance.",No
"""Academia.edu"" premium@academia-mail.com","2 days left! 훈민 이, 50% off your make-life-easier superpower",2021-05-21T06:15:15+00:00,Generic academic/research,Misrepresenting/too broad — generic or off-profile label,Generic academic promotion,"Platform upsell, readership/profile metric, search-view notice, or other campaign that does not establish research relevance.",No
Dacon Service bangky@dacon.io,[데이콘스쿨] 온라인으로 AI를 공부할 열정 있는 튜티를 모집합니다!,2021-04-20T02:36:17+00:00,Generic AI/ML/computing,Misrepresenting/too broad — generic or off-profile label,Generic academic promotion,"Course, competition, or scholarship marketing; potentially skill-related when current, but not evidence of the research profile.",No
Dacon Service dacon@dacon.io,(광고) [영상보고 데이콘 참여] 신용카드 사용자 연체 예측 AI 경진대회 오픈!!,2021-04-05T03:33:35+00:00,Generic AI/ML/computing,Misrepresenting/too broad — generic or off-profile label,Generic academic promotion,"Course, competition, or scholarship marketing; potentially skill-related when current, but not evidence of the research profile.",No
"""Academia.edu"" premium@academia-mail.com",A Stunning Showcase for Your Research,2021-03-29T09:10:54+00:00,Generic academic/research,Misrepresenting/too broad — generic or off-profile label,Generic academic promotion,"Platform upsell, readership/profile metric, search-view notice, or other campaign that does not establish research relevance.",No
"""Academia.edu"" premium@academia-mail.com",435 humanities and social science grants and fellowships have upcoming deadlines,2021-02-28T05:11:58+00:00,Generic academic/research,Misrepresenting/too broad — generic or off-profile label,Generic academic promotion,"Platform upsell, readership/profile metric, search-view notice, or other campaign that does not establish research relevance.",No
"""Academia.edu"" premium@academia-mail.com",2-Day New Year Sale - 50% Off Academia Premium,2021-01-25T08:30:00+00:00,Generic academic/research,Misrepresenting/too broad — generic or off-profile label,Generic academic promotion,"Platform upsell, readership/profile metric, search-view notice, or other campaign that does not establish research relevance.",No
"""Academia.edu"" premium@academia-mail.com",2-Day New Year Sale - 50% Off Academia Premium,2021-01-21T08:09:18+00:00,Generic academic/research,Misrepresenting/too broad — generic or off-profile label,Generic academic promotion,"Platform upsell, readership/profile metric, search-view notice, or other campaign that does not establish research relevance.",No
"""Academia.edu"" premium@academia-mail.com",2-Day New Year Sale - 50% Off Academia Premium,2021-01-16T07:22:52+00:00,Generic academic/research,Misrepresenting/too broad — generic or off-profile label,Generic academic promotion,"Platform upsell, readership/profile metric, search-view notice, or other campaign that does not establish research relevance.",No
"""Academia.edu"" premium@academia-mail.com",Upload a Video to Academia.edu,2021-01-13T08:15:40+00:00,Generic academic/research,Misrepresenting/too broad — generic or off-profile label,Generic academic promotion,"Platform upsell, readership/profile metric, search-view notice, or other campaign that does not establish research relevance.",No
"""Academia.edu"" premium@academia-mail.com",48 hours only: Get 50% off Academia Premium,2021-01-13T07:09:35+00:00,Generic AI/ML/computing,Misrepresenting/too broad — generic or off-profile label,Generic academic promotion,"Platform upsell, readership/profile metric, search-view notice, or other campaign that does not establish research relevance.",No
"""Academia.edu"" premium@academia-mail.com",2-Day New Year Sale - 50% Off Academia Premium,2021-01-12T20:35:59+00:00,Generic academic/research,Misrepresenting/too broad — generic or off-profile label,Generic academic promotion,"Platform upsell, readership/profile metric, search-view notice, or other campaign that does not establish research relevance.",No
"""Academia.edu"" premium@academia-mail.com","훈민, just one final step",2021-01-12T19:09:55+00:00,Generic academic/research,Misrepresenting/too broad — generic or off-profile label,Generic academic promotion,"Platform upsell, readership/profile metric, search-view notice, or other campaign that does not establish research relevance.",No
Dacon Service dacon@dacon.io,[LG X 데이콘] 시스템 품질 변화로 인한 사용자 불편 예지 AI 경진대회 명세 오픈!!,2021-01-06T01:50:38+00:00,Generic AI/ML/computing,Misrepresenting/too broad — generic or off-profile label,Generic academic promotion,"Course, competition, or scholarship marketing; potentially skill-related when current, but not evidence of the research profile.",No
"""Academia.edu"" premium@academia-mail.com",A Stunning Showcase for Your Research,2020-12-28T08:19:24+00:00,Generic academic/research,Misrepresenting/too broad — generic or off-profile label,Generic academic promotion,"Platform upsell, readership/profile metric, search-view notice, or other campaign that does not establish research relevance.",No
"""Academia.edu"" premium@academia-mail.com",953 humanities and social science grants and fellowships have upcoming deadlines,2020-11-29T07:27:41+00:00,Generic academic/research,Misrepresenting/too broad — generic or off-profile label,Generic academic promotion,"Platform upsell, readership/profile metric, search-view notice, or other campaign that does not establish research relevance.",No
"""Academia.edu"" premium@academia-mail.com","Bulk Download 5 books in ""Cryptography""",2020-11-25T03:07:53+00:00,Graph machine learning,Secondary — Graph/interpretable biomedical ML,Generic academic promotion,"Platform upsell, readership/profile metric, search-view notice, or other campaign that does not establish research relevance.",No
"""Academia.edu"" premium@academia-mail.com","Supercharge your research with 37 papers related to ""Concepts Of Programming Languages 11th Edition by Robert W. Sebesta""",2020-11-15T03:59:59+00:00,Generic academic/research,Misrepresenting/too broad — generic or off-profile label,Generic academic promotion,"Platform upsell, readership/profile metric, search-view notice, or other campaign that does not establish research relevance.",No
"""Academia.edu"" premium@academia-mail.com","Bulk Download 5 books in ""Cryptography""",2020-11-09T05:00:40+00:00,Graph machine learning,Secondary — Graph/interpretable biomedical ML,Generic academic promotion,"Platform upsell, readership/profile metric, search-view notice, or other campaign that does not establish research relevance.",No
"""Academia.edu"" premium@academia-mail.com",You would have saved 36 minutes with Summaries,2020-11-03T05:41:11+00:00,Generic academic/research,Misrepresenting/too broad — generic or off-profile label,Generic academic promotion,"Platform upsell, readership/profile metric, search-view notice, or other campaign that does not establish research relevance.",No
"""Academia.edu"" premium@academia-mail.com","Supercharge your research with 37 papers related to ""Concepts Of Programming Languages 11th Edition by Robert W. Sebesta""",2020-10-30T04:40:50+00:00,Generic academic/research,Misrepresenting/too broad — generic or off-profile label,Generic academic promotion,"Platform upsell, readership/profile metric, search-view notice, or other campaign that does not establish research relevance.",No
"""Academia.edu"" premium@academia-mail.com","Bulk Download 5 books in ""Cryptography""",2020-10-24T07:01:48+00:00,Graph machine learning,Secondary — Graph/interpretable biomedical ML,Generic academic promotion,"Platform upsell, readership/profile metric, search-view notice, or other campaign that does not establish research relevance.",No
"""Academia.edu"" premium@academia-mail.com","Bulk Download 5 books in ""Cryptography""",2020-10-02T08:31:36+00:00,Graph machine learning,Secondary — Graph/interpretable biomedical ML,Generic academic promotion,"Platform upsell, readership/profile metric, search-view notice, or other campaign that does not establish research relevance.",No
"""Academia.edu"" premium@academia-mail.com",Your Personal Website Is Waiting,2020-09-27T07:53:32+00:00,Generic academic/research,Misrepresenting/too broad — generic or off-profile label,Generic academic promotion,"Platform upsell, readership/profile metric, search-view notice, or other campaign that does not establish research relevance.",No
"""Academia.edu"" premium@academia-mail.com","Last Chance, Get 50% Off Premium",2020-09-20T08:51:03+00:00,Generic academic/research,Misrepresenting/too broad — generic or off-profile label,Generic academic promotion,"Platform upsell, readership/profile metric, search-view notice, or other campaign that does not establish research relevance.",No
"""Academia.edu"" premium@academia-mail.com","Supercharge your research with 37 papers related to ""Concepts Of Programming Languages 11th Edition by Robert W. Sebesta""",2020-09-08T07:51:23+00:00,Generic academic/research,Misrepresenting/too broad — generic or off-profile label,Generic academic promotion,"Platform upsell, readership/profile metric, search-view notice, or other campaign that does not establish research relevance.",No
"""Academia.edu"" premium@academia-mail.com","Final Day, Get 50% Off Premium",2020-09-07T03:05:33+00:00,Generic academic/research,Misrepresenting/too broad — generic or off-profile label,Generic academic promotion,"Platform upsell, readership/profile metric, search-view notice, or other campaign that does not establish research relevance.",No
"""Academia.edu"" premium@academia-mail.com","2 Days Only, Get 50% Off Premium",2020-09-02T04:41:13+00:00,Generic academic/research,Misrepresenting/too broad — generic or off-profile label,Generic academic promotion,"Platform upsell, readership/profile metric, search-view notice, or other campaign that does not establish research relevance.",No
"""Academia.edu"" premium@academia-mail.com",759 humanities and social science grants and fellowships have upcoming deadlines,2020-08-29T09:45:10+00:00,Generic academic/research,Misrepresenting/too broad — generic or off-profile label,Generic academic promotion,"Platform upsell, readership/profile metric, search-view notice, or other campaign that does not establish research relevance.",No
"""Academia.edu"" premium@academia-mail.com","Bulk Download 5 books in ""Cryptography""",2020-08-25T03:51:13+00:00,Graph machine learning,Secondary — Graph/interpretable biomedical ML,Generic academic promotion,"Platform upsell, readership/profile metric, search-view notice, or other campaign that does not establish research relevance.",No
"""Academia.edu"" premium@academia-mail.com","Bulk Download 9 books in ""Books""",2020-08-20T13:05:36+00:00,Generic academic/research,Misrepresenting/too broad — generic or off-profile label,Generic academic promotion,"Platform upsell, readership/profile metric, search-view notice, or other campaign that does not establish research relevance.",No
